split,generator,synthetic_file,source,classifier,size_multiplier,n_train_rows,n_synthetic_available,pcd,js,ws,accuracy,auc,sensitivity,specificity,precision,f1,brier
0,REAL,real_train,real_baseline,lr,1.0,614,614,nan,nan,nan,0.7402597402597403,0.7877777777777778,0.6111111111111112,0.81,0.6346153846153846,0.6226415094339622,0.18014235176091703
0,REAL,real_train,real_baseline,xgb,1.0,614,614,nan,nan,nan,0.7077922077922078,0.8012962962962963,0.7222222222222222,0.7,0.5652173913043478,0.6341463414634146,0.17959755659103394
0,TVAE,0.csv,synthetic,lr,1.0,614,12690,1.6152861923217192,0.359175054903409,0.0874992567564141,0.7012987012987013,0.8088888888888889,0.7962962962962963,0.65,0.5512820512820513,0.6515151515151515,0.2137567915095945
0,TVAE,0.csv,synthetic,xgb,1.0,614,12690,1.6152861923217192,0.359175054903409,0.0874992567564141,0.6623376623376623,0.7692592592592592,0.8888888888888888,0.54,0.5106382978723404,0.6486486486486487,0.26244106888771057
0,TVAE,0.csv,synthetic,lr,2.0,1228,12690,1.6152861923217192,0.359175054903409,0.0874992567564141,0.7142857142857143,0.8122222222222222,0.8518518518518519,0.64,0.5609756097560976,0.6764705882352942,0.2150539162784248
0,TVAE,0.csv,synthetic,xgb,2.0,1228,12690,1.6152861923217192,0.359175054903409,0.0874992567564141,0.6623376623376623,0.7922222222222223,0.8518518518518519,0.56,0.5111111111111111,0.6388888888888888,0.25095537304878235
0,TVAE,0.csv,synthetic,lr,3.0,1842,12690,1.6152861923217192,0.359175054903409,0.0874992567564141,0.7207792207792207,0.8074074074074074,0.8888888888888888,0.63,0.5647058823529412,0.6906474820143885,0.2283464315275706
0,TVAE,0.csv,synthetic,xgb,3.0,1842,12690,1.6152861923217192,0.359175054903409,0.0874992567564141,0.6298701298701299,0.7757407407407407,0.8888888888888888,0.49,0.48484848484848486,0.6274509803921569,0.2738679051399231
0,TVAE,1.csv,synthetic,lr,1.0,614,12690,1.0974656042209747,0.3583658384808543,0.0857411215218868,0.7012987012987013,0.7992592592592592,0.7222222222222222,0.69,0.5571428571428572,0.6290322580645161,0.2041128634999921
0,TVAE,1.csv,synthetic,xgb,1.0,614,12690,1.0974656042209747,0.3583658384808543,0.0857411215218868,0.7142857142857143,0.8098148148148149,0.7777777777777778,0.68,0.5675675675675675,0.65625,0.1972506195306778
0,TVAE,1.csv,synthetic,lr,2.0,1228,12690,1.0974656042209747,0.3583658384808543,0.0857411215218868,0.7077922077922078,0.7805555555555556,0.7222222222222222,0.7,0.5652173913043478,0.6341463414634146,0.2142665100527163
0,TVAE,1.csv,synthetic,xgb,2.0,1228,12690,1.0974656042209747,0.3583658384808543,0.0857411215218868,0.6818181818181818,0.7833333333333333,0.7037037037037037,0.67,0.5352112676056338,0.608,0.2018360048532486
0,TVAE,1.csv,synthetic,lr,3.0,1842,12690,1.0974656042209747,0.3583658384808543,0.0857411215218868,0.7012987012987013,0.7848148148148147,0.7222222222222222,0.69,0.5571428571428572,0.6290322580645161,0.21019864248428194
0,TVAE,1.csv,synthetic,xgb,3.0,1842,12690,1.0974656042209747,0.3583658384808543,0.0857411215218868,0.7012987012987013,0.7748148148148148,0.8148148148148148,0.64,0.55,0.6567164179104478,0.20831497013568878
0,TVAE,2.csv,synthetic,lr,1.0,614,12690,1.2898526483725152,0.3662241617810833,0.0937205983087205,0.6883116883116883,0.8068518518518518,0.9259259259259259,0.56,0.5319148936170213,0.6756756756756757,0.2458472447558425
0,TVAE,2.csv,synthetic,xgb,1.0,614,12690,1.2898526483725152,0.3662241617810833,0.0937205983087205,0.5909090909090909,0.7355555555555555,0.9074074074074074,0.42,0.45794392523364486,0.6086956521739131,0.33853965997695923
0,TVAE,2.csv,synthetic,lr,2.0,1228,12690,1.2898526483725152,0.3662241617810833,0.0937205983087205,0.6753246753246753,0.8062962962962962,0.9074074074074074,0.55,0.5212765957446809,0.6621621621621622,0.2512193534059382
0,TVAE,2.csv,synthetic,xgb,2.0,1228,12690,1.2898526483725152,0.3662241617810833,0.0937205983087205,0.6168831168831169,0.7848148148148147,0.9074074074074074,0.46,0.47572815533980584,0.6242038216560509,0.3127404749393463
0,TVAE,2.csv,synthetic,lr,3.0,1842,12690,1.2898526483725152,0.3662241617810833,0.0937205983087205,0.6688311688311688,0.8094444444444445,0.9074074074074074,0.54,0.5157894736842106,0.6577181208053692,0.25027111136700037
0,TVAE,2.csv,synthetic,xgb,3.0,1842,12690,1.2898526483725152,0.3662241617810833,0.0937205983087205,0.5974025974025974,0.7518518518518518,0.9259259259259259,0.42,0.46296296296296297,0.6172839506172839,0.3125836253166199
0,TVAE,3.csv,synthetic,lr,1.0,614,12690,1.7051018118878671,0.361087466577094,0.0991594809115033,0.7077922077922078,0.7937037037037038,0.7962962962962963,0.66,0.5584415584415584,0.6564885496183206,0.22348160001095155
0,TVAE,3.csv,synthetic,xgb,1.0,614,12690,1.7051018118878671,0.361087466577094,0.0991594809115033,0.6883116883116883,0.7849999999999999,0.7962962962962963,0.63,0.5375,0.6417910447761194,0.22268202900886536
0,TVAE,3.csv,synthetic,lr,2.0,1228,12690,1.7051018118878671,0.361087466577094,0.0991594809115033,0.7142857142857143,0.8003703703703704,0.7222222222222222,0.71,0.5735294117647058,0.639344262295082,0.20343051192244985
0,TVAE,3.csv,synthetic,xgb,2.0,1228,12690,1.7051018118878671,0.361087466577094,0.0991594809115033,0.6753246753246753,0.7792592592592592,0.6851851851851852,0.67,0.5285714285714286,0.5967741935483871,0.2147398144006729
0,TVAE,3.csv,synthetic,lr,3.0,1842,12690,1.7051018118878671,0.361087466577094,0.0991594809115033,0.6948051948051948,0.7938888888888889,0.7222222222222222,0.68,0.5492957746478874,0.624,0.20733093234956926
0,TVAE,3.csv,synthetic,xgb,3.0,1842,12690,1.7051018118878671,0.361087466577094,0.0991594809115033,0.6883116883116883,0.7975925925925925,0.7592592592592593,0.65,0.5394736842105263,0.6307692307692307,0.19784754514694214
0,TVAE,4.csv,synthetic,lr,1.0,614,42300,1.3248936144998498,0.3625072045449953,0.09883064121348,0.7012987012987013,0.7875925925925926,0.7407407407407407,0.68,0.5555555555555556,0.6349206349206349,0.22107440637154632
0,TVAE,4.csv,synthetic,xgb,1.0,614,42300,1.3248936144998498,0.3625072045449953,0.09883064121348,0.7077922077922078,0.7864814814814814,0.6851851851851852,0.72,0.5692307692307692,0.6218487394957983,0.21609754860401154
0,TVAE,4.csv,synthetic,lr,2.0,1228,42300,1.3248936144998498,0.3625072045449953,0.09883064121348,0.7012987012987013,0.7953703703703703,0.7222222222222222,0.69,0.5571428571428572,0.6290322580645161,0.21604429913521622
0,TVAE,4.csv,synthetic,xgb,2.0,1228,42300,1.3248936144998498,0.3625072045449953,0.09883064121348,0.6688311688311688,0.8022222222222222,0.7407407407407407,0.63,0.5194805194805194,0.6106870229007634,0.2220487892627716
0,TVAE,4.csv,synthetic,lr,3.0,1842,42300,1.3248936144998498,0.3625072045449953,0.09883064121348,0.6883116883116883,0.7909259259259259,0.7037037037037037,0.68,0.5428571428571428,0.6129032258064516,0.21494126598198143
0,TVAE,4.csv,synthetic,xgb,3.0,1842,42300,1.3248936144998498,0.3625072045449953,0.09883064121348,0.7142857142857143,0.7964814814814815,0.7407407407407407,0.7,0.5714285714285714,0.6451612903225806,0.21224604547023773
0,TVAE,5.csv,synthetic,lr,1.0,614,42300,1.2404853858720437,0.3696875117545399,0.090077589921513,0.6948051948051948,0.7814814814814814,0.7592592592592593,0.66,0.5466666666666666,0.6356589147286822,0.2325440753403216
0,TVAE,5.csv,synthetic,xgb,1.0,614,42300,1.2404853858720437,0.3696875117545399,0.090077589921513,0.7012987012987013,0.7798148148148147,0.7777777777777778,0.66,0.5526315789473685,0.6461538461538462,0.23667709529399872
0,TVAE,5.csv,synthetic,lr,2.0,1228,42300,1.2404853858720437,0.3696875117545399,0.090077589921513,0.6818181818181818,0.8014814814814815,0.7592592592592593,0.64,0.5324675324675324,0.6259541984732825,0.22378727375429566
0,TVAE,5.csv,synthetic,xgb,2.0,1228,42300,1.2404853858720437,0.3696875117545399,0.090077589921513,0.6883116883116883,0.7957407407407407,0.7407407407407407,0.66,0.5405405405405406,0.625,0.2315530627965927
0,TVAE,5.csv,synthetic,lr,3.0,1842,42300,1.2404853858720437,0.3696875117545399,0.090077589921513,0.6948051948051948,0.7940740740740742,0.7222222222222222,0.68,0.5492957746478874,0.624,0.2125583007427648
0,TVAE,5.csv,synthetic,xgb,3.0,1842,42300,1.2404853858720437,0.3696875117545399,0.090077589921513,0.6818181818181818,0.7787037037037037,0.7592592592592593,0.64,0.5324675324675324,0.6259541984732825,0.2331116944551468
0,TVAE,6.csv,synthetic,lr,1.0,614,42300,1.0889184507336964,0.3560828791733034,0.0819972499268754,0.7142857142857143,0.8029629629629629,0.7222222222222222,0.71,0.5735294117647058,0.639344262295082,0.20213175811535267
0,TVAE,6.csv,synthetic,xgb,1.0,614,42300,1.0889184507336964,0.3560828791733034,0.0819972499268754,0.6623376623376623,0.7744444444444445,0.8148148148148148,0.58,0.5116279069767442,0.6285714285714286,0.26180627942085266
0,TVAE,6.csv,synthetic,lr,2.0,1228,42300,1.0889184507336964,0.3560828791733034,0.0819972499268754,0.7142857142857143,0.8061111111111111,0.7222222222222222,0.71,0.5735294117647058,0.639344262295082,0.20119546228791266
0,TVAE,6.csv,synthetic,xgb,2.0,1228,42300,1.0889184507336964,0.3560828791733034,0.0819972499268754,0.6883116883116883,0.8066666666666666,0.7222222222222222,0.67,0.5416666666666666,0.6190476190476191,0.21546703577041626
0,TVAE,6.csv,synthetic,lr,3.0,1842,42300,1.0889184507336964,0.3560828791733034,0.0819972499268754,0.7012987012987013,0.794074074074074,0.7592592592592593,0.67,0.5540540540540541,0.640625,0.21470960878337386
0,TVAE,6.csv,synthetic,xgb,3.0,1842,42300,1.0889184507336964,0.3560828791733034,0.0819972499268754,0.7142857142857143,0.8177777777777777,0.7962962962962963,0.67,0.5657894736842105,0.6615384615384615,0.20430445671081543
0,TVAE,7.csv,synthetic,lr,1.0,614,42300,1.318362008153641,0.3560284374096236,0.0891670136590775,0.7012987012987013,0.7975925925925925,0.6666666666666666,0.72,0.5625,0.6101694915254238,0.20346778318534037
0,TVAE,7.csv,synthetic,xgb,1.0,614,42300,1.318362008153641,0.3560284374096236,0.0891670136590775,0.6948051948051948,0.7938888888888889,0.7592592592592593,0.66,0.5466666666666666,0.6356589147286822,0.21853405237197876
0,TVAE,7.csv,synthetic,lr,2.0,1228,42300,1.318362008153641,0.3560284374096236,0.0891670136590775,0.7012987012987013,0.8001851851851852,0.6666666666666666,0.72,0.5625,0.6101694915254238,0.20077755860793361
0,TVAE,7.csv,synthetic,xgb,2.0,1228,42300,1.318362008153641,0.3560284374096236,0.0891670136590775,0.7207792207792207,0.8055555555555556,0.7777777777777778,0.69,0.5753424657534246,0.6614173228346457,0.19966836273670197
0,TVAE,7.csv,synthetic,lr,3.0,1842,42300,1.318362008153641,0.3560284374096236,0.0891670136590775,0.7012987012987013,0.782962962962963,0.6666666666666666,0.72,0.5625,0.6101694915254238,0.20688816573435015
0,TVAE,7.csv,synthetic,xgb,3.0,1842,42300,1.318362008153641,0.3560284374096236,0.0891670136590775,0.6948051948051948,0.7855555555555556,0.7037037037037037,0.69,0.5507246376811594,0.6178861788617886,0.20540739595890045
0,TVAE,8.csv,synthetic,lr,1.0,614,42300,1.2887283505867997,0.3568664695124781,0.0693474493906201,0.6948051948051948,0.7990740740740742,0.6851851851851852,0.7,0.5522388059701493,0.6115702479338843,0.21097463731947874
0,TVAE,8.csv,synthetic,xgb,1.0,614,42300,1.2887283505867997,0.3568664695124781,0.0693474493906201,0.7142857142857143,0.7983333333333333,0.7777777777777778,0.68,0.5675675675675675,0.65625,0.216218501329422
0,TVAE,8.csv,synthetic,lr,2.0,1228,42300,1.2887283505867997,0.3568664695124781,0.0693474493906201,0.7142857142857143,0.8029629629629631,0.6851851851851852,0.73,0.578125,0.6271186440677966,0.1984510694220822
0,TVAE,8.csv,synthetic,xgb,2.0,1228,42300,1.2887283505867997,0.3568664695124781,0.0693474493906201,0.7142857142857143,0.8015740740740741,0.7037037037037037,0.72,0.5757575757575758,0.6333333333333333,0.20377418398857117
0,TVAE,8.csv,synthetic,lr,3.0,1842,42300,1.2887283505867997,0.3568664695124781,0.0693474493906201,0.7207792207792207,0.804074074074074,0.7222222222222222,0.72,0.582089552238806,0.6446280991735537,0.19986985581351982
0,TVAE,8.csv,synthetic,xgb,3.0,1842,42300,1.2887283505867997,0.3568664695124781,0.0693474493906201,0.6753246753246753,0.784074074074074,0.7407407407407407,0.64,0.5263157894736842,0.6153846153846154,0.22016988694667816
0,TVAE,9.csv,synthetic,lr,1.0,614,42300,1.1684739867990797,0.3478484317838478,0.0967772981794031,0.7077922077922078,0.7983333333333333,0.7962962962962963,0.66,0.5584415584415584,0.6564885496183206,0.21933707495840707
0,TVAE,9.csv,synthetic,xgb,1.0,614,42300,1.1684739867990797,0.3478484317838478,0.0967772981794031,0.6688311688311688,0.795,0.8703703703703703,0.56,0.5164835164835165,0.6482758620689655,0.24411273002624512
0,TVAE,9.csv,synthetic,lr,2.0,1228,42300,1.1684739867990797,0.3478484317838478,0.0967772981794031,0.6753246753246753,0.7974074074074075,0.8148148148148148,0.6,0.5238095238095238,0.6376811594202898,0.22404027717275127
0,TVAE,9.csv,synthetic,xgb,2.0,1228,42300,1.1684739867990797,0.3478484317838478,0.0967772981794031,0.7402597402597403,0.807962962962963,0.9259259259259259,0.64,0.5813953488372093,0.7142857142857143,0.2245256006717682
0,TVAE,9.csv,synthetic,lr,3.0,1842,42300,1.1684739867990797,0.3478484317838478,0.0967772981794031,0.7077922077922078,0.8066666666666666,0.7962962962962963,0.66,0.5584415584415584,0.6564885496183206,0.21911586281606002
0,TVAE,9.csv,synthetic,xgb,3.0,1842,42300,1.1684739867990797,0.3478484317838478,0.0967772981794031,0.6948051948051948,0.8057407407407408,0.8518518518518519,0.61,0.5411764705882353,0.6618705035971223,0.22955258190631866
0,TVAE,10.csv,synthetic,lr,1.0,614,42300,0.9562161746273152,0.359199163510183,0.0954283982299698,0.7272727272727273,0.8109259259259258,0.7037037037037037,0.74,0.59375,0.6440677966101694,0.1995168962932228
0,TVAE,10.csv,synthetic,xgb,1.0,614,42300,0.9562161746273152,0.359199163510183,0.0954283982299698,0.7077922077922078,0.8057407407407408,0.7407407407407407,0.69,0.5633802816901409,0.64,0.20998942852020264
0,TVAE,10.csv,synthetic,lr,2.0,1228,42300,0.9562161746273152,0.359199163510183,0.0954283982299698,0.7077922077922078,0.8172222222222223,0.7592592592592593,0.68,0.5616438356164384,0.6456692913385826,0.21016472642876816
0,TVAE,10.csv,synthetic,xgb,2.0,1228,42300,0.9562161746273152,0.359199163510183,0.0954283982299698,0.6883116883116883,0.797037037037037,0.7962962962962963,0.63,0.5375,0.6417910447761194,0.2288089096546173
0,TVAE,10.csv,synthetic,lr,3.0,1842,42300,0.9562161746273152,0.359199163510183,0.0954283982299698,0.7207792207792207,0.8159259259259259,0.7407407407407407,0.71,0.5797101449275363,0.6504065040650406,0.20751648008672083
0,TVAE,10.csv,synthetic,xgb,3.0,1842,42300,0.9562161746273152,0.359199163510183,0.0954283982299698,0.7207792207792207,0.7979629629629629,0.8148148148148148,0.67,0.5714285714285714,0.6717557251908397,0.22359523177146912
0,TVAE,11.csv,synthetic,lr,1.0,614,42300,1.246543605005139,0.3554325734574455,0.1000060858125914,0.7077922077922078,0.7931481481481482,0.8518518518518519,0.63,0.5542168674698795,0.6715328467153284,0.24058513644062043
0,TVAE,11.csv,synthetic,xgb,1.0,614,42300,1.246543605005139,0.3554325734574455,0.1000060858125914,0.6428571428571429,0.7975925925925926,0.9074074074074074,0.5,0.494949494949495,0.6405228758169934,0.2653629779815674
0,TVAE,11.csv,synthetic,lr,2.0,1228,42300,1.246543605005139,0.3554325734574455,0.1000060858125914,0.6883116883116883,0.8083333333333335,0.7222222222222222,0.67,0.5416666666666666,0.6190476190476191,0.2074357846975435
0,TVAE,11.csv,synthetic,xgb,2.0,1228,42300,1.246543605005139,0.3554325734574455,0.1000060858125914,0.6883116883116883,0.782037037037037,0.7592592592592593,0.65,0.5394736842105263,0.6307692307692307,0.22517181932926178
0,TVAE,11.csv,synthetic,lr,3.0,1842,42300,1.246543605005139,0.3554325734574455,0.1000060858125914,0.6883116883116883,0.8025925925925925,0.7777777777777778,0.64,0.5384615384615384,0.6363636363636364,0.21585205490389095
0,TVAE,11.csv,synthetic,xgb,3.0,1842,42300,1.246543605005139,0.3554325734574455,0.1000060858125914,0.6883116883116883,0.8038888888888888,0.8333333333333334,0.61,0.5357142857142857,0.6521739130434783,0.22539396584033966
0,TVAE,12.csv,synthetic,lr,1.0,614,42300,1.1463245661564267,0.3559645570399451,0.0923874711523873,0.7077922077922078,0.8,0.7592592592592593,0.68,0.5616438356164384,0.6456692913385826,0.21228929180189204
0,TVAE,12.csv,synthetic,xgb,1.0,614,42300,1.1463245661564267,0.3559645570399451,0.0923874711523873,0.7012987012987013,0.7992592592592592,0.7962962962962963,0.65,0.5512820512820513,0.6515151515151515,0.22631999850273132
0,TVAE,12.csv,synthetic,lr,2.0,1228,42300,1.1463245661564267,0.3559645570399451,0.0923874711523873,0.7012987012987013,0.7987037037037036,0.7592592592592593,0.67,0.5540540540540541,0.640625,0.21213553742260352
0,TVAE,12.csv,synthetic,xgb,2.0,1228,42300,1.1463245661564267,0.3559645570399451,0.0923874711523873,0.6688311688311688,0.7757407407407407,0.7962962962962963,0.6,0.5180722891566265,0.6277372262773723,0.24253489077091217
0,TVAE,12.csv,synthetic,lr,3.0,1842,42300,1.1463245661564267,0.3559645570399451,0.0923874711523873,0.6818181818181818,0.8005555555555555,0.7592592592592593,0.64,0.5324675324675324,0.6259541984732825,0.21908373222815125
0,TVAE,12.csv,synthetic,xgb,3.0,1842,42300,1.1463245661564267,0.3559645570399451,0.0923874711523873,0.6688311688311688,0.8055555555555556,0.7592592592592593,0.62,0.5189873417721519,0.6165413533834586,0.22313076257705688
0,TVAE,13.csv,synthetic,lr,1.0,614,42300,0.9973046085655852,0.3534116971845064,0.0869211310586004,0.6688311688311688,0.7822222222222223,0.7777777777777778,0.61,0.5185185185185185,0.6222222222222222,0.23721127584700727
0,TVAE,13.csv,synthetic,xgb,1.0,614,42300,0.9973046085655852,0.3534116971845064,0.0869211310586004,0.6558441558441559,0.7772222222222223,0.8148148148148148,0.57,0.5057471264367817,0.624113475177305,0.25241222977638245
0,TVAE,13.csv,synthetic,lr,2.0,1228,42300,0.9973046085655852,0.3534116971845064,0.0869211310586004,0.7012987012987013,0.7946296296296296,0.7777777777777778,0.66,0.5526315789473685,0.6461538461538462,0.22013045060222727
0,TVAE,13.csv,synthetic,xgb,2.0,1228,42300,0.9973046085655852,0.3534116971845064,0.0869211310586004,0.6883116883116883,0.7959259259259259,0.7962962962962963,0.63,0.5375,0.6417910447761194,0.2292489856481552
0,TVAE,13.csv,synthetic,lr,3.0,1842,42300,0.9973046085655852,0.3534116971845064,0.0869211310586004,0.6883116883116883,0.7937037037037037,0.7962962962962963,0.63,0.5375,0.6417910447761194,0.22467994563396623
0,TVAE,13.csv,synthetic,xgb,3.0,1842,42300,0.9973046085655852,0.3534116971845064,0.0869211310586004,0.6883116883116883,0.794074074074074,0.8333333333333334,0.61,0.5357142857142857,0.6521739130434783,0.229715496301651
0,TVAE,14.csv,synthetic,lr,1.0,614,42300,1.1112236648709075,0.3651801905850287,0.0923295838423471,0.7402597402597403,0.8118518518518518,0.6851851851851852,0.77,0.6166666666666667,0.6491228070175439,0.18837822571728577
0,TVAE,14.csv,synthetic,xgb,1.0,614,42300,1.1112236648709075,0.3651801905850287,0.0923295838423471,0.7402597402597403,0.7957407407407407,0.6481481481481481,0.79,0.625,0.6363636363636364,0.21071763336658478
0,TVAE,14.csv,synthetic,lr,2.0,1228,42300,1.1112236648709075,0.3651801905850287,0.0923295838423471,0.7012987012987013,0.8048148148148149,0.6851851851851852,0.71,0.5606060606060606,0.6166666666666667,0.19813967635086183
0,TVAE,14.csv,synthetic,xgb,2.0,1228,42300,1.1112236648709075,0.3651801905850287,0.0923295838423471,0.6818181818181818,0.7898148148148147,0.7592592592592593,0.64,0.5324675324675324,0.6259541984732825,0.21172253787517548
0,TVAE,14.csv,synthetic,lr,3.0,1842,42300,1.1112236648709075,0.3651801905850287,0.0923295838423471,0.7077922077922078,0.8094444444444445,0.6851851851851852,0.72,0.5692307692307692,0.6218487394957983,0.19888763205511134
0,TVAE,14.csv,synthetic,xgb,3.0,1842,42300,1.1112236648709075,0.3651801905850287,0.0923295838423471,0.6818181818181818,0.8088888888888889,0.7222222222222222,0.66,0.5342465753424658,0.6141732283464567,0.2022837996482849
0,COPULA,0.csv,synthetic,lr,1.0,614,12690,1.1651184562667805,0.4292602111010257,0.1601156409078465,0.5844155844155844,0.7188888888888889,0.8148148148148148,0.46,0.4489795918367347,0.5789473684210527,0.3320391184014772
0,COPULA,0.csv,synthetic,xgb,1.0,614,12690,1.1651184562667805,0.4292602111010257,0.1601156409078465,0.6818181818181818,0.7631481481481481,0.7962962962962963,0.62,0.5308641975308642,0.6370370370370371,0.23176133632659912
0,COPULA,0.csv,synthetic,lr,2.0,1228,12690,1.1651184562667805,0.4292602111010257,0.1601156409078465,0.6363636363636364,0.7075925925925927,0.7777777777777778,0.56,0.4883720930232558,0.6,0.2990241495685107
0,COPULA,0.csv,synthetic,xgb,2.0,1228,12690,1.1651184562667805,0.4292602111010257,0.1601156409078465,0.6493506493506493,0.7687037037037037,0.8518518518518519,0.54,0.5,0.6301369863013698,0.24799926578998566
0,COPULA,0.csv,synthetic,lr,3.0,1842,12690,1.1651184562667805,0.4292602111010257,0.1601156409078465,0.6038961038961039,0.6992592592592594,0.8148148148148148,0.49,0.4631578947368421,0.5906040268456376,0.31441861896361384
0,COPULA,0.csv,synthetic,xgb,3.0,1842,12690,1.1651184562667805,0.4292602111010257,0.1601156409078465,0.6753246753246753,0.765,0.8333333333333334,0.59,0.5232558139534884,0.6428571428571429,0.245896577835083
0,COPULA,1.csv,synthetic,lr,1.0,614,12690,1.1884184337102637,0.4315370294781558,0.152991633719696,0.525974025974026,0.4866666666666667,0.4074074074074074,0.59,0.3492063492063492,0.37606837606837606,0.4194393338768756
0,COPULA,1.csv,synthetic,xgb,1.0,614,12690,1.1884184337102637,0.4315370294781558,0.152991633719696,0.7142857142857143,0.7631481481481481,0.6296296296296297,0.76,0.5862068965517241,0.6071428571428571,0.19610273838043213
0,COPULA,1.csv,synthetic,lr,2.0,1228,12690,1.1884184337102637,0.4315370294781558,0.152991633719696,0.5324675324675324,0.49481481481481476,0.4444444444444444,0.58,0.36363636363636365,0.4,0.40610401080391906
0,COPULA,1.csv,synthetic,xgb,2.0,1228,12690,1.1884184337102637,0.4315370294781558,0.152991633719696,0.6883116883116883,0.7394444444444445,0.6296296296296297,0.72,0.5483870967741935,0.5862068965517241,0.20446862280368805
0,COPULA,1.csv,synthetic,lr,3.0,1842,12690,1.1884184337102637,0.4315370294781558,0.152991633719696,0.525974025974026,0.49500000000000005,0.4444444444444444,0.57,0.3582089552238806,0.39669421487603307,0.41089711593205336
0,COPULA,1.csv,synthetic,xgb,3.0,1842,12690,1.1884184337102637,0.4315370294781558,0.152991633719696,0.6688311688311688,0.7418518518518519,0.5370370370370371,0.74,0.5272727272727272,0.5321100917431193,0.20462511479854584
0,COPULA,2.csv,synthetic,lr,1.0,614,12690,1.0097149658398423,0.4314766430769117,0.1479115293578147,0.5974025974025974,0.6192592592592593,0.46296296296296297,0.67,0.43103448275862066,0.44642857142857145,0.29737660067132793
0,COPULA,2.csv,synthetic,xgb,1.0,614,12690,1.0097149658398423,0.4314766430769117,0.1479115293578147,0.7012987012987013,0.765925925925926,0.25925925925925924,0.94,0.7,0.3783783783783784,0.18931904435157776
0,COPULA,2.csv,synthetic,lr,2.0,1228,12690,1.0097149658398423,0.4314766430769117,0.1479115293578147,0.5974025974025974,0.6020370370370371,0.48148148148148145,0.66,0.43333333333333335,0.45614035087719296,0.33615048501403333
0,COPULA,2.csv,synthetic,xgb,2.0,1228,12690,1.0097149658398423,0.4314766430769117,0.1479115293578147,0.6493506493506493,0.7840740740740741,0.07407407407407407,0.96,0.5,0.12903225806451613,0.1951107680797577
0,COPULA,2.csv,synthetic,lr,3.0,1842,12690,1.0097149658398423,0.4314766430769117,0.1479115293578147,0.5844155844155844,0.5942592592592593,0.5185185185185185,0.62,0.42424242424242425,0.4666666666666667,0.3688796227297134
0,COPULA,2.csv,synthetic,xgb,3.0,1842,12690,1.0097149658398423,0.4314766430769117,0.1479115293578147,0.6883116883116883,0.7277777777777777,0.42592592592592593,0.83,0.575,0.48936170212765956,0.1975882202386856
0,COPULA,3.csv,synthetic,lr,1.0,614,12690,1.7259886063919168,0.4437803631376533,0.1185449739270878,0.6753246753246753,0.7457407407407407,0.12962962962962962,0.97,0.7,0.21875,0.20420113088823005
0,COPULA,3.csv,synthetic,xgb,1.0,614,12690,1.7259886063919168,0.4437803631376533,0.1185449739270878,0.7012987012987013,0.6961111111111111,0.3888888888888889,0.87,0.6176470588235294,0.4772727272727273,0.2021452635526657
0,COPULA,3.csv,synthetic,lr,2.0,1228,12690,1.7259886063919168,0.4437803631376533,0.1185449739270878,0.5324675324675324,0.4701851851851852,0.2777777777777778,0.67,0.3125,0.29411764705882354,0.3638732146466858
0,COPULA,3.csv,synthetic,xgb,2.0,1228,12690,1.7259886063919168,0.4437803631376533,0.1185449739270878,0.6493506493506493,0.6855555555555555,0.3333333333333333,0.82,0.5,0.4,0.20656664669513702
0,COPULA,3.csv,synthetic,lr,3.0,1842,12690,1.7259886063919168,0.4437803631376533,0.1185449739270878,0.577922077922078,0.4872222222222222,0.2777777777777778,0.74,0.36585365853658536,0.3157894736842105,0.32611608677149145
0,COPULA,3.csv,synthetic,xgb,3.0,1842,12690,1.7259886063919168,0.4437803631376533,0.1185449739270878,0.6558441558441559,0.692962962962963,0.42592592592592593,0.78,0.5111111111111111,0.46464646464646464,0.20393498241901398
0,COPULA,4.csv,synthetic,lr,1.0,614,42300,1.2941374255948384,0.4246074649578016,0.1465449800744718,0.5194805194805194,0.4805555555555555,0.4074074074074074,0.58,0.34375,0.3728813559322034,0.4375685375625945
0,COPULA,4.csv,synthetic,xgb,1.0,614,42300,1.2941374255948384,0.4246074649578016,0.1465449800744718,0.7402597402597403,0.8186111111111111,0.7777777777777778,0.72,0.6,0.6774193548387096,0.17666427791118622
0,COPULA,4.csv,synthetic,lr,2.0,1228,42300,1.2941374255948384,0.4246074649578016,0.1465449800744718,0.7012987012987013,0.7818518518518518,0.6851851851851852,0.71,0.5606060606060606,0.6166666666666667,0.20428209470685563
0,COPULA,4.csv,synthetic,xgb,2.0,1228,42300,1.2941374255948384,0.4246074649578016,0.1465449800744718,0.7272727272727273,0.8081481481481482,0.7592592592592593,0.71,0.5857142857142857,0.6612903225806451,0.1829279363155365
0,COPULA,4.csv,synthetic,lr,3.0,1842,42300,1.2941374255948384,0.4246074649578016,0.1465449800744718,0.6298701298701299,0.7101851851851853,0.7037037037037037,0.59,0.4810126582278481,0.5714285714285714,0.2954852618970805
0,COPULA,4.csv,synthetic,xgb,3.0,1842,42300,1.2941374255948384,0.4246074649578016,0.1465449800744718,0.7662337662337663,0.8235185185185185,0.7962962962962963,0.75,0.6323529411764706,0.7049180327868853,0.17122472822666168
0,COPULA,5.csv,synthetic,lr,1.0,614,42300,100.0,nan,0.1157695650642516,0.7272727272727273,0.8225925925925927,0.6296296296296297,0.78,0.6071428571428571,0.6181818181818182,0.16783451549061534
0,COPULA,5.csv,synthetic,xgb,1.0,614,42300,100.0,nan,0.1157695650642516,0.7402597402597403,0.8018518518518519,0.6296296296296297,0.8,0.6296296296296297,0.6296296296296297,0.18054723739624023
0,COPULA,5.csv,synthetic,lr,2.0,1228,42300,100.0,nan,0.1157695650642516,0.7272727272727273,0.7937037037037038,0.6851851851851852,0.75,0.5967741935483871,0.6379310344827587,0.1875975970760167
0,COPULA,5.csv,synthetic,xgb,2.0,1228,42300,100.0,nan,0.1157695650642516,0.7142857142857143,0.8057407407407408,0.6296296296296297,0.76,0.5862068965517241,0.6071428571428571,0.1755557656288147
0,COPULA,5.csv,synthetic,lr,3.0,1842,42300,100.0,nan,0.1157695650642516,0.7597402597402597,0.8174074074074074,0.6296296296296297,0.83,0.6666666666666666,0.6476190476190476,0.16894018643744374
0,COPULA,5.csv,synthetic,xgb,3.0,1842,42300,100.0,nan,0.1157695650642516,0.7532467532467533,0.8098148148148149,0.5925925925925926,0.84,0.6666666666666666,0.6274509803921569,0.1684134602546692
0,COPULA,6.csv,synthetic,lr,1.0,614,42300,1.2544062206469448,0.4378930733511744,0.133710785181875,0.525974025974026,0.6125,0.7222222222222222,0.42,0.4020618556701031,0.5165562913907285,0.44164110787989946
0,COPULA,6.csv,synthetic,xgb,1.0,614,42300,1.2544062206469448,0.4378930733511744,0.133710785181875,0.5454545454545454,0.7753703703703704,0.9629629629629629,0.32,0.43333333333333335,0.5977011494252874,0.34868624806404114
0,COPULA,6.csv,synthetic,lr,2.0,1228,42300,1.2544062206469448,0.4378930733511744,0.133710785181875,0.5194805194805194,0.6514814814814816,0.8333333333333334,0.35,0.4090909090909091,0.5487804878048781,0.39993763639478935
0,COPULA,6.csv,synthetic,xgb,2.0,1228,42300,1.2544062206469448,0.4378930733511744,0.133710785181875,0.551948051948052,0.7948148148148148,0.9814814814814815,0.32,0.4380165289256198,0.6057142857142858,0.3393278121948242
0,COPULA,6.csv,synthetic,lr,3.0,1842,42300,1.2544062206469448,0.4378930733511744,0.133710785181875,0.5,0.7011111111111111,0.9259259259259259,0.27,0.4065040650406504,0.5649717514124294,0.39968928351548494
0,COPULA,6.csv,synthetic,xgb,3.0,1842,42300,1.2544062206469448,0.4378930733511744,0.133710785181875,0.5584415584415584,0.7881481481481482,0.9814814814814815,0.33,0.44166666666666665,0.6091954022988506,0.35297903418540955
0,COPULA,7.csv,synthetic,lr,1.0,614,42300,1.058274270739143,0.4485113387058509,0.1224276272468063,0.6233766233766234,0.6166666666666667,0.46296296296296297,0.71,0.46296296296296297,0.46296296296296297,0.27928906895564287
0,COPULA,7.csv,synthetic,xgb,1.0,614,42300,1.058274270739143,0.4485113387058509,0.1224276272468063,0.6883116883116883,0.7631481481481481,0.5185185185185185,0.78,0.56,0.5384615384615384,0.19775301218032837
0,COPULA,7.csv,synthetic,lr,2.0,1228,42300,1.058274270739143,0.4485113387058509,0.1224276272468063,0.551948051948052,0.5403703703703703,0.42592592592592593,0.62,0.3770491803278688,0.4,0.35903825991862187
0,COPULA,7.csv,synthetic,xgb,2.0,1228,42300,1.058274270739143,0.4485113387058509,0.1224276272468063,0.7337662337662337,0.7857407407407407,0.5185185185185185,0.85,0.6511627906976745,0.5773195876288659,0.1765463650226593
0,COPULA,7.csv,synthetic,lr,3.0,1842,42300,1.058274270739143,0.4485113387058509,0.1224276272468063,0.5584415584415584,0.5946296296296296,0.6296296296296297,0.52,0.4146341463414634,0.5,0.4202200242305587
0,COPULA,7.csv,synthetic,xgb,3.0,1842,42300,1.058274270739143,0.4485113387058509,0.1224276272468063,0.7337662337662337,0.7916666666666667,0.6111111111111112,0.8,0.6226415094339622,0.616822429906542,0.1758703738451004
0,COPULA,8.csv,synthetic,lr,1.0,614,42300,1.2585849564401492,0.4408313604525539,0.116454540413279,0.5584415584415584,0.5305555555555554,0.3888888888888889,0.65,0.375,0.38181818181818183,0.3355428666536524
0,COPULA,8.csv,synthetic,xgb,1.0,614,42300,1.2585849564401492,0.4408313604525539,0.116454540413279,0.7272727272727273,0.7824074074074074,0.6851851851851852,0.75,0.5967741935483871,0.6379310344827587,0.18485058844089508
0,COPULA,8.csv,synthetic,lr,2.0,1228,42300,1.2585849564401492,0.4408313604525539,0.116454540413279,0.551948051948052,0.5085185185185185,0.3888888888888889,0.64,0.3684210526315789,0.3783783783783784,0.37201550890224033
0,COPULA,8.csv,synthetic,xgb,2.0,1228,42300,1.2585849564401492,0.4408313604525539,0.116454540413279,0.6883116883116883,0.7896296296296296,0.5370370370370371,0.77,0.5576923076923077,0.5471698113207547,0.17754381895065308
0,COPULA,8.csv,synthetic,lr,3.0,1842,42300,1.2585849564401492,0.4408313604525539,0.116454540413279,0.6688311688311688,0.7094444444444445,0.48148148148148145,0.77,0.5306122448979592,0.5048543689320388,0.20717345914469834
0,COPULA,8.csv,synthetic,xgb,3.0,1842,42300,1.2585849564401492,0.4408313604525539,0.116454540413279,0.7532467532467533,0.8107407407407407,0.6296296296296297,0.82,0.6538461538461539,0.6415094339622641,0.17012064158916473
0,COPULA,9.csv,synthetic,lr,1.0,614,42300,1.9788606321983044,0.4435479371029645,0.1592113435325678,0.5,0.4423148148148148,0.37037037037037035,0.57,0.31746031746031744,0.3418803418803419,0.4907781391765055
0,COPULA,9.csv,synthetic,xgb,1.0,614,42300,1.9788606321983044,0.4435479371029645,0.1592113435325678,0.7272727272727273,0.7842592592592592,0.2962962962962963,0.96,0.8,0.43243243243243246,0.21201708912849426
0,COPULA,9.csv,synthetic,lr,2.0,1228,42300,1.9788606321983044,0.4435479371029645,0.1592113435325678,0.5,0.44166666666666665,0.37037037037037035,0.57,0.31746031746031744,0.3418803418803419,0.4946146179641598
0,COPULA,9.csv,synthetic,xgb,2.0,1228,42300,1.9788606321983044,0.4435479371029645,0.1592113435325678,0.6623376623376623,0.7431481481481481,0.1111111111111111,0.96,0.6,0.1875,0.24752812087535858
0,COPULA,9.csv,synthetic,lr,3.0,1842,42300,1.9788606321983044,0.4435479371029645,0.1592113435325678,0.5,0.4392592592592592,0.37037037037037035,0.57,0.31746031746031744,0.3418803418803419,0.4967632973042062
0,COPULA,9.csv,synthetic,xgb,3.0,1842,42300,1.9788606321983044,0.4435479371029645,0.1592113435325678,0.6753246753246753,0.7662962962962963,0.2037037037037037,0.93,0.6111111111111112,0.3055555555555556,0.2321023792028427
0,COPULA,10.csv,synthetic,lr,1.0,614,42300,1.146069095084667,0.4421141079104372,0.1115041072021215,0.487012987012987,0.4725925925925926,0.37037037037037035,0.55,0.3076923076923077,0.33613445378151263,0.4442415034544224
0,COPULA,10.csv,synthetic,xgb,1.0,614,42300,1.146069095084667,0.4421141079104372,0.1115041072021215,0.7077922077922078,0.7803703703703704,0.6666666666666666,0.73,0.5714285714285714,0.6153846153846154,0.19179277122020721
0,COPULA,10.csv,synthetic,lr,2.0,1228,42300,1.146069095084667,0.4421141079104372,0.1115041072021215,0.525974025974026,0.5242592592592592,0.3888888888888889,0.6,0.3442622950819672,0.3652173913043478,0.3843418528515789
0,COPULA,10.csv,synthetic,xgb,2.0,1228,42300,1.146069095084667,0.4421141079104372,0.1115041072021215,0.7467532467532467,0.7903703703703704,0.6666666666666666,0.79,0.631578947368421,0.6486486486486487,0.18805697560310364
0,COPULA,10.csv,synthetic,lr,3.0,1842,42300,1.146069095084667,0.4421141079104372,0.1115041072021215,0.6103896103896104,0.6846296296296296,0.7037037037037037,0.56,0.4634146341463415,0.5588235294117647,0.30196344292841437
0,COPULA,10.csv,synthetic,xgb,3.0,1842,42300,1.146069095084667,0.4421141079104372,0.1115041072021215,0.7272727272727273,0.8159259259259259,0.7407407407407407,0.72,0.5882352941176471,0.6557377049180327,0.18343405425548553
0,COPULA,11.csv,synthetic,lr,1.0,614,42300,1.4500711943836693,0.4430061019332906,0.11533945114721,0.6623376623376623,0.7340740740740741,0.5185185185185185,0.74,0.5185185185185185,0.5185185185185185,0.2075243153776798
0,COPULA,11.csv,synthetic,xgb,1.0,614,42300,1.4500711943836693,0.4430061019332906,0.11533945114721,0.7012987012987013,0.7587037037037037,0.5185185185185185,0.8,0.5833333333333334,0.5490196078431373,0.1921052634716034
0,COPULA,11.csv,synthetic,lr,2.0,1228,42300,1.4500711943836693,0.4430061019332906,0.11533945114721,0.5844155844155844,0.5361111111111112,0.4074074074074074,0.68,0.4074074074074074,0.4074074074074074,0.32052742591570654
0,COPULA,11.csv,synthetic,xgb,2.0,1228,42300,1.4500711943836693,0.4430061019332906,0.11533945114721,0.7272727272727273,0.7625925925925925,0.5370370370370371,0.83,0.6304347826086957,0.58,0.18664349615573883
0,COPULA,11.csv,synthetic,lr,3.0,1842,42300,1.4500711943836693,0.4430061019332906,0.11533945114721,0.564935064935065,0.6087037037037036,0.5555555555555556,0.57,0.410958904109589,0.47244094488188976,0.3688672905685699
0,COPULA,11.csv,synthetic,xgb,3.0,1842,42300,1.4500711943836693,0.4430061019332906,0.11533945114721,0.7597402597402597,0.8103703703703704,0.6111111111111112,0.84,0.673469387755102,0.6407766990291263,0.16742835938930511
0,COPULA,12.csv,synthetic,lr,1.0,614,42300,1.5702740055164763,0.4186969234701191,0.13200702306047,0.5584415584415584,0.6180555555555556,0.6481481481481481,0.51,0.4166666666666667,0.5072463768115942,0.3959645174395881
0,COPULA,12.csv,synthetic,xgb,1.0,614,42300,1.5702740055164763,0.4186969234701191,0.13200702306047,0.6753246753246753,0.7709259259259259,0.8518518518518519,0.58,0.5227272727272727,0.647887323943662,0.2354167401790619
0,COPULA,12.csv,synthetic,lr,2.0,1228,42300,1.5702740055164763,0.4186969234701191,0.13200702306047,0.6818181818181818,0.7612962962962962,0.7592592592592593,0.64,0.5324675324675324,0.6259541984732825,0.23777944585549127
0,COPULA,12.csv,synthetic,xgb,2.0,1228,42300,1.5702740055164763,0.4186969234701191,0.13200702306047,0.7012987012987013,0.7851851851851852,0.8333333333333334,0.63,0.5487804878048781,0.6617647058823529,0.22247175872325897
0,COPULA,12.csv,synthetic,lr,3.0,1842,42300,1.5702740055164763,0.4186969234701191,0.13200702306047,0.538961038961039,0.5457407407407407,0.5,0.56,0.38028169014084506,0.432,0.3804183988390388
0,COPULA,12.csv,synthetic,xgb,3.0,1842,42300,1.5702740055164763,0.4186969234701191,0.13200702306047,0.6688311688311688,0.7727777777777778,0.8518518518518519,0.57,0.5168539325842697,0.6433566433566433,0.23405268788337708
0,COPULA,13.csv,synthetic,lr,1.0,614,42300,1.3192414485021349,0.4159862416650164,0.1375673640768971,0.5,0.44861111111111107,0.35185185185185186,0.58,0.3114754098360656,0.33043478260869563,0.48139670502076637
0,COPULA,13.csv,synthetic,xgb,1.0,614,42300,1.3192414485021349,0.4159862416650164,0.1375673640768971,0.7077922077922078,0.7737037037037037,0.5,0.82,0.6,0.5454545454545454,0.1837443858385086
0,COPULA,13.csv,synthetic,lr,2.0,1228,42300,1.3192414485021349,0.4159862416650164,0.1375673640768971,0.551948051948052,0.5953703703703704,0.6111111111111112,0.52,0.4074074074074074,0.4888888888888889,0.42317321844302863
0,COPULA,13.csv,synthetic,xgb,2.0,1228,42300,1.3192414485021349,0.4159862416650164,0.1375673640768971,0.7727272727272727,0.8092592592592592,0.7037037037037037,0.81,0.6666666666666666,0.6846846846846847,0.17164520919322968
0,COPULA,13.csv,synthetic,lr,3.0,1842,42300,1.3192414485021349,0.4159862416650164,0.1375673640768971,0.7142857142857143,0.792037037037037,0.7037037037037037,0.72,0.5757575757575758,0.6333333333333333,0.19089037748522739
0,COPULA,13.csv,synthetic,xgb,3.0,1842,42300,1.3192414485021349,0.4159862416650164,0.1375673640768971,0.7142857142857143,0.7896296296296297,0.6481481481481481,0.75,0.5833333333333334,0.6140350877192983,0.18751192092895508
0,COPULA,14.csv,synthetic,lr,1.0,614,42300,0.8567511587695962,0.4324527995369571,0.1189494874382554,0.5324675324675324,0.4959259259259259,0.42592592592592593,0.59,0.359375,0.3898305084745763,0.4059471332423567
0,COPULA,14.csv,synthetic,xgb,1.0,614,42300,0.8567511587695962,0.4324527995369571,0.1189494874382554,0.6948051948051948,0.7587037037037037,0.7037037037037037,0.69,0.5507246376811594,0.6178861788617886,0.20731665194034576
0,COPULA,14.csv,synthetic,lr,2.0,1228,42300,0.8567511587695962,0.4324527995369571,0.1189494874382554,0.5454545454545454,0.5503703703703704,0.46296296296296297,0.59,0.3787878787878788,0.4166666666666667,0.34548495434478094
0,COPULA,14.csv,synthetic,xgb,2.0,1228,42300,0.8567511587695962,0.4324527995369571,0.1189494874382554,0.6818181818181818,0.7655555555555555,0.6851851851851852,0.68,0.5362318840579711,0.6016260162601627,0.19958347082138062
0,COPULA,14.csv,synthetic,lr,3.0,1842,42300,0.8567511587695962,0.4324527995369571,0.1189494874382554,0.7272727272727273,0.7898148148148147,0.6851851851851852,0.75,0.5967741935483871,0.6379310344827587,0.19009836181667378
0,COPULA,14.csv,synthetic,xgb,3.0,1842,42300,0.8567511587695962,0.4324527995369571,0.1189494874382554,0.6818181818181818,0.7792592592592593,0.7037037037037037,0.67,0.5352112676056338,0.608,0.19540470838546753
0,CTGAN,0.csv,synthetic,lr,1.0,614,12690,1.2576349686013193,0.3478554228823722,0.0474136588962258,0.7077922077922078,0.775,0.6296296296296297,0.75,0.576271186440678,0.6017699115044248,0.2211103798326212
0,CTGAN,0.csv,synthetic,xgb,1.0,614,12690,1.2576349686013193,0.3478554228823722,0.0474136588962258,0.7597402597402597,0.767037037037037,0.5925925925925926,0.85,0.6808510638297872,0.6336633663366337,0.1954062134027481
0,CTGAN,0.csv,synthetic,lr,2.0,1228,12690,1.2576349686013193,0.3478554228823722,0.0474136588962258,0.7467532467532467,0.7966666666666666,0.5370370370370371,0.86,0.6744186046511628,0.5979381443298969,0.20228386961610414
0,CTGAN,0.csv,synthetic,xgb,2.0,1228,12690,1.2576349686013193,0.3478554228823722,0.0474136588962258,0.7337662337662337,0.7757407407407407,0.5,0.86,0.6585365853658537,0.5684210526315789,0.1930232048034668
0,CTGAN,0.csv,synthetic,lr,3.0,1842,12690,1.2576349686013193,0.3478554228823722,0.0474136588962258,0.7207792207792207,0.7953703703703703,0.5370370370370371,0.82,0.6170212765957447,0.5742574257425742,0.19595201736739784
0,CTGAN,0.csv,synthetic,xgb,3.0,1842,12690,1.2576349686013193,0.3478554228823722,0.0474136588962258,0.7402597402597403,0.7794444444444444,0.5185185185185185,0.86,0.6666666666666666,0.5833333333333334,0.19310009479522705
0,CTGAN,1.csv,synthetic,lr,1.0,614,12690,0.5694572752017949,0.3555154915480381,0.0588104278446484,0.7207792207792207,0.7661111111111111,0.3333333333333333,0.93,0.72,0.45569620253164556,0.1902482741803539
0,CTGAN,1.csv,synthetic,xgb,1.0,614,12690,0.5694572752017949,0.3555154915480381,0.0588104278446484,0.7337662337662337,0.7933333333333333,0.46296296296296297,0.88,0.6756756756756757,0.5494505494505495,0.17627784609794617
0,CTGAN,1.csv,synthetic,lr,2.0,1228,12690,0.5694572752017949,0.3555154915480381,0.0588104278446484,0.7207792207792207,0.7622222222222221,0.37037037037037035,0.91,0.6896551724137931,0.4819277108433735,0.18532985208512356
0,CTGAN,1.csv,synthetic,xgb,2.0,1228,12690,0.5694572752017949,0.3555154915480381,0.0588104278446484,0.6948051948051948,0.7705555555555555,0.4074074074074074,0.85,0.5945945945945946,0.4835164835164835,0.1856088787317276
0,CTGAN,1.csv,synthetic,lr,3.0,1842,12690,0.5694572752017949,0.3555154915480381,0.0588104278446484,0.7012987012987013,0.7781481481481481,0.42592592592592593,0.85,0.6052631578947368,0.5,0.17986305852930873
0,CTGAN,1.csv,synthetic,xgb,3.0,1842,12690,0.5694572752017949,0.3555154915480381,0.0588104278446484,0.7597402597402597,0.7759259259259259,0.5,0.9,0.7297297297297297,0.5934065934065934,0.1809350997209549
0,CTGAN,2.csv,synthetic,lr,1.0,614,12690,0.6266583225429764,0.3583200848564866,0.048236985484635,0.6623376623376623,0.7038888888888889,0.48148148148148145,0.76,0.52,0.5,0.2101549415235477
0,CTGAN,2.csv,synthetic,xgb,1.0,614,12690,0.6266583225429764,0.3583200848564866,0.048236985484635,0.5909090909090909,0.638888888888889,0.6111111111111112,0.58,0.44,0.5116279069767442,0.2475886195898056
0,CTGAN,2.csv,synthetic,lr,2.0,1228,12690,0.6266583225429764,0.3583200848564866,0.048236985484635,0.6493506493506493,0.7148148148148148,0.48148148148148145,0.74,0.5,0.49056603773584906,0.21276958460251938
0,CTGAN,2.csv,synthetic,xgb,2.0,1228,12690,0.6266583225429764,0.3583200848564866,0.048236985484635,0.5844155844155844,0.6427777777777778,0.6481481481481481,0.55,0.4375,0.5223880597014925,0.25245997309684753
0,CTGAN,2.csv,synthetic,lr,3.0,1842,12690,0.6266583225429764,0.3583200848564866,0.048236985484635,0.6558441558441559,0.7159259259259259,0.5555555555555556,0.71,0.5084745762711864,0.5309734513274337,0.21618903365259
0,CTGAN,2.csv,synthetic,xgb,3.0,1842,12690,0.6266583225429764,0.3583200848564866,0.048236985484635,0.525974025974026,0.7283333333333334,0.9074074074074074,0.32,0.4188034188034188,0.5730994152046783,0.2614952325820923
0,CTGAN,3.csv,synthetic,lr,1.0,614,12690,0.9697099476469744,0.3576423307875671,0.0476964826484633,0.6493506493506493,0.6175925925925926,0.2962962962962963,0.84,0.5,0.37209302325581395,0.22668882675097585
0,CTGAN,3.csv,synthetic,xgb,1.0,614,12690,0.9697099476469744,0.3576423307875671,0.0476964826484633,0.44805194805194803,0.5777777777777778,0.6851851851851852,0.32,0.3523809523809524,0.46540880503144655,0.2715235650539398
0,CTGAN,3.csv,synthetic,lr,2.0,1228,12690,0.9697099476469744,0.3576423307875671,0.0476964826484633,0.6493506493506493,0.6235185185185186,0.2037037037037037,0.89,0.5,0.2894736842105263,0.22062304367646818
0,CTGAN,3.csv,synthetic,xgb,2.0,1228,12690,0.9697099476469744,0.3576423307875671,0.0476964826484633,0.551948051948052,0.5333333333333333,0.5,0.58,0.391304347826087,0.43902439024390244,0.26058390736579895
0,CTGAN,3.csv,synthetic,lr,3.0,1842,12690,0.9697099476469744,0.3576423307875671,0.0476964826484633,0.6623376623376623,0.6238888888888888,0.2037037037037037,0.91,0.55,0.2972972972972973,0.22157099054592178
0,CTGAN,3.csv,synthetic,xgb,3.0,1842,12690,0.9697099476469744,0.3576423307875671,0.0476964826484633,0.42207792207792205,0.4998148148148148,0.7037037037037037,0.27,0.34234234234234234,0.46060606060606063,0.279967725276947
0,CTGAN,4.csv,synthetic,lr,1.0,614,42300,0.7574712438256158,0.3487545074172024,0.0444016367089184,0.7532467532467533,0.7996296296296297,0.6296296296296297,0.82,0.6538461538461539,0.6415094339622641,0.17948515849130584
0,CTGAN,4.csv,synthetic,xgb,1.0,614,42300,0.7574712438256158,0.3487545074172024,0.0444016367089184,0.7597402597402597,0.8112962962962964,0.5,0.9,0.7297297297297297,0.5934065934065934,0.1704479455947876
0,CTGAN,4.csv,synthetic,lr,2.0,1228,42300,0.7574712438256158,0.3487545074172024,0.0444016367089184,0.7272727272727273,0.804074074074074,0.5,0.85,0.6428571428571429,0.5625,0.17673548855089824
0,CTGAN,4.csv,synthetic,xgb,2.0,1228,42300,0.7574712438256158,0.3487545074172024,0.0444016367089184,0.7012987012987013,0.7768518518518519,0.46296296296296297,0.83,0.5952380952380952,0.5208333333333334,0.18755295872688293
0,CTGAN,4.csv,synthetic,lr,3.0,1842,42300,0.7574712438256158,0.3487545074172024,0.0444016367089184,0.7207792207792207,0.8118518518518519,0.46296296296296297,0.86,0.6410256410256411,0.5376344086021505,0.17265570313845532
0,CTGAN,4.csv,synthetic,xgb,3.0,1842,42300,0.7574712438256158,0.3487545074172024,0.0444016367089184,0.7207792207792207,0.7909259259259259,0.5370370370370371,0.82,0.6170212765957447,0.5742574257425742,0.1800502985715866
0,CTGAN,5.csv,synthetic,lr,1.0,614,42300,0.7352492667153833,0.3648012191574777,0.0451822491946941,0.7207792207792207,0.8222222222222223,0.6481481481481481,0.76,0.5932203389830508,0.6194690265486725,0.1732031830701233
0,CTGAN,5.csv,synthetic,xgb,1.0,614,42300,0.7352492667153833,0.3648012191574777,0.0451822491946941,0.7207792207792207,0.8185185185185185,0.7407407407407407,0.71,0.5797101449275363,0.6504065040650406,0.1800297200679779
0,CTGAN,5.csv,synthetic,lr,2.0,1228,42300,0.7352492667153833,0.3648012191574777,0.0451822491946941,0.7402597402597403,0.8231481481481481,0.6111111111111112,0.81,0.6346153846153846,0.6226415094339622,0.16655400484081734
0,CTGAN,5.csv,synthetic,xgb,2.0,1228,42300,0.7352492667153833,0.3648012191574777,0.0451822491946941,0.7142857142857143,0.82,0.6296296296296297,0.76,0.5862068965517241,0.6071428571428571,0.16905856132507324
0,CTGAN,5.csv,synthetic,lr,3.0,1842,42300,0.7352492667153833,0.3648012191574777,0.0451822491946941,0.7272727272727273,0.822037037037037,0.6296296296296297,0.78,0.6071428571428571,0.6181818181818182,0.169803330688354
0,CTGAN,5.csv,synthetic,xgb,3.0,1842,42300,0.7352492667153833,0.3648012191574777,0.0451822491946941,0.7012987012987013,0.8081481481481482,0.6481481481481481,0.73,0.5645161290322581,0.603448275862069,0.17563848197460175
0,CTGAN,6.csv,synthetic,lr,1.0,614,42300,0.622734130994706,0.3625632914868903,0.0464255350096506,0.7272727272727273,0.8114814814814815,0.8148148148148148,0.68,0.5789473684210527,0.676923076923077,0.20580803731747202
0,CTGAN,6.csv,synthetic,xgb,1.0,614,42300,0.622734130994706,0.3625632914868903,0.0464255350096506,0.6818181818181818,0.795,0.8333333333333334,0.6,0.5294117647058824,0.6474820143884892,0.20668376982212067
0,CTGAN,6.csv,synthetic,lr,2.0,1228,42300,0.622734130994706,0.3625632914868903,0.0464255350096506,0.7077922077922078,0.802962962962963,0.7037037037037037,0.71,0.5671641791044776,0.628099173553719,0.18862634738699904
0,CTGAN,6.csv,synthetic,xgb,2.0,1228,42300,0.622734130994706,0.3625632914868903,0.0464255350096506,0.7077922077922078,0.7962962962962963,0.7222222222222222,0.7,0.5652173913043478,0.6341463414634146,0.18805111944675446
0,CTGAN,6.csv,synthetic,lr,3.0,1842,42300,0.622734130994706,0.3625632914868903,0.0464255350096506,0.7272727272727273,0.8077777777777778,0.8333333333333334,0.67,0.5769230769230769,0.6818181818181818,0.20295522137080954
0,CTGAN,6.csv,synthetic,xgb,3.0,1842,42300,0.622734130994706,0.3625632914868903,0.0464255350096506,0.7077922077922078,0.7931481481481482,0.8888888888888888,0.61,0.5517241379310345,0.6808510638297872,0.2013540118932724
0,CTGAN,7.csv,synthetic,lr,1.0,614,42300,0.7428524472729748,0.3658553814105973,0.053916322670695,0.7142857142857143,0.8122222222222223,0.5925925925925926,0.78,0.5925925925925926,0.5925925925925926,0.17617098355954067
0,CTGAN,7.csv,synthetic,xgb,1.0,614,42300,0.7428524472729748,0.3658553814105973,0.053916322670695,0.7207792207792207,0.7887037037037037,0.5740740740740741,0.8,0.6078431372549019,0.5904761904761905,0.1814819723367691
0,CTGAN,7.csv,synthetic,lr,2.0,1228,42300,0.7428524472729748,0.3658553814105973,0.053916322670695,0.7077922077922078,0.8146296296296297,0.5925925925925926,0.77,0.5818181818181818,0.5871559633027523,0.1723653895855794
0,CTGAN,7.csv,synthetic,xgb,2.0,1228,42300,0.7428524472729748,0.3658553814105973,0.053916322670695,0.7337662337662337,0.8085185185185185,0.6296296296296297,0.79,0.6181818181818182,0.6238532110091743,0.17129915952682495
0,CTGAN,7.csv,synthetic,lr,3.0,1842,42300,0.7428524472729748,0.3658553814105973,0.053916322670695,0.7272727272727273,0.8157407407407408,0.5925925925925926,0.8,0.6153846153846154,0.6037735849056604,0.17072549370973297
0,CTGAN,7.csv,synthetic,xgb,3.0,1842,42300,0.7428524472729748,0.3658553814105973,0.053916322670695,0.7337662337662337,0.8218518518518518,0.6851851851851852,0.76,0.6065573770491803,0.6434782608695652,0.1668728142976761
0,CTGAN,8.csv,synthetic,lr,1.0,614,42300,0.8172065862762349,0.3720457521205205,0.0445972737848192,0.7532467532467533,0.8238888888888889,0.6296296296296297,0.82,0.6538461538461539,0.6415094339622641,0.1662803742380244
0,CTGAN,8.csv,synthetic,xgb,1.0,614,42300,0.8172065862762349,0.3720457521205205,0.0445972737848192,0.7532467532467533,0.816111111111111,0.6481481481481481,0.81,0.6481481481481481,0.6481481481481481,0.1695968359708786
0,CTGAN,8.csv,synthetic,lr,2.0,1228,42300,0.8172065862762349,0.3720457521205205,0.0445972737848192,0.7207792207792207,0.8046296296296297,0.5,0.84,0.627906976744186,0.5567010309278351,0.17288418414477838
0,CTGAN,8.csv,synthetic,xgb,2.0,1228,42300,0.8172065862762349,0.3720457521205205,0.0445972737848192,0.7272727272727273,0.7855555555555556,0.5740740740740741,0.81,0.62,0.5961538461538461,0.17953017354011536
0,CTGAN,8.csv,synthetic,lr,3.0,1842,42300,0.8172065862762349,0.3720457521205205,0.0445972737848192,0.7337662337662337,0.8153703703703704,0.5740740740740741,0.82,0.6326530612244898,0.6019417475728155,0.17024389622417208
0,CTGAN,8.csv,synthetic,xgb,3.0,1842,42300,0.8172065862762349,0.3720457521205205,0.0445972737848192,0.7402597402597403,0.8057407407407406,0.6111111111111112,0.81,0.6346153846153846,0.6226415094339622,0.16948357224464417
0,CTGAN,9.csv,synthetic,lr,1.0,614,42300,1.0297604774464746,0.364462443794007,0.0458703900112559,0.7337662337662337,0.8061111111111111,0.5370370370370371,0.84,0.6444444444444445,0.5858585858585859,0.17462782447183298
0,CTGAN,9.csv,synthetic,xgb,1.0,614,42300,1.0297604774464746,0.364462443794007,0.0458703900112559,0.7467532467532467,0.7864814814814814,0.7037037037037037,0.77,0.6229508196721312,0.6608695652173913,0.1844627559185028
0,CTGAN,9.csv,synthetic,lr,2.0,1228,42300,1.0297604774464746,0.364462443794007,0.0458703900112559,0.7207792207792207,0.7972222222222223,0.5740740740740741,0.8,0.6078431372549019,0.5904761904761905,0.17954449000122485
0,CTGAN,9.csv,synthetic,xgb,2.0,1228,42300,1.0297604774464746,0.364462443794007,0.0458703900112559,0.7402597402597403,0.8077777777777778,0.7037037037037037,0.76,0.6129032258064516,0.6551724137931034,0.17443203926086426
0,CTGAN,9.csv,synthetic,lr,3.0,1842,42300,1.0297604774464746,0.364462443794007,0.0458703900112559,0.7142857142857143,0.8022222222222222,0.5925925925925926,0.78,0.5925925925925926,0.5925925925925926,0.1782391631609901
0,CTGAN,9.csv,synthetic,xgb,3.0,1842,42300,1.0297604774464746,0.364462443794007,0.0458703900112559,0.7077922077922078,0.7959259259259259,0.6111111111111112,0.76,0.5789473684210527,0.5945945945945946,0.18027111887931824
0,CTGAN,10.csv,synthetic,lr,1.0,614,42300,0.8496648839062263,0.3636312332085151,0.0415478061012691,0.7012987012987013,0.794074074074074,0.5555555555555556,0.78,0.5769230769230769,0.5660377358490566,0.17924981750584093
0,CTGAN,10.csv,synthetic,xgb,1.0,614,42300,0.8496648839062263,0.3636312332085151,0.0415478061012691,0.7012987012987013,0.764074074074074,0.5185185185185185,0.8,0.5833333333333334,0.5490196078431373,0.1869812309741974
0,CTGAN,10.csv,synthetic,lr,2.0,1228,42300,0.8496648839062263,0.3636312332085151,0.0415478061012691,0.7207792207792207,0.8066666666666668,0.6296296296296297,0.77,0.5964912280701754,0.6126126126126126,0.1779482704602261
0,CTGAN,10.csv,synthetic,xgb,2.0,1228,42300,0.8496648839062263,0.3636312332085151,0.0415478061012691,0.7272727272727273,0.7994444444444445,0.7592592592592593,0.71,0.5857142857142857,0.6612903225806451,0.17981214821338654
0,CTGAN,10.csv,synthetic,lr,3.0,1842,42300,0.8496648839062263,0.3636312332085151,0.0415478061012691,0.7272727272727273,0.8096296296296296,0.6296296296296297,0.78,0.6071428571428571,0.6181818181818182,0.17447495390856452
0,CTGAN,10.csv,synthetic,xgb,3.0,1842,42300,0.8496648839062263,0.3636312332085151,0.0415478061012691,0.7012987012987013,0.8074074074074075,0.7037037037037037,0.7,0.5588235294117647,0.6229508196721312,0.17544510960578918
0,CTGAN,11.csv,synthetic,lr,1.0,614,42300,0.5564140057357669,0.3622506527877032,0.0336754070592287,0.7467532467532467,0.8125925925925925,0.6111111111111112,0.82,0.6470588235294118,0.6285714285714286,0.17086119424692825
0,CTGAN,11.csv,synthetic,xgb,1.0,614,42300,0.5564140057357669,0.3622506527877032,0.0336754070592287,0.7272727272727273,0.7725925925925926,0.5925925925925926,0.8,0.6153846153846154,0.6037735849056604,0.18903067708015442
0,CTGAN,11.csv,synthetic,lr,2.0,1228,42300,0.5564140057357669,0.3622506527877032,0.0336754070592287,0.7402597402597403,0.8133333333333334,0.6296296296296297,0.8,0.6296296296296297,0.6296296296296297,0.17136933634987758
0,CTGAN,11.csv,synthetic,xgb,2.0,1228,42300,0.5564140057357669,0.3622506527877032,0.0336754070592287,0.6948051948051948,0.7981481481481482,0.6296296296296297,0.73,0.5573770491803278,0.591304347826087,0.18012917041778564
0,CTGAN,11.csv,synthetic,lr,3.0,1842,42300,0.5564140057357669,0.3622506527877032,0.0336754070592287,0.7532467532467533,0.8159259259259259,0.6296296296296297,0.82,0.6538461538461539,0.6415094339622641,0.1687211450363522
0,CTGAN,11.csv,synthetic,xgb,3.0,1842,42300,0.5564140057357669,0.3622506527877032,0.0336754070592287,0.7142857142857143,0.7994444444444444,0.5925925925925926,0.78,0.5925925925925926,0.5925925925925926,0.174179807305336
0,CTGAN,12.csv,synthetic,lr,1.0,614,42300,1.3610668165844344,0.3585283722512409,0.0660591897972487,0.7207792207792207,0.7768518518518519,0.6296296296296297,0.77,0.5964912280701754,0.6126126126126126,0.18735716852888368
0,CTGAN,12.csv,synthetic,xgb,1.0,614,42300,1.3610668165844344,0.3585283722512409,0.0660591897972487,0.6818181818181818,0.7762962962962963,0.6666666666666666,0.69,0.5373134328358209,0.5950413223140496,0.19372396171092987
0,CTGAN,12.csv,synthetic,lr,2.0,1228,42300,1.3610668165844344,0.3585283722512409,0.0660591897972487,0.7272727272727273,0.79,0.6851851851851852,0.75,0.5967741935483871,0.6379310344827587,0.18536456185987998
0,CTGAN,12.csv,synthetic,xgb,2.0,1228,42300,1.3610668165844344,0.3585283722512409,0.0660591897972487,0.7402597402597403,0.8092592592592592,0.7222222222222222,0.75,0.609375,0.6610169491525424,0.17673414945602417
0,CTGAN,12.csv,synthetic,lr,3.0,1842,42300,1.3610668165844344,0.3585283722512409,0.0660591897972487,0.7207792207792207,0.7842592592592593,0.6666666666666666,0.75,0.5901639344262295,0.6260869565217392,0.18315714962211369
0,CTGAN,12.csv,synthetic,xgb,3.0,1842,42300,1.3610668165844344,0.3585283722512409,0.0660591897972487,0.7272727272727273,0.800925925925926,0.7037037037037037,0.74,0.59375,0.6440677966101694,0.17878825962543488
0,CTGAN,13.csv,synthetic,lr,1.0,614,42300,0.7080345258107931,0.3534841281372195,0.0580325888782252,0.7207792207792207,0.7812962962962963,0.5185185185185185,0.83,0.6222222222222222,0.5656565656565656,0.19219103514710673
0,CTGAN,13.csv,synthetic,xgb,1.0,614,42300,0.7080345258107931,0.3534841281372195,0.0580325888782252,0.7077922077922078,0.7866666666666666,0.46296296296296297,0.84,0.6097560975609756,0.5263157894736842,0.19038636982440948
0,CTGAN,13.csv,synthetic,lr,2.0,1228,42300,0.7080345258107931,0.3534841281372195,0.0580325888782252,0.7467532467532467,0.8181481481481482,0.5740740740740741,0.84,0.6595744680851063,0.6138613861386139,0.17285950842580705
0,CTGAN,13.csv,synthetic,xgb,2.0,1228,42300,0.7080345258107931,0.3534841281372195,0.0580325888782252,0.7402597402597403,0.8325925925925926,0.6111111111111112,0.81,0.6346153846153846,0.6226415094339622,0.16323350369930267
0,CTGAN,13.csv,synthetic,lr,3.0,1842,42300,0.7080345258107931,0.3534841281372195,0.0580325888782252,0.7467532467532467,0.8003703703703704,0.5925925925925926,0.83,0.6530612244897959,0.6213592233009708,0.17968730048810555
0,CTGAN,13.csv,synthetic,xgb,3.0,1842,42300,0.7080345258107931,0.3534841281372195,0.0580325888782252,0.7142857142857143,0.7927777777777778,0.5740740740740741,0.79,0.5961538461538461,0.5849056603773585,0.18488936126232147
0,CTGAN,14.csv,synthetic,lr,1.0,614,42300,0.7177666729458352,0.3595610672302691,0.0427276362109865,0.7402597402597403,0.8153703703703704,0.6296296296296297,0.8,0.6296296296296297,0.6296296296296297,0.17212041851059695
0,CTGAN,14.csv,synthetic,xgb,1.0,614,42300,0.7177666729458352,0.3595610672302691,0.0427276362109865,0.7077922077922078,0.7855555555555556,0.5740740740740741,0.78,0.5849056603773585,0.5794392523364486,0.1921052783727646
0,CTGAN,14.csv,synthetic,lr,2.0,1228,42300,0.7177666729458352,0.3595610672302691,0.0427276362109865,0.7272727272727273,0.8098148148148148,0.6296296296296297,0.78,0.6071428571428571,0.6181818181818182,0.1734887868662286
0,CTGAN,14.csv,synthetic,xgb,2.0,1228,42300,0.7177666729458352,0.3595610672302691,0.0427276362109865,0.7012987012987013,0.8068518518518517,0.6296296296296297,0.74,0.5666666666666667,0.5964912280701754,0.17996422946453094
0,CTGAN,14.csv,synthetic,lr,3.0,1842,42300,0.7177666729458352,0.3595610672302691,0.0427276362109865,0.7467532467532467,0.7949999999999999,0.5740740740740741,0.84,0.6595744680851063,0.6138613861386139,0.18090621723204325
0,CTGAN,14.csv,synthetic,xgb,3.0,1842,42300,0.7177666729458352,0.3595610672302691,0.0427276362109865,0.7207792207792207,0.795,0.5555555555555556,0.81,0.6122448979591837,0.5825242718446602,0.18278683722019196
1,REAL,real_train,real_baseline,lr,1.0,614,614,nan,nan,nan,0.7467532467532467,0.8329629629629629,0.5185185185185185,0.87,0.6829268292682927,0.5894736842105263,0.1576598936659481
1,REAL,real_train,real_baseline,xgb,1.0,614,614,nan,nan,nan,0.7467532467532467,0.8083333333333333,0.6111111111111112,0.82,0.6470588235294118,0.6285714285714286,0.16926008462905884
1,TVAE,0.csv,synthetic,lr,1.0,614,12989,1.6272742319414792,0.3624543715720409,0.0804607723699833,0.6818181818181818,0.785,0.7592592592592593,0.64,0.5324675324675324,0.6259541984732825,0.24028277286975158
1,TVAE,0.csv,synthetic,xgb,1.0,614,12989,1.6272742319414792,0.3624543715720409,0.0804607723699833,0.6753246753246753,0.7885185185185184,0.7407407407407407,0.64,0.5263157894736842,0.6153846153846154,0.23048628866672516
1,TVAE,0.csv,synthetic,lr,2.0,1228,12989,1.6272742319414792,0.3624543715720409,0.0804607723699833,0.7012987012987013,0.8083333333333333,0.7962962962962963,0.65,0.5512820512820513,0.6515151515151515,0.21921753607658917
1,TVAE,0.csv,synthetic,xgb,2.0,1228,12989,1.6272742319414792,0.3624543715720409,0.0804607723699833,0.6883116883116883,0.8037037037037037,0.8148148148148148,0.62,0.5365853658536586,0.6470588235294118,0.22940687835216522
1,TVAE,0.csv,synthetic,lr,3.0,1842,12989,1.6272742319414792,0.3624543715720409,0.0804607723699833,0.7207792207792207,0.8159259259259259,0.8148148148148148,0.67,0.5714285714285714,0.6717557251908397,0.2135749309164218
1,TVAE,0.csv,synthetic,xgb,3.0,1842,12989,1.6272742319414792,0.3624543715720409,0.0804607723699833,0.7012987012987013,0.8118518518518518,0.8333333333333334,0.63,0.5487804878048781,0.6617647058823529,0.22887638211250305
1,TVAE,1.csv,synthetic,lr,1.0,614,12989,1.4341193148999545,0.3598258595208881,0.0825605230923017,0.7077922077922078,0.8107407407407407,0.7407407407407407,0.69,0.5633802816901409,0.64,0.2109770961376437
1,TVAE,1.csv,synthetic,xgb,1.0,614,12989,1.4341193148999545,0.3598258595208881,0.0825605230923017,0.7402597402597403,0.8107407407407408,0.7407407407407407,0.74,0.6060606060606061,0.6666666666666666,0.18773280084133148
1,TVAE,1.csv,synthetic,lr,2.0,1228,12989,1.4341193148999545,0.3598258595208881,0.0825605230923017,0.7272727272727273,0.8064814814814815,0.7407407407407407,0.72,0.5882352941176471,0.6557377049180327,0.20405621604343988
1,TVAE,1.csv,synthetic,xgb,2.0,1228,12989,1.4341193148999545,0.3598258595208881,0.0825605230923017,0.7207792207792207,0.8055555555555557,0.7222222222222222,0.72,0.582089552238806,0.6446280991735537,0.19348940253257751
1,TVAE,1.csv,synthetic,lr,3.0,1842,12989,1.4341193148999545,0.3598258595208881,0.0825605230923017,0.7207792207792207,0.8074074074074075,0.7222222222222222,0.72,0.582089552238806,0.6446280991735537,0.20820959993791702
1,TVAE,1.csv,synthetic,xgb,3.0,1842,12989,1.4341193148999545,0.3598258595208881,0.0825605230923017,0.7597402597402597,0.8287037037037036,0.7222222222222222,0.78,0.639344262295082,0.6782608695652174,0.17547403275966644
1,TVAE,2.csv,synthetic,lr,1.0,614,12989,1.3452362163088052,0.3679702422958464,0.0944091409059018,0.6948051948051948,0.7940740740740742,0.8333333333333334,0.62,0.5421686746987951,0.656934306569343,0.25494906617899615
1,TVAE,2.csv,synthetic,xgb,1.0,614,12989,1.3452362163088052,0.3679702422958464,0.0944091409059018,0.6818181818181818,0.7988888888888889,0.8888888888888888,0.57,0.5274725274725275,0.6620689655172414,0.25550341606140137
1,TVAE,2.csv,synthetic,lr,2.0,1228,12989,1.3452362163088052,0.3679702422958464,0.0944091409059018,0.7012987012987013,0.8096296296296296,0.8333333333333334,0.63,0.5487804878048781,0.6617647058823529,0.23774594015750802
1,TVAE,2.csv,synthetic,xgb,2.0,1228,12989,1.3452362163088052,0.3679702422958464,0.0944091409059018,0.6558441558441559,0.8144444444444445,0.8333333333333334,0.56,0.5056179775280899,0.6293706293706294,0.25825417041778564
1,TVAE,2.csv,synthetic,lr,3.0,1842,12989,1.3452362163088052,0.3679702422958464,0.0944091409059018,0.7077922077922078,0.8201851851851851,0.7962962962962963,0.66,0.5584415584415584,0.6564885496183206,0.22000294463377545
1,TVAE,2.csv,synthetic,xgb,3.0,1842,12989,1.3452362163088052,0.3679702422958464,0.0944091409059018,0.6883116883116883,0.7968518518518519,0.8333333333333334,0.61,0.5357142857142857,0.6521739130434783,0.24027562141418457
1,TVAE,3.csv,synthetic,lr,1.0,614,12989,0.939501686418592,0.3631549437995512,0.0957601700518919,0.7012987012987013,0.8146296296296296,0.7222222222222222,0.69,0.5571428571428572,0.6290322580645161,0.21165417071244214
1,TVAE,3.csv,synthetic,xgb,1.0,614,12989,0.939501686418592,0.3631549437995512,0.0957601700518919,0.7792207792207793,0.8257407407407408,0.7962962962962963,0.77,0.6515151515151515,0.7166666666666667,0.17876356840133667
1,TVAE,3.csv,synthetic,lr,2.0,1228,12989,0.939501686418592,0.3631549437995512,0.0957601700518919,0.7077922077922078,0.8105555555555556,0.7407407407407407,0.69,0.5633802816901409,0.64,0.20952123696316896
1,TVAE,3.csv,synthetic,xgb,2.0,1228,12989,0.939501686418592,0.3631549437995512,0.0957601700518919,0.7272727272727273,0.805,0.7592592592592593,0.71,0.5857142857142857,0.6612903225806451,0.19633810222148895
1,TVAE,3.csv,synthetic,lr,3.0,1842,12989,0.939501686418592,0.3631549437995512,0.0957601700518919,0.7142857142857143,0.8194444444444444,0.7222222222222222,0.71,0.5735294117647058,0.639344262295082,0.19482299960648325
1,TVAE,3.csv,synthetic,xgb,3.0,1842,12989,0.939501686418592,0.3631549437995512,0.0957601700518919,0.7402597402597403,0.821111111111111,0.7407407407407407,0.74,0.6060606060606061,0.6666666666666666,0.1796545535326004
1,TVAE,4.csv,synthetic,lr,1.0,614,43299,1.465135632479938,0.362676152935179,0.0804949547617313,0.7532467532467533,0.8122222222222222,0.7037037037037037,0.78,0.6333333333333333,0.6666666666666666,0.19438739387022813
1,TVAE,4.csv,synthetic,xgb,1.0,614,43299,1.465135632479938,0.362676152935179,0.0804949547617313,0.7467532467532467,0.8159259259259259,0.6851851851851852,0.78,0.6271186440677966,0.6548672566371682,0.18598021566867828
1,TVAE,4.csv,synthetic,lr,2.0,1228,43299,1.465135632479938,0.362676152935179,0.0804949547617313,0.7467532467532467,0.8177777777777778,0.6296296296296297,0.81,0.6415094339622641,0.6355140186915887,0.1879225216192963
1,TVAE,4.csv,synthetic,xgb,2.0,1228,43299,1.465135632479938,0.362676152935179,0.0804949547617313,0.7402597402597403,0.8101851851851851,0.6666666666666666,0.78,0.6206896551724138,0.6428571428571429,0.19052809476852417
1,TVAE,4.csv,synthetic,lr,3.0,1842,43299,1.465135632479938,0.362676152935179,0.0804949547617313,0.7467532467532467,0.8124074074074074,0.6481481481481481,0.8,0.6363636363636364,0.6422018348623854,0.19280515429137626
1,TVAE,4.csv,synthetic,xgb,3.0,1842,43299,1.465135632479938,0.362676152935179,0.0804949547617313,0.7467532467532467,0.8174074074074074,0.6666666666666666,0.79,0.631578947368421,0.6486486486486487,0.1853439211845398
1,TVAE,5.csv,synthetic,lr,1.0,614,43299,1.2848475672728006,0.3647683677689626,0.094705558379987,0.7662337662337663,0.8248148148148149,0.6851851851851852,0.81,0.6607142857142857,0.6727272727272727,0.1781426925437584
1,TVAE,5.csv,synthetic,xgb,1.0,614,43299,1.2848475672728006,0.3647683677689626,0.094705558379987,0.7662337662337663,0.820925925925926,0.6851851851851852,0.81,0.6607142857142857,0.6727272727272727,0.17793558537960052
1,TVAE,5.csv,synthetic,lr,2.0,1228,43299,1.2848475672728006,0.3647683677689626,0.094705558379987,0.7532467532467533,0.8211111111111112,0.6666666666666666,0.8,0.6428571428571429,0.6545454545454545,0.18503596692192423
1,TVAE,5.csv,synthetic,xgb,2.0,1228,43299,1.2848475672728006,0.3647683677689626,0.094705558379987,0.7402597402597403,0.8211111111111111,0.6851851851851852,0.77,0.6166666666666667,0.6491228070175439,0.1837918609380722
1,TVAE,5.csv,synthetic,lr,3.0,1842,43299,1.2848475672728006,0.3647683677689626,0.094705558379987,0.7402597402597403,0.8207407407407408,0.6481481481481481,0.79,0.625,0.6363636363636364,0.18873794570031505
1,TVAE,5.csv,synthetic,xgb,3.0,1842,43299,1.2848475672728006,0.3647683677689626,0.094705558379987,0.7662337662337663,0.8212962962962964,0.7222222222222222,0.79,0.65,0.6842105263157895,0.17900466918945312
1,TVAE,6.csv,synthetic,lr,1.0,614,43299,0.9087516771450768,0.3637125764340012,0.0999490286586067,0.7402597402597403,0.7996296296296296,0.7222222222222222,0.75,0.609375,0.6610169491525424,0.19971386064880725
1,TVAE,6.csv,synthetic,xgb,1.0,614,43299,0.9087516771450768,0.3637125764340012,0.0999490286586067,0.7142857142857143,0.784074074074074,0.6666666666666666,0.74,0.5806451612903226,0.6206896551724138,0.20039260387420654
1,TVAE,6.csv,synthetic,lr,2.0,1228,43299,0.9087516771450768,0.3637125764340012,0.0999490286586067,0.7337662337662337,0.8022222222222223,0.6851851851851852,0.76,0.6065573770491803,0.6434782608695652,0.19594970937905967
1,TVAE,6.csv,synthetic,xgb,2.0,1228,43299,0.9087516771450768,0.3637125764340012,0.0999490286586067,0.7402597402597403,0.8022222222222222,0.6666666666666666,0.78,0.6206896551724138,0.6428571428571429,0.18577413260936737
1,TVAE,6.csv,synthetic,lr,3.0,1842,43299,0.9087516771450768,0.3637125764340012,0.0999490286586067,0.7467532467532467,0.8177777777777777,0.7407407407407407,0.75,0.6153846153846154,0.6722689075630253,0.1871037559612408
1,TVAE,6.csv,synthetic,xgb,3.0,1842,43299,0.9087516771450768,0.3637125764340012,0.0999490286586067,0.7532467532467533,0.8157407407407408,0.7407407407407407,0.76,0.625,0.6779661016949152,0.18277384340763092
1,TVAE,7.csv,synthetic,lr,1.0,614,43299,1.2551368410684856,0.3622822848739426,0.0987330082149448,0.7207792207792207,0.8135185185185185,0.7037037037037037,0.73,0.5846153846153846,0.6386554621848739,0.21032204294565582
1,TVAE,7.csv,synthetic,xgb,1.0,614,43299,1.2551368410684856,0.3622822848739426,0.0987330082149448,0.7337662337662337,0.7981481481481482,0.6851851851851852,0.76,0.6065573770491803,0.6434782608695652,0.20797300338745117
1,TVAE,7.csv,synthetic,lr,2.0,1228,43299,1.2551368410684856,0.3622822848739426,0.0987330082149448,0.7532467532467533,0.8064814814814815,0.7037037037037037,0.78,0.6333333333333333,0.6666666666666666,0.19758964896111839
1,TVAE,7.csv,synthetic,xgb,2.0,1228,43299,1.2551368410684856,0.3622822848739426,0.0987330082149448,0.7597402597402597,0.8103703703703704,0.6851851851851852,0.8,0.6491228070175439,0.6666666666666666,0.18403364717960358
1,TVAE,7.csv,synthetic,lr,3.0,1842,43299,1.2551368410684856,0.3622822848739426,0.0987330082149448,0.7467532467532467,0.8116666666666666,0.7407407407407407,0.75,0.6153846153846154,0.6722689075630253,0.19578617777206203
1,TVAE,7.csv,synthetic,xgb,3.0,1842,43299,1.2551368410684856,0.3622822848739426,0.0987330082149448,0.7532467532467533,0.8057407407407408,0.7592592592592593,0.75,0.6212121212121212,0.6833333333333333,0.18894706666469574
1,TVAE,8.csv,synthetic,lr,1.0,614,43299,1.1789928376984626,0.3609360569284583,0.0943676362968109,0.7467532467532467,0.8166666666666668,0.6851851851851852,0.78,0.6271186440677966,0.6548672566371682,0.19218988363675338
1,TVAE,8.csv,synthetic,xgb,1.0,614,43299,1.1789928376984626,0.3609360569284583,0.0943676362968109,0.6948051948051948,0.7962962962962963,0.6851851851851852,0.7,0.5522388059701493,0.6115702479338843,0.21727244555950165
1,TVAE,8.csv,synthetic,lr,2.0,1228,43299,1.1789928376984626,0.3609360569284583,0.0943676362968109,0.7662337662337663,0.8133333333333334,0.7037037037037037,0.8,0.6551724137931034,0.6785714285714286,0.19101835490751926
1,TVAE,8.csv,synthetic,xgb,2.0,1228,43299,1.1789928376984626,0.3609360569284583,0.0943676362968109,0.7467532467532467,0.8077777777777778,0.7222222222222222,0.76,0.6190476190476191,0.6666666666666666,0.19278880953788757
1,TVAE,8.csv,synthetic,lr,3.0,1842,43299,1.1789928376984626,0.3609360569284583,0.0943676362968109,0.7532467532467533,0.8151851851851852,0.7037037037037037,0.78,0.6333333333333333,0.6666666666666666,0.1910449825770647
1,TVAE,8.csv,synthetic,xgb,3.0,1842,43299,1.1789928376984626,0.3609360569284583,0.0943676362968109,0.7142857142857143,0.803888888888889,0.6666666666666666,0.74,0.5806451612903226,0.6206896551724138,0.19453184306621552
1,TVAE,9.csv,synthetic,lr,1.0,614,43299,1.122942528907653,0.3636339910205352,0.0881438525208693,0.7532467532467533,0.8146296296296297,0.7407407407407407,0.76,0.625,0.6779661016949152,0.18937131818448358
1,TVAE,9.csv,synthetic,xgb,1.0,614,43299,1.122942528907653,0.3636339910205352,0.0881438525208693,0.7337662337662337,0.8074074074074074,0.7592592592592593,0.72,0.5942028985507246,0.6666666666666666,0.1985110193490982
1,TVAE,9.csv,synthetic,lr,2.0,1228,43299,1.122942528907653,0.3636339910205352,0.0881438525208693,0.7142857142857143,0.8133333333333334,0.7407407407407407,0.7,0.5714285714285714,0.6451612903225806,0.20658943899301746
1,TVAE,9.csv,synthetic,xgb,2.0,1228,43299,1.122942528907653,0.3636339910205352,0.0881438525208693,0.7337662337662337,0.8133333333333334,0.8148148148148148,0.69,0.5866666666666667,0.6821705426356589,0.2059776782989502
1,TVAE,9.csv,synthetic,lr,3.0,1842,43299,1.122942528907653,0.3636339910205352,0.0881438525208693,0.7142857142857143,0.8044444444444444,0.7407407407407407,0.7,0.5714285714285714,0.6451612903225806,0.2162726379159115
1,TVAE,9.csv,synthetic,xgb,3.0,1842,43299,1.122942528907653,0.3636339910205352,0.0881438525208693,0.7272727272727273,0.8175925925925925,0.8148148148148148,0.68,0.5789473684210527,0.676923076923077,0.19361720979213715
1,TVAE,10.csv,synthetic,lr,1.0,614,43299,1.0752203948676031,0.3603289373771698,0.0870611550782467,0.7402597402597403,0.8233333333333333,0.7407407407407407,0.74,0.6060606060606061,0.6666666666666666,0.19261665502722589
1,TVAE,10.csv,synthetic,xgb,1.0,614,43299,1.0752203948676031,0.3603289373771698,0.0870611550782467,0.7207792207792207,0.8098148148148148,0.7592592592592593,0.7,0.5774647887323944,0.656,0.2006867229938507
1,TVAE,10.csv,synthetic,lr,2.0,1228,43299,1.0752203948676031,0.3603289373771698,0.0870611550782467,0.7337662337662337,0.8181481481481481,0.7407407407407407,0.73,0.5970149253731343,0.6611570247933884,0.19060741611150303
1,TVAE,10.csv,synthetic,xgb,2.0,1228,43299,1.0752203948676031,0.3603289373771698,0.0870611550782467,0.7142857142857143,0.7985185185185185,0.7962962962962963,0.67,0.5657894736842105,0.6615384615384615,0.21378390491008759
1,TVAE,10.csv,synthetic,lr,3.0,1842,43299,1.0752203948676031,0.3603289373771698,0.0870611550782467,0.7207792207792207,0.8074074074074074,0.7407407407407407,0.71,0.5797101449275363,0.6504065040650406,0.20434063424288249
1,TVAE,10.csv,synthetic,xgb,3.0,1842,43299,1.0752203948676031,0.3603289373771698,0.0870611550782467,0.7207792207792207,0.805,0.8148148148148148,0.67,0.5714285714285714,0.6717557251908397,0.20901377499103546
1,TVAE,11.csv,synthetic,lr,1.0,614,43299,0.9242621549228818,0.3609281804560443,0.1004080138525506,0.7467532467532467,0.8001851851851852,0.7222222222222222,0.76,0.6190476190476191,0.6666666666666666,0.19558164578246526
1,TVAE,11.csv,synthetic,xgb,1.0,614,43299,0.9242621549228818,0.3609281804560443,0.1004080138525506,0.6883116883116883,0.7901851851851852,0.6666666666666666,0.7,0.5454545454545454,0.6,0.20685012638568878
1,TVAE,11.csv,synthetic,lr,2.0,1228,43299,0.9242621549228818,0.3609281804560443,0.1004080138525506,0.7337662337662337,0.8094444444444445,0.7222222222222222,0.74,0.6,0.6554621848739496,0.1975659687134807
1,TVAE,11.csv,synthetic,xgb,2.0,1228,43299,0.9242621549228818,0.3609281804560443,0.1004080138525506,0.7662337662337663,0.8225925925925925,0.7222222222222222,0.79,0.65,0.6842105263157895,0.17449338734149933
1,TVAE,11.csv,synthetic,lr,3.0,1842,43299,0.9242621549228818,0.3609281804560443,0.1004080138525506,0.7337662337662337,0.8075925925925925,0.7407407407407407,0.73,0.5970149253731343,0.6611570247933884,0.19916531575417698
1,TVAE,11.csv,synthetic,xgb,3.0,1842,43299,0.9242621549228818,0.3609281804560443,0.1004080138525506,0.6948051948051948,0.8077777777777778,0.7777777777777778,0.65,0.5454545454545454,0.6412213740458015,0.20294992625713348
1,TVAE,12.csv,synthetic,lr,1.0,614,43299,1.1153939994065578,0.3564740237305435,0.0910040754262773,0.7402597402597403,0.8075925925925926,0.6666666666666666,0.78,0.6206896551724138,0.6428571428571429,0.1871509968511239
1,TVAE,12.csv,synthetic,xgb,1.0,614,43299,1.1153939994065578,0.3564740237305435,0.0910040754262773,0.7272727272727273,0.8009259259259259,0.5740740740740741,0.81,0.62,0.5961538461538461,0.1842334270477295
1,TVAE,12.csv,synthetic,lr,2.0,1228,43299,1.1153939994065578,0.3564740237305435,0.0910040754262773,0.7337662337662337,0.8162962962962963,0.6851851851851852,0.76,0.6065573770491803,0.6434782608695652,0.19076460792789152
1,TVAE,12.csv,synthetic,xgb,2.0,1228,43299,1.1153939994065578,0.3564740237305435,0.0910040754262773,0.7012987012987013,0.8116666666666666,0.6296296296296297,0.74,0.5666666666666667,0.5964912280701754,0.18728552758693695
1,TVAE,12.csv,synthetic,lr,3.0,1842,43299,1.1153939994065578,0.3564740237305435,0.0910040754262773,0.7467532467532467,0.8109259259259259,0.7407407407407407,0.75,0.6153846153846154,0.6722689075630253,0.19325812776033605
1,TVAE,12.csv,synthetic,xgb,3.0,1842,43299,1.1153939994065578,0.3564740237305435,0.0910040754262773,0.7402597402597403,0.8255555555555556,0.7222222222222222,0.75,0.609375,0.6610169491525424,0.1790744960308075
1,TVAE,13.csv,synthetic,lr,1.0,614,43299,0.9777866788201998,0.3605334586120587,0.0828714466325725,0.7142857142857143,0.8011111111111111,0.7222222222222222,0.71,0.5735294117647058,0.639344262295082,0.20920626177957596
1,TVAE,13.csv,synthetic,xgb,1.0,614,43299,0.9777866788201998,0.3605334586120587,0.0828714466325725,0.7467532467532467,0.8053703703703703,0.7962962962962963,0.72,0.6056338028169014,0.688,0.19055509567260742
1,TVAE,13.csv,synthetic,lr,2.0,1228,43299,0.9777866788201998,0.3605334586120587,0.0828714466325725,0.7402597402597403,0.807962962962963,0.7037037037037037,0.76,0.6129032258064516,0.6551724137931034,0.1928210468045674
1,TVAE,13.csv,synthetic,xgb,2.0,1228,43299,0.9777866788201998,0.3605334586120587,0.0828714466325725,0.7402597402597403,0.8162962962962963,0.7407407407407407,0.74,0.6060606060606061,0.6666666666666666,0.18616797029972076
1,TVAE,13.csv,synthetic,lr,3.0,1842,43299,0.9777866788201998,0.3605334586120587,0.0828714466325725,0.7272727272727273,0.8105555555555555,0.7037037037037037,0.74,0.59375,0.6440677966101694,0.19233743414292195
1,TVAE,13.csv,synthetic,xgb,3.0,1842,43299,0.9777866788201998,0.3605334586120587,0.0828714466325725,0.7142857142857143,0.8027777777777778,0.7592592592592593,0.69,0.5694444444444444,0.6507936507936508,0.19938664138317108
1,TVAE,14.csv,synthetic,lr,1.0,614,43299,0.8726557281072228,0.3596282370754072,0.0884853709764129,0.7402597402597403,0.8099999999999999,0.7407407407407407,0.74,0.6060606060606061,0.6666666666666666,0.20365996096592784
1,TVAE,14.csv,synthetic,xgb,1.0,614,43299,0.8726557281072228,0.3596282370754072,0.0884853709764129,0.7272727272727273,0.817037037037037,0.7777777777777778,0.7,0.5833333333333334,0.6666666666666666,0.19899724423885345
1,TVAE,14.csv,synthetic,lr,2.0,1228,43299,0.8726557281072228,0.3596282370754072,0.0884853709764129,0.7337662337662337,0.8066666666666668,0.7407407407407407,0.73,0.5970149253731343,0.6611570247933884,0.20405673072070346
1,TVAE,14.csv,synthetic,xgb,2.0,1228,43299,0.8726557281072228,0.3596282370754072,0.0884853709764129,0.7207792207792207,0.8227777777777778,0.7037037037037037,0.73,0.5846153846153846,0.6386554621848739,0.18228387832641602
1,TVAE,14.csv,synthetic,lr,3.0,1842,43299,0.8726557281072228,0.3596282370754072,0.0884853709764129,0.7402597402597403,0.8088888888888889,0.7407407407407407,0.74,0.6060606060606061,0.6666666666666666,0.1926711647364582
1,TVAE,14.csv,synthetic,xgb,3.0,1842,43299,0.8726557281072228,0.3596282370754072,0.0884853709764129,0.7337662337662337,0.8237037037037037,0.7962962962962963,0.7,0.589041095890411,0.6771653543307087,0.17912176251411438
1,COPULA,0.csv,synthetic,lr,1.0,614,12989,1.856049891204883,0.3533083524527094,0.0949577405481331,0.577922077922078,0.7985185185185185,0.9629629629629629,0.37,0.45217391304347826,0.6153846153846154,0.3570362012989913
1,COPULA,0.csv,synthetic,xgb,1.0,614,12989,1.856049891204883,0.3533083524527094,0.0949577405481331,0.6103896103896104,0.7407407407407407,0.8518518518518519,0.48,0.46938775510204084,0.6052631578947368,0.3024927079677582
1,COPULA,0.csv,synthetic,lr,2.0,1228,12989,1.856049891204883,0.3533083524527094,0.0949577405481331,0.5844155844155844,0.7875925925925926,0.9074074074074074,0.41,0.4537037037037037,0.6049382716049383,0.33793049263363745
1,COPULA,0.csv,synthetic,xgb,2.0,1228,12989,1.856049891204883,0.3533083524527094,0.0949577405481331,0.6558441558441559,0.7914814814814815,0.8888888888888888,0.53,0.5052631578947369,0.6442953020134228,0.26652637124061584
1,COPULA,0.csv,synthetic,lr,3.0,1842,12989,1.856049891204883,0.3533083524527094,0.0949577405481331,0.5909090909090909,0.7877777777777778,0.9629629629629629,0.39,0.46017699115044247,0.6227544910179641,0.3617808427726468
1,COPULA,0.csv,synthetic,xgb,3.0,1842,12989,1.856049891204883,0.3533083524527094,0.0949577405481331,0.6428571428571429,0.7894444444444444,0.8703703703703703,0.52,0.49473684210526314,0.6308724832214765,0.28551095724105835
1,COPULA,1.csv,synthetic,lr,1.0,614,12989,0.8302001500401699,0.3523361808581685,0.0763533351842259,0.7402597402597403,0.7835185185185185,0.6666666666666666,0.78,0.6206896551724138,0.6428571428571429,0.19717361100949776
1,COPULA,1.csv,synthetic,xgb,1.0,614,12989,0.8302001500401699,0.3523361808581685,0.0763533351842259,0.7337662337662337,0.8012962962962963,0.6296296296296297,0.79,0.6181818181818182,0.6238532110091743,0.1710052788257599
1,COPULA,1.csv,synthetic,lr,2.0,1228,12989,0.8302001500401699,0.3523361808581685,0.0763533351842259,0.7532467532467533,0.7842592592592592,0.6296296296296297,0.82,0.6538461538461539,0.6415094339622641,0.19416526020034686
1,COPULA,1.csv,synthetic,xgb,2.0,1228,12989,0.8302001500401699,0.3523361808581685,0.0763533351842259,0.7597402597402597,0.7914814814814815,0.6111111111111112,0.84,0.673469387755102,0.6407766990291263,0.17784982919692993
1,COPULA,1.csv,synthetic,lr,3.0,1842,12989,0.8302001500401699,0.3523361808581685,0.0763533351842259,0.7272727272727273,0.7846296296296297,0.6666666666666666,0.76,0.6,0.631578947368421,0.19956854458864845
1,COPULA,1.csv,synthetic,xgb,3.0,1842,12989,0.8302001500401699,0.3523361808581685,0.0763533351842259,0.7662337662337663,0.7751851851851852,0.6296296296296297,0.84,0.68,0.6538461538461539,0.18434388935565948
1,COPULA,2.csv,synthetic,lr,1.0,614,12989,1.22957475202247,0.3826691223875634,0.0717022028793656,0.6623376623376623,0.6901851851851852,0.05555555555555555,0.99,0.75,0.10344827586206896,0.21289910273951823
1,COPULA,2.csv,synthetic,xgb,1.0,614,12989,1.22957475202247,0.3826691223875634,0.0717022028793656,0.6753246753246753,0.6401851851851852,0.1111111111111111,0.98,0.75,0.1935483870967742,0.2220556139945984
1,COPULA,2.csv,synthetic,lr,2.0,1228,12989,1.22957475202247,0.3826691223875634,0.0717022028793656,0.6688311688311688,0.6827777777777777,0.12962962962962962,0.96,0.6363636363636364,0.2153846153846154,0.2124859047993109
1,COPULA,2.csv,synthetic,xgb,2.0,1228,12989,1.22957475202247,0.3826691223875634,0.0717022028793656,0.6688311688311688,0.6361111111111111,0.07407407407407407,0.99,0.8,0.13559322033898305,0.2316330522298813
1,COPULA,2.csv,synthetic,lr,3.0,1842,12989,1.22957475202247,0.3826691223875634,0.0717022028793656,0.6493506493506493,0.7177777777777777,0.018518518518518517,0.99,0.5,0.03571428571428571,0.22075868793342515
1,COPULA,2.csv,synthetic,xgb,3.0,1842,12989,1.22957475202247,0.3826691223875634,0.0717022028793656,0.6558441558441559,0.7187037037037037,0.018518518518518517,1.0,1.0,0.03636363636363636,0.21726088225841522
1,COPULA,3.csv,synthetic,lr,1.0,614,12989,1.7374653184924227,0.3633734522557996,0.1011224718009144,0.6038961038961039,0.4201851851851852,0.0,0.93,0.0,0.0,0.24570281910541752
1,COPULA,3.csv,synthetic,xgb,1.0,614,12989,1.7374653184924227,0.3633734522557996,0.1011224718009144,0.564935064935065,0.4805555555555556,0.25925925925925924,0.73,0.34146341463414637,0.29473684210526313,0.24812084436416626
1,COPULA,3.csv,synthetic,lr,2.0,1228,12989,1.7374653184924227,0.3633734522557996,0.1011224718009144,0.6363636363636364,0.49518518518518523,0.09259259259259259,0.93,0.4166666666666667,0.15151515151515152,0.23586885402318933
1,COPULA,3.csv,synthetic,xgb,2.0,1228,12989,1.7374653184924227,0.3633734522557996,0.1011224718009144,0.6363636363636364,0.3972222222222222,0.1111111111111111,0.92,0.42857142857142855,0.17647058823529413,0.25695300102233887
1,COPULA,3.csv,synthetic,lr,3.0,1842,12989,1.7374653184924227,0.3633734522557996,0.1011224718009144,0.6168831168831169,0.37203703703703705,0.0,0.95,0.0,0.0,0.24820573898908047
1,COPULA,3.csv,synthetic,xgb,3.0,1842,12989,1.7374653184924227,0.3633734522557996,0.1011224718009144,0.6168831168831169,0.5464814814814815,0.25925925925925924,0.81,0.42424242424242425,0.3218390804597701,0.23371312022209167
1,COPULA,4.csv,synthetic,lr,1.0,614,43299,1.2419665058633194,0.3476549721981133,0.0838886800854491,0.7467532467532467,0.7974074074074075,0.6111111111111112,0.82,0.6470588235294118,0.6285714285714286,0.18083841469050407
1,COPULA,4.csv,synthetic,xgb,1.0,614,43299,1.2419665058633194,0.3476549721981133,0.0838886800854491,0.7337662337662337,0.7846296296296297,0.5555555555555556,0.83,0.6382978723404256,0.594059405940594,0.1863771677017212
1,COPULA,4.csv,synthetic,lr,2.0,1228,43299,1.2419665058633194,0.3476549721981133,0.0838886800854491,0.7142857142857143,0.7846296296296296,0.6111111111111112,0.77,0.5892857142857143,0.6,0.19700000416570548
1,COPULA,4.csv,synthetic,xgb,2.0,1228,43299,1.2419665058633194,0.3476549721981133,0.0838886800854491,0.7142857142857143,0.7781481481481481,0.5555555555555556,0.8,0.6,0.5769230769230769,0.20169112086296082
1,COPULA,4.csv,synthetic,lr,3.0,1842,43299,1.2419665058633194,0.3476549721981133,0.0838886800854491,0.7402597402597403,0.8007407407407408,0.6666666666666666,0.78,0.6206896551724138,0.6428571428571429,0.19246533013664713
1,COPULA,4.csv,synthetic,xgb,3.0,1842,43299,1.2419665058633194,0.3476549721981133,0.0838886800854491,0.7012987012987013,0.7820370370370371,0.5370370370370371,0.79,0.58,0.5576923076923077,0.19323351979255676
1,COPULA,5.csv,synthetic,lr,1.0,614,43299,0.8865213910727072,0.3638779607066574,0.0802379619951178,0.7467532467532467,0.8127777777777778,0.5925925925925926,0.83,0.6530612244897959,0.6213592233009708,0.17707061145203257
1,COPULA,5.csv,synthetic,xgb,1.0,614,43299,0.8865213910727072,0.3638779607066574,0.0802379619951178,0.7337662337662337,0.8099999999999999,0.5555555555555556,0.83,0.6382978723404256,0.594059405940594,0.17360830307006836
1,COPULA,5.csv,synthetic,lr,2.0,1228,43299,0.8865213910727072,0.3638779607066574,0.0802379619951178,0.7532467532467533,0.812037037037037,0.5925925925925926,0.84,0.6666666666666666,0.6274509803921569,0.16911414187601306
1,COPULA,5.csv,synthetic,xgb,2.0,1228,43299,0.8865213910727072,0.3638779607066574,0.0802379619951178,0.7402597402597403,0.8157407407407408,0.6296296296296297,0.8,0.6296296296296297,0.6296296296296297,0.16938330233097076
1,COPULA,5.csv,synthetic,lr,3.0,1842,43299,0.8865213910727072,0.3638779607066574,0.0802379619951178,0.7532467532467533,0.8222222222222222,0.5925925925925926,0.84,0.6666666666666666,0.6274509803921569,0.16469392920446352
1,COPULA,5.csv,synthetic,xgb,3.0,1842,43299,0.8865213910727072,0.3638779607066574,0.0802379619951178,0.7532467532467533,0.834074074074074,0.5740740740740741,0.85,0.6739130434782609,0.62,0.15553739666938782
1,COPULA,6.csv,synthetic,lr,1.0,614,43299,1.6541951890174953,0.3502536126175144,0.1037660613155258,0.7142857142857143,0.8081481481481482,0.7592592592592593,0.69,0.5694444444444444,0.6507936507936508,0.19621037096680577
1,COPULA,6.csv,synthetic,xgb,1.0,614,43299,1.6541951890174953,0.3502536126175144,0.1037660613155258,0.7012987012987013,0.7857407407407409,0.6296296296296297,0.74,0.5666666666666667,0.5964912280701754,0.19086027145385742
1,COPULA,6.csv,synthetic,lr,2.0,1228,43299,1.6541951890174953,0.3502536126175144,0.1037660613155258,0.7597402597402597,0.7905555555555556,0.6666666666666666,0.81,0.6545454545454545,0.6605504587155964,0.18777130022768218
1,COPULA,6.csv,synthetic,xgb,2.0,1228,43299,1.6541951890174953,0.3502536126175144,0.1037660613155258,0.7142857142857143,0.73,0.5370370370370371,0.81,0.6041666666666666,0.5686274509803921,0.20717081427574158
1,COPULA,6.csv,synthetic,lr,3.0,1842,43299,1.6541951890174953,0.3502536126175144,0.1037660613155258,0.7337662337662337,0.7894444444444445,0.7592592592592593,0.72,0.5942028985507246,0.6666666666666666,0.20082837481307206
1,COPULA,6.csv,synthetic,xgb,3.0,1842,43299,1.6541951890174953,0.3502536126175144,0.1037660613155258,0.7207792207792207,0.7335185185185185,0.5,0.84,0.627906976744186,0.5567010309278351,0.20337699353694916
1,COPULA,7.csv,synthetic,lr,1.0,614,43299,1.1306023730294903,0.3632591173767467,0.1091756296263387,0.7402597402597403,0.8262962962962963,0.4444444444444444,0.9,0.7058823529411765,0.5454545454545454,0.17364404738738137
1,COPULA,7.csv,synthetic,xgb,1.0,614,43299,1.1306023730294903,0.3632591173767467,0.1091756296263387,0.6883116883116883,0.8011111111111111,0.3148148148148148,0.89,0.6071428571428571,0.4146341463414634,0.1831354945898056
1,COPULA,7.csv,synthetic,lr,2.0,1228,43299,1.1306023730294903,0.3632591173767467,0.1091756296263387,0.7597402597402597,0.841111111111111,0.4444444444444444,0.93,0.7741935483870968,0.5647058823529412,0.1688560114866271
1,COPULA,7.csv,synthetic,xgb,2.0,1228,43299,1.1306023730294903,0.3632591173767467,0.1091756296263387,0.7337662337662337,0.8098148148148148,0.3333333333333333,0.95,0.782608695652174,0.4675324675324675,0.19012175500392914
1,COPULA,7.csv,synthetic,lr,3.0,1842,43299,1.1306023730294903,0.3632591173767467,0.1091756296263387,0.7337662337662337,0.8277777777777778,0.3888888888888889,0.92,0.7241379310344828,0.5060240963855421,0.1715870226398795
1,COPULA,7.csv,synthetic,xgb,3.0,1842,43299,1.1306023730294903,0.3632591173767467,0.1091756296263387,0.7272727272727273,0.8338888888888888,0.3148148148148148,0.95,0.7727272727272727,0.4473684210526316,0.17772436141967773
1,COPULA,8.csv,synthetic,lr,1.0,614,43299,1.2596291736806304,0.3724205820128185,0.064153674153077,0.7077922077922078,0.7992592592592592,0.35185185185185186,0.9,0.6551724137931034,0.4578313253012048,0.17662138233685035
1,COPULA,8.csv,synthetic,xgb,1.0,614,43299,1.2596291736806304,0.3724205820128185,0.064153674153077,0.7207792207792207,0.7920370370370371,0.4444444444444444,0.87,0.6486486486486487,0.5274725274725275,0.1770319938659668
1,COPULA,8.csv,synthetic,lr,2.0,1228,43299,1.2596291736806304,0.3724205820128185,0.064153674153077,0.7402597402597403,0.8175925925925926,0.4444444444444444,0.9,0.7058823529411765,0.5454545454545454,0.16530604734854099
1,COPULA,8.csv,synthetic,xgb,2.0,1228,43299,1.2596291736806304,0.3724205820128185,0.064153674153077,0.7532467532467533,0.8205555555555556,0.4444444444444444,0.92,0.75,0.5581395348837209,0.16672198474407196
1,COPULA,8.csv,synthetic,lr,3.0,1842,43299,1.2596291736806304,0.3724205820128185,0.064153674153077,0.7337662337662337,0.8172222222222222,0.42592592592592593,0.9,0.696969696969697,0.5287356321839081,0.16349222114444975
1,COPULA,8.csv,synthetic,xgb,3.0,1842,43299,1.2596291736806304,0.3724205820128185,0.064153674153077,0.7532467532467533,0.7987037037037037,0.46296296296296297,0.91,0.7352941176470589,0.5681818181818182,0.17122608423233032
1,COPULA,9.csv,synthetic,lr,1.0,614,43299,1.8349965884453685,0.351970754105825,0.0595963110360521,0.7272727272727273,0.7766666666666666,0.6851851851851852,0.75,0.5967741935483871,0.6379310344827587,0.20042110021029913
1,COPULA,9.csv,synthetic,xgb,1.0,614,43299,1.8349965884453685,0.351970754105825,0.0595963110360521,0.7467532467532467,0.7975925925925926,0.6111111111111112,0.82,0.6470588235294118,0.6285714285714286,0.17610430717468262
1,COPULA,9.csv,synthetic,lr,2.0,1228,43299,1.8349965884453685,0.351970754105825,0.0595963110360521,0.7532467532467533,0.787037037037037,0.6481481481481481,0.81,0.6481481481481481,0.6481481481481481,0.18804033756789632
1,COPULA,9.csv,synthetic,xgb,2.0,1228,43299,1.8349965884453685,0.351970754105825,0.0595963110360521,0.7402597402597403,0.8120370370370371,0.5185185185185185,0.86,0.6666666666666666,0.5833333333333334,0.17998728156089783
1,COPULA,9.csv,synthetic,lr,3.0,1842,43299,1.8349965884453685,0.351970754105825,0.0595963110360521,0.7337662337662337,0.7509259259259259,0.6296296296296297,0.79,0.6181818181818182,0.6238532110091743,0.2070211308205682
1,COPULA,9.csv,synthetic,xgb,3.0,1842,43299,1.8349965884453685,0.351970754105825,0.0595963110360521,0.6883116883116883,0.7746296296296297,0.5,0.79,0.5625,0.5294117647058824,0.19239965081214905
1,COPULA,10.csv,synthetic,lr,1.0,614,43299,0.9495603657901992,0.36435430460015,0.0714720539590241,0.7337662337662337,0.7977777777777778,0.5740740740740741,0.82,0.6326530612244898,0.6019417475728155,0.1752687628914737
1,COPULA,10.csv,synthetic,xgb,1.0,614,43299,0.9495603657901992,0.36435430460015,0.0714720539590241,0.7207792207792207,0.7792592592592593,0.6111111111111112,0.78,0.6,0.6055045871559633,0.1846092790365219
1,COPULA,10.csv,synthetic,lr,2.0,1228,43299,0.9495603657901992,0.36435430460015,0.0714720539590241,0.7792207792207793,0.805,0.5740740740740741,0.89,0.7380952380952381,0.6458333333333334,0.16718431798804226
1,COPULA,10.csv,synthetic,xgb,2.0,1228,43299,0.9495603657901992,0.36435430460015,0.0714720539590241,0.7272727272727273,0.7961111111111111,0.5555555555555556,0.82,0.625,0.5882352941176471,0.17110048234462738
1,COPULA,10.csv,synthetic,lr,3.0,1842,43299,0.9495603657901992,0.36435430460015,0.0714720539590241,0.7727272727272727,0.8079629629629629,0.5740740740740741,0.88,0.7209302325581395,0.6391752577319587,0.16793278753157959
1,COPULA,10.csv,synthetic,xgb,3.0,1842,43299,0.9495603657901992,0.36435430460015,0.0714720539590241,0.7207792207792207,0.772962962962963,0.5,0.84,0.627906976744186,0.5567010309278351,0.1826881319284439
1,COPULA,11.csv,synthetic,lr,1.0,614,43299,0.937256748468232,0.3693939971095586,0.0677626213166217,0.7532467532467533,0.8516666666666667,0.4074074074074074,0.94,0.7857142857142857,0.5365853658536586,0.16237972741881884
1,COPULA,11.csv,synthetic,xgb,1.0,614,43299,0.937256748468232,0.3693939971095586,0.0677626213166217,0.7142857142857143,0.7703703703703704,0.4074074074074074,0.88,0.6470588235294118,0.5,0.18718411028385162
1,COPULA,11.csv,synthetic,lr,2.0,1228,43299,0.937256748468232,0.3693939971095586,0.0677626213166217,0.7467532467532467,0.8514814814814815,0.3888888888888889,0.94,0.7777777777777778,0.5185185185185185,0.15718298368646696
1,COPULA,11.csv,synthetic,xgb,2.0,1228,43299,0.937256748468232,0.3693939971095586,0.0677626213166217,0.7662337662337663,0.8396296296296296,0.4444444444444444,0.94,0.8,0.5714285714285714,0.16079069674015045
1,COPULA,11.csv,synthetic,lr,3.0,1842,43299,0.937256748468232,0.3693939971095586,0.0677626213166217,0.7597402597402597,0.8520370370370371,0.4444444444444444,0.93,0.7741935483870968,0.5647058823529412,0.15711479714952434
1,COPULA,11.csv,synthetic,xgb,3.0,1842,43299,0.937256748468232,0.3693939971095586,0.0677626213166217,0.7597402597402597,0.8196296296296297,0.42592592592592593,0.94,0.7931034482758621,0.5542168674698795,0.16661383211612701
1,COPULA,12.csv,synthetic,lr,1.0,614,43299,1.3958163666400252,0.3452124744807312,0.0754937670521594,0.6883116883116883,0.7801851851851852,0.5370370370370371,0.77,0.5576923076923077,0.5471698113207547,0.19817434831755684
1,COPULA,12.csv,synthetic,xgb,1.0,614,43299,1.3958163666400252,0.3452124744807312,0.0754937670521594,0.6818181818181818,0.7612962962962962,0.5,0.78,0.5510204081632653,0.5242718446601942,0.20833590626716614
1,COPULA,12.csv,synthetic,lr,2.0,1228,43299,1.3958163666400252,0.3452124744807312,0.0754937670521594,0.7142857142857143,0.7874074074074074,0.5925925925925926,0.78,0.5925925925925926,0.5925925925925926,0.19000482831855112
1,COPULA,12.csv,synthetic,xgb,2.0,1228,43299,1.3958163666400252,0.3452124744807312,0.0754937670521594,0.7597402597402597,0.7924074074074074,0.5925925925925926,0.85,0.6808510638297872,0.6336633663366337,0.17655546963214874
1,COPULA,12.csv,synthetic,lr,3.0,1842,43299,1.3958163666400252,0.3452124744807312,0.0754937670521594,0.7142857142857143,0.7925925925925926,0.5,0.83,0.6136363636363636,0.5510204081632653,0.18958125877986245
1,COPULA,12.csv,synthetic,xgb,3.0,1842,43299,1.3958163666400252,0.3452124744807312,0.0754937670521594,0.7337662337662337,0.787037037037037,0.5740740740740741,0.82,0.6326530612244898,0.6019417475728155,0.18225306272506714
1,COPULA,13.csv,synthetic,lr,1.0,614,43299,1.1324026275059689,0.3585554665641338,0.0764797206778328,0.6298701298701299,0.782962962962963,0.6296296296296297,0.63,0.4788732394366197,0.544,0.22235412833977142
1,COPULA,13.csv,synthetic,xgb,1.0,614,43299,1.1324026275059689,0.3585554665641338,0.0764797206778328,0.7142857142857143,0.7655555555555555,0.7222222222222222,0.71,0.5735294117647058,0.639344262295082,0.21070292592048645
1,COPULA,13.csv,synthetic,lr,2.0,1228,43299,1.1324026275059689,0.3585554665641338,0.0764797206778328,0.6883116883116883,0.7801851851851852,0.6296296296296297,0.72,0.5483870967741935,0.5862068965517241,0.21100567620507868
1,COPULA,13.csv,synthetic,xgb,2.0,1228,43299,1.1324026275059689,0.3585554665641338,0.0764797206778328,0.7077922077922078,0.78,0.6851851851851852,0.72,0.5692307692307692,0.6218487394957983,0.19962075352668762
1,COPULA,13.csv,synthetic,lr,3.0,1842,43299,1.1324026275059689,0.3585554665641338,0.0764797206778328,0.6883116883116883,0.7957407407407407,0.6296296296296297,0.72,0.5483870967741935,0.5862068965517241,0.20480281361359243
1,COPULA,13.csv,synthetic,xgb,3.0,1842,43299,1.1324026275059689,0.3585554665641338,0.0764797206778328,0.6818181818181818,0.8068518518518518,0.7222222222222222,0.66,0.5342465753424658,0.6141732283464567,0.18776479363441467
1,COPULA,14.csv,synthetic,lr,1.0,614,43299,0.8765924381420339,0.373171775339881,0.0642394057059694,0.7597402597402597,0.8268518518518517,0.6111111111111112,0.84,0.673469387755102,0.6407766990291263,0.15975685655495067
1,COPULA,14.csv,synthetic,xgb,1.0,614,43299,0.8765924381420339,0.373171775339881,0.0642394057059694,0.7727272727272727,0.812037037037037,0.6481481481481481,0.84,0.6862745098039216,0.6666666666666666,0.167809396982193
1,COPULA,14.csv,synthetic,lr,2.0,1228,43299,0.8765924381420339,0.373171775339881,0.0642394057059694,0.7597402597402597,0.8342592592592593,0.6481481481481481,0.82,0.660377358490566,0.6542056074766355,0.15690912592967943
1,COPULA,14.csv,synthetic,xgb,2.0,1228,43299,0.8765924381420339,0.373171775339881,0.0642394057059694,0.7532467532467533,0.8124074074074074,0.6296296296296297,0.82,0.6538461538461539,0.6415094339622641,0.16868478059768677
1,COPULA,14.csv,synthetic,lr,3.0,1842,43299,0.8765924381420339,0.373171775339881,0.0642394057059694,0.7857142857142857,0.8446296296296296,0.7037037037037037,0.83,0.6909090909090909,0.6972477064220184,0.15131513960350584
1,COPULA,14.csv,synthetic,xgb,3.0,1842,43299,0.8765924381420339,0.373171775339881,0.0642394057059694,0.7532467532467533,0.8237037037037037,0.7037037037037037,0.78,0.6333333333333333,0.6666666666666666,0.16211700439453125
1,CTGAN,0.csv,synthetic,lr,1.0,614,12989,1.3069073270846463,0.3571414863992434,0.0988670097610018,0.7272727272727273,0.8425925925925926,0.7777777777777778,0.7,0.5833333333333334,0.6666666666666666,0.18622782112609493
1,CTGAN,0.csv,synthetic,xgb,1.0,614,12989,1.3069073270846463,0.3571414863992434,0.0988670097610018,0.6493506493506493,0.79,0.8148148148148148,0.56,0.5,0.6197183098591549,0.23366913199424744
1,CTGAN,0.csv,synthetic,lr,2.0,1228,12989,1.3069073270846463,0.3571414863992434,0.0988670097610018,0.7597402597402597,0.8468518518518519,0.7962962962962963,0.74,0.6231884057971014,0.6991869918699187,0.18623213379945106
1,CTGAN,0.csv,synthetic,xgb,2.0,1228,12989,1.3069073270846463,0.3571414863992434,0.0988670097610018,0.7012987012987013,0.7985185185185185,0.8888888888888888,0.6,0.5454545454545454,0.676056338028169,0.22835040092468262
1,CTGAN,0.csv,synthetic,lr,3.0,1842,12989,1.3069073270846463,0.3571414863992434,0.0988670097610018,0.7467532467532467,0.8411111111111111,0.7777777777777778,0.73,0.6086956521739131,0.6829268292682927,0.18283540651872965
1,CTGAN,0.csv,synthetic,xgb,3.0,1842,12989,1.3069073270846463,0.3571414863992434,0.0988670097610018,0.7142857142857143,0.8035185185185184,0.8148148148148148,0.66,0.5641025641025641,0.6666666666666666,0.21132715046405792
1,CTGAN,1.csv,synthetic,lr,1.0,614,12989,1.566710188394349,0.3499009848418428,0.1033843046770663,0.7402597402597403,0.8329629629629629,0.3333333333333333,0.96,0.8181818181818182,0.47368421052631576,0.19284406376168348
1,CTGAN,1.csv,synthetic,xgb,1.0,614,12989,1.566710188394349,0.3499009848418428,0.1033843046770663,0.7272727272727273,0.8103703703703703,0.3333333333333333,0.94,0.75,0.46153846153846156,0.20582525432109833
1,CTGAN,1.csv,synthetic,lr,2.0,1228,12989,1.566710188394349,0.3499009848418428,0.1033843046770663,0.7142857142857143,0.8379629629629629,0.37037037037037035,0.9,0.6666666666666666,0.47619047619047616,0.18921509490753582
1,CTGAN,1.csv,synthetic,xgb,2.0,1228,12989,1.566710188394349,0.3499009848418428,0.1033843046770663,0.6948051948051948,0.8061111111111111,0.3333333333333333,0.89,0.6206896551724138,0.43373493975903615,0.20066459476947784
1,CTGAN,1.csv,synthetic,lr,3.0,1842,12989,1.566710188394349,0.3499009848418428,0.1033843046770663,0.7272727272727273,0.8362962962962963,0.3333333333333333,0.94,0.75,0.46153846153846156,0.19834807070879598
1,CTGAN,1.csv,synthetic,xgb,3.0,1842,12989,1.566710188394349,0.3499009848418428,0.1033843046770663,0.7207792207792207,0.8287037037037037,0.3333333333333333,0.93,0.72,0.45569620253164556,0.20278574526309967
1,CTGAN,2.csv,synthetic,lr,1.0,614,12989,2.313428105498676,0.4378212459588175,0.2030751893795,0.6623376623376623,0.7772222222222223,0.037037037037037035,1.0,1.0,0.07142857142857142,0.24465961815442025
1,CTGAN,2.csv,synthetic,xgb,1.0,614,12989,2.313428105498676,0.4378212459588175,0.2030751893795,0.6623376623376623,0.6470370370370371,0.05555555555555555,0.99,0.75,0.10344827586206896,0.280752956867218
1,CTGAN,2.csv,synthetic,lr,2.0,1228,12989,2.313428105498676,0.4378212459588175,0.2030751893795,0.6558441558441559,0.7711111111111111,0.018518518518518517,1.0,1.0,0.03636363636363636,0.2457608820577894
1,CTGAN,2.csv,synthetic,xgb,2.0,1228,12989,2.313428105498676,0.4378212459588175,0.2030751893795,0.6688311688311688,0.7103703703703703,0.05555555555555555,1.0,1.0,0.10526315789473684,0.25153663754463196
1,CTGAN,2.csv,synthetic,lr,3.0,1842,12989,2.313428105498676,0.4378212459588175,0.2030751893795,0.6623376623376623,0.7503703703703704,0.037037037037037035,1.0,1.0,0.07142857142857142,0.26783263365973276
1,CTGAN,2.csv,synthetic,xgb,3.0,1842,12989,2.313428105498676,0.4378212459588175,0.2030751893795,0.6623376623376623,0.6851851851851851,0.037037037037037035,1.0,1.0,0.07142857142857142,0.28869181871414185
1,CTGAN,3.csv,synthetic,lr,1.0,614,12989,2.547167806540475,0.473923839487773,0.1659526329717392,0.6493506493506493,0.6637037037037038,0.0,1.0,0.0,0.0,0.23963301511918905
1,CTGAN,3.csv,synthetic,xgb,1.0,614,12989,2.547167806540475,0.473923839487773,0.1659526329717392,0.6493506493506493,0.5625925925925926,0.0,1.0,0.0,0.0,0.2736491560935974
1,CTGAN,3.csv,synthetic,lr,2.0,1228,12989,2.547167806540475,0.473923839487773,0.1659526329717392,0.6493506493506493,0.7283333333333333,0.0,1.0,0.0,0.0,0.22785964452696214
1,CTGAN,3.csv,synthetic,xgb,2.0,1228,12989,2.547167806540475,0.473923839487773,0.1659526329717392,0.6493506493506493,0.6405555555555555,0.0,1.0,0.0,0.0,0.23361651599407196
1,CTGAN,3.csv,synthetic,lr,3.0,1842,12989,2.547167806540475,0.473923839487773,0.1659526329717392,0.6493506493506493,0.6461111111111111,0.0,1.0,0.0,0.0,0.243513605100168
1,CTGAN,3.csv,synthetic,xgb,3.0,1842,12989,2.547167806540475,0.473923839487773,0.1659526329717392,0.6558441558441559,0.6305555555555554,0.018518518518518517,1.0,1.0,0.03636363636363636,0.23874683678150177
2,REAL,real_train,real_baseline,lr,1.0,614,614,nan,nan,nan,0.7792207792207793,0.867962962962963,0.5,0.93,0.7941176470588235,0.6136363636363636,0.15087363604593093
2,REAL,real_train,real_baseline,xgb,1.0,614,614,nan,nan,nan,0.7987012987012987,0.8837037037037038,0.5370370370370371,0.94,0.8285714285714286,0.651685393258427,0.1405397653579712
2,TVAE,0.csv,synthetic,lr,1.0,614,12900,2.0617053690812663,0.3617576827460638,0.0852517868540782,0.7727272727272727,0.8711111111111112,0.5555555555555556,0.89,0.7317073170731707,0.631578947368421,0.1625154860293007
2,TVAE,0.csv,synthetic,xgb,1.0,614,12900,2.0617053690812663,0.3617576827460638,0.0852517868540782,0.7987012987012987,0.8890740740740741,0.5925925925925926,0.91,0.7804878048780488,0.6736842105263158,0.14717869460582733
2,TVAE,0.csv,synthetic,lr,2.0,1228,12900,2.0617053690812663,0.3617576827460638,0.0852517868540782,0.7727272727272727,0.8533333333333333,0.5925925925925926,0.87,0.7111111111111111,0.6464646464646465,0.1750467947168329
2,TVAE,0.csv,synthetic,xgb,2.0,1228,12900,2.0617053690812663,0.3617576827460638,0.0852517868540782,0.7727272727272727,0.855925925925926,0.5925925925925926,0.87,0.7111111111111111,0.6464646464646465,0.16944783926010132
2,TVAE,0.csv,synthetic,lr,3.0,1842,12900,2.0617053690812663,0.3617576827460638,0.0852517868540782,0.7727272727272727,0.857037037037037,0.5740740740740741,0.88,0.7209302325581395,0.6391752577319587,0.17192910199751965
2,TVAE,0.csv,synthetic,xgb,3.0,1842,12900,2.0617053690812663,0.3617576827460638,0.0852517868540782,0.7857142857142857,0.8418518518518519,0.6111111111111112,0.88,0.7333333333333333,0.6666666666666666,0.17606396973133087
2,TVAE,1.csv,synthetic,lr,1.0,614,12900,1.8915409911645336,0.361038173291941,0.1011723639202753,0.7987012987012987,0.8853703703703704,0.6666666666666666,0.87,0.7346938775510204,0.6990291262135923,0.1454052804168967
2,TVAE,1.csv,synthetic,xgb,1.0,614,12900,1.8915409911645336,0.361038173291941,0.1011723639202753,0.8246753246753247,0.9061111111111111,0.6851851851851852,0.9,0.7872340425531915,0.7326732673267327,0.12414698302745819
2,TVAE,1.csv,synthetic,lr,2.0,1228,12900,1.8915409911645336,0.361038173291941,0.1011723639202753,0.7727272727272727,0.8755555555555555,0.5555555555555556,0.89,0.7317073170731707,0.631578947368421,0.15476687909568915
2,TVAE,1.csv,synthetic,xgb,2.0,1228,12900,1.8915409911645336,0.361038173291941,0.1011723639202753,0.7857142857142857,0.8633333333333333,0.5925925925925926,0.89,0.7441860465116279,0.6597938144329897,0.1620383858680725
2,TVAE,1.csv,synthetic,lr,3.0,1842,12900,1.8915409911645336,0.361038173291941,0.1011723639202753,0.7792207792207793,0.8833333333333334,0.6296296296296297,0.86,0.7083333333333334,0.6666666666666666,0.1476866512591089
2,TVAE,1.csv,synthetic,xgb,3.0,1842,12900,1.8915409911645336,0.361038173291941,0.1011723639202753,0.7857142857142857,0.8837037037037037,0.6111111111111112,0.88,0.7333333333333333,0.6666666666666666,0.14901788532733917
2,TVAE,2.csv,synthetic,lr,1.0,614,12900,1.8796016358288172,0.365328340847431,0.0907935896497635,0.7662337662337663,0.8440740740740741,0.6111111111111112,0.85,0.6875,0.6470588235294118,0.17613517222136738
2,TVAE,2.csv,synthetic,xgb,1.0,614,12900,1.8796016358288172,0.365328340847431,0.0907935896497635,0.7857142857142857,0.8616666666666667,0.6481481481481481,0.86,0.7142857142857143,0.6796116504854369,0.1703939288854599
2,TVAE,2.csv,synthetic,lr,2.0,1228,12900,1.8796016358288172,0.365328340847431,0.0907935896497635,0.7727272727272727,0.8653703703703703,0.5925925925925926,0.87,0.7111111111111111,0.6464646464646465,0.16757193062230055
2,TVAE,2.csv,synthetic,xgb,2.0,1228,12900,1.8796016358288172,0.365328340847431,0.0907935896497635,0.7987012987012987,0.8711111111111112,0.6481481481481481,0.88,0.7446808510638298,0.693069306930693,0.1532057374715805
2,TVAE,2.csv,synthetic,lr,3.0,1842,12900,1.8796016358288172,0.365328340847431,0.0907935896497635,0.7727272727272727,0.8527777777777777,0.5740740740740741,0.88,0.7209302325581395,0.6391752577319587,0.17450448136537378
2,TVAE,2.csv,synthetic,xgb,3.0,1842,12900,1.8796016358288172,0.365328340847431,0.0907935896497635,0.7727272727272727,0.8685185185185185,0.5925925925925926,0.87,0.7111111111111111,0.6464646464646465,0.15650857985019684
2,TVAE,3.csv,synthetic,lr,1.0,614,12900,1.6261657538667558,0.3608366387993026,0.1008475239441298,0.7597402597402597,0.8755555555555555,0.5925925925925926,0.85,0.6808510638297872,0.6336633663366337,0.15274234521808666
2,TVAE,3.csv,synthetic,xgb,1.0,614,12900,1.6261657538667558,0.3608366387993026,0.1008475239441298,0.7792207792207793,0.8705555555555555,0.5925925925925926,0.88,0.7272727272727273,0.6530612244897959,0.15088814496994019
2,TVAE,3.csv,synthetic,lr,2.0,1228,12900,1.6261657538667558,0.3608366387993026,0.1008475239441298,0.7662337662337663,0.8770370370370371,0.5925925925925926,0.86,0.6956521739130435,0.64,0.14962659782449023
2,TVAE,3.csv,synthetic,xgb,2.0,1228,12900,1.6261657538667558,0.3608366387993026,0.1008475239441298,0.7922077922077922,0.8853703703703704,0.6296296296296297,0.88,0.7391304347826086,0.68,0.14721082150936127
2,TVAE,3.csv,synthetic,lr,3.0,1842,12900,1.6261657538667558,0.3608366387993026,0.1008475239441298,0.7727272727272727,0.8724074074074075,0.6481481481481481,0.84,0.6862745098039216,0.6666666666666666,0.15087030883834446
2,TVAE,3.csv,synthetic,xgb,3.0,1842,12900,1.6261657538667558,0.3608366387993026,0.1008475239441298,0.8051948051948052,0.895,0.6481481481481481,0.89,0.7608695652173914,0.7,0.13798613846302032
2,TVAE,4.csv,synthetic,lr,1.0,614,43000,1.764735706947881,0.3590558331962898,0.0865158042727958,0.7597402597402597,0.8690740740740741,0.5925925925925926,0.85,0.6808510638297872,0.6336633663366337,0.16025516073096494
2,TVAE,4.csv,synthetic,xgb,1.0,614,43000,1.764735706947881,0.3590558331962898,0.0865158042727958,0.8246753246753247,0.8837037037037037,0.7037037037037037,0.89,0.7755102040816326,0.7378640776699029,0.14326122403144836
2,TVAE,4.csv,synthetic,lr,2.0,1228,43000,1.764735706947881,0.3590558331962898,0.0865158042727958,0.7662337662337663,0.8714814814814815,0.6481481481481481,0.83,0.6730769230769231,0.660377358490566,0.1614019937229319
2,TVAE,4.csv,synthetic,xgb,2.0,1228,43000,1.764735706947881,0.3590558331962898,0.0865158042727958,0.8051948051948052,0.8822222222222222,0.7037037037037037,0.86,0.7307692307692307,0.7169811320754716,0.1541486233472824
2,TVAE,4.csv,synthetic,lr,3.0,1842,43000,1.764735706947881,0.3590558331962898,0.0865158042727958,0.7532467532467533,0.8685185185185185,0.6296296296296297,0.82,0.6538461538461539,0.6415094339622641,0.16430281834134464
2,TVAE,4.csv,synthetic,xgb,3.0,1842,43000,1.764735706947881,0.3590558331962898,0.0865158042727958,0.7727272727272727,0.875925925925926,0.6481481481481481,0.84,0.6862745098039216,0.6666666666666666,0.16115325689315796
2,TVAE,5.csv,synthetic,lr,1.0,614,43000,1.8390537707281156,0.3605790564940062,0.0723471542272141,0.7597402597402597,0.8605555555555556,0.6296296296296297,0.83,0.6666666666666666,0.6476190476190476,0.17127255756224039
2,TVAE,5.csv,synthetic,xgb,1.0,614,43000,1.8390537707281156,0.3605790564940062,0.0723471542272141,0.7792207792207793,0.8555555555555556,0.5925925925925926,0.88,0.7272727272727273,0.6530612244897959,0.17690037190914154
2,TVAE,5.csv,synthetic,lr,2.0,1228,43000,1.8390537707281156,0.3605790564940062,0.0723471542272141,0.7597402597402597,0.8603703703703705,0.6111111111111112,0.84,0.673469387755102,0.6407766990291263,0.1740983570899382
2,TVAE,5.csv,synthetic,xgb,2.0,1228,43000,1.8390537707281156,0.3605790564940062,0.0723471542272141,0.7662337662337663,0.8675925925925926,0.5740740740740741,0.87,0.7045454545454546,0.6326530612244898,0.16492487490177155
2,TVAE,5.csv,synthetic,lr,3.0,1842,43000,1.8390537707281156,0.3605790564940062,0.0723471542272141,0.7597402597402597,0.8562962962962963,0.6481481481481481,0.82,0.660377358490566,0.6542056074766355,0.17249868788544057
2,TVAE,5.csv,synthetic,xgb,3.0,1842,43000,1.8390537707281156,0.3605790564940062,0.0723471542272141,0.7987012987012987,0.8770370370370371,0.7222222222222222,0.84,0.7090909090909091,0.7155963302752294,0.1484948992729187
2,TVAE,6.csv,synthetic,lr,1.0,614,43000,1.9270070671423252,0.3667510798230117,0.0842664935358338,0.7597402597402597,0.8679629629629629,0.46296296296296297,0.92,0.7575757575757576,0.5747126436781609,0.1778867601583276
2,TVAE,6.csv,synthetic,xgb,1.0,614,43000,1.9270070671423252,0.3667510798230117,0.0842664935358338,0.7597402597402597,0.8587037037037036,0.48148148148148145,0.91,0.7428571428571429,0.5842696629213483,0.18797364830970764
2,TVAE,6.csv,synthetic,lr,2.0,1228,43000,1.9270070671423252,0.3667510798230117,0.0842664935358338,0.7532467532467533,0.8531481481481481,0.5370370370370371,0.87,0.6904761904761905,0.6041666666666666,0.1786601740461847
2,TVAE,6.csv,synthetic,xgb,2.0,1228,43000,1.9270070671423252,0.3667510798230117,0.0842664935358338,0.7727272727272727,0.8703703703703703,0.5925925925925926,0.87,0.7111111111111111,0.6464646464646465,0.1666138619184494
2,TVAE,6.csv,synthetic,lr,3.0,1842,43000,1.9270070671423252,0.3667510798230117,0.0842664935358338,0.7597402597402597,0.8677777777777778,0.5555555555555556,0.87,0.6976744186046512,0.6185567010309279,0.1654118122770022
2,TVAE,6.csv,synthetic,xgb,3.0,1842,43000,1.9270070671423252,0.3667510798230117,0.0842664935358338,0.7662337662337663,0.8851851851851852,0.5740740740740741,0.87,0.7045454545454546,0.6326530612244898,0.15100552141666412
2,TVAE,7.csv,synthetic,lr,1.0,614,43000,1.4099831321688443,0.3589528736908755,0.0791715092101662,0.7662337662337663,0.8657407407407407,0.5740740740740741,0.87,0.7045454545454546,0.6326530612244898,0.16511437641559476
2,TVAE,7.csv,synthetic,xgb,1.0,614,43000,1.4099831321688443,0.3589528736908755,0.0791715092101662,0.8181818181818182,0.8753703703703704,0.6851851851851852,0.89,0.7708333333333334,0.7254901960784313,0.14933836460113525
2,TVAE,7.csv,synthetic,lr,2.0,1228,43000,1.4099831321688443,0.3589528736908755,0.0791715092101662,0.7662337662337663,0.8716666666666667,0.5740740740740741,0.87,0.7045454545454546,0.6326530612244898,0.16131676819338722
2,TVAE,7.csv,synthetic,xgb,2.0,1228,43000,1.4099831321688443,0.3589528736908755,0.0791715092101662,0.7597402597402597,0.8764814814814815,0.5370370370370371,0.88,0.7073170731707317,0.6105263157894737,0.15896472334861755
2,TVAE,7.csv,synthetic,lr,3.0,1842,43000,1.4099831321688443,0.3589528736908755,0.0791715092101662,0.7662337662337663,0.8622222222222222,0.5925925925925926,0.86,0.6956521739130435,0.64,0.1686306005441789
2,TVAE,7.csv,synthetic,xgb,3.0,1842,43000,1.4099831321688443,0.3589528736908755,0.0791715092101662,0.7792207792207793,0.8629629629629629,0.6111111111111112,0.87,0.717391304347826,0.66,0.16235142946243286
2,TVAE,8.csv,synthetic,lr,1.0,614,43000,1.6374117505204075,0.3627858818441037,0.0620549818268783,0.7662337662337663,0.874074074074074,0.6296296296296297,0.84,0.68,0.6538461538461539,0.1545650197932254
2,TVAE,8.csv,synthetic,xgb,1.0,614,43000,1.6374117505204075,0.3627858818441037,0.0620549818268783,0.7857142857142857,0.8751851851851853,0.6296296296296297,0.87,0.723404255319149,0.6732673267326733,0.15872633457183838
2,TVAE,8.csv,synthetic,lr,2.0,1228,43000,1.6374117505204075,0.3627858818441037,0.0620549818268783,0.7792207792207793,0.8648148148148149,0.7037037037037037,0.82,0.6785714285714286,0.6909090909090909,0.16215862636619216
2,TVAE,8.csv,synthetic,xgb,2.0,1228,43000,1.6374117505204075,0.3627858818441037,0.0620549818268783,0.7857142857142857,0.8933333333333333,0.6111111111111112,0.88,0.7333333333333333,0.6666666666666666,0.14508767426013947
2,TVAE,8.csv,synthetic,lr,3.0,1842,43000,1.6374117505204075,0.3627858818441037,0.0620549818268783,0.7662337662337663,0.8696296296296296,0.6296296296296297,0.84,0.68,0.6538461538461539,0.15812809462271998
2,TVAE,8.csv,synthetic,xgb,3.0,1842,43000,1.6374117505204075,0.3627858818441037,0.0620549818268783,0.8051948051948052,0.8777777777777778,0.6481481481481481,0.89,0.7608695652173914,0.7,0.1548910140991211
2,TVAE,9.csv,synthetic,lr,1.0,614,43000,1.203261380959116,0.3618238223090409,0.0941574251180083,0.7727272727272727,0.8455555555555556,0.5185185185185185,0.91,0.7567567567567568,0.6153846153846154,0.17370695618290216
2,TVAE,9.csv,synthetic,xgb,1.0,614,43000,1.203261380959116,0.3618238223090409,0.0941574251180083,0.7857142857142857,0.865,0.5370370370370371,0.92,0.7837837837837838,0.6373626373626373,0.1685420423746109
2,TVAE,9.csv,synthetic,lr,2.0,1228,43000,1.203261380959116,0.3618238223090409,0.0941574251180083,0.7662337662337663,0.8596296296296296,0.5925925925925926,0.86,0.6956521739130435,0.64,0.16884975243911107
2,TVAE,9.csv,synthetic,xgb,2.0,1228,43000,1.203261380959116,0.3618238223090409,0.0941574251180083,0.7792207792207793,0.8640740740740741,0.5740740740740741,0.89,0.7380952380952381,0.6458333333333334,0.17575165629386902
2,TVAE,9.csv,synthetic,lr,3.0,1842,43000,1.203261380959116,0.3618238223090409,0.0941574251180083,0.7662337662337663,0.867037037037037,0.5555555555555556,0.88,0.7142857142857143,0.625,0.16569710598942736
2,TVAE,9.csv,synthetic,xgb,3.0,1842,43000,1.203261380959116,0.3618238223090409,0.0941574251180083,0.7857142857142857,0.8744444444444445,0.5740740740740741,0.9,0.7560975609756098,0.6526315789473685,0.16403913497924805
2,TVAE,10.csv,synthetic,lr,1.0,614,43000,1.138215641585382,0.3535153503257018,0.0915665784884392,0.7597402597402597,0.855925925925926,0.5740740740740741,0.86,0.6888888888888889,0.6262626262626263,0.17794412803373394
2,TVAE,10.csv,synthetic,xgb,1.0,614,43000,1.138215641585382,0.3535153503257018,0.0915665784884392,0.7857142857142857,0.8475925925925926,0.5925925925925926,0.89,0.7441860465116279,0.6597938144329897,0.17651592195034027
2,TVAE,10.csv,synthetic,lr,2.0,1228,43000,1.138215641585382,0.3535153503257018,0.0915665784884392,0.7467532467532467,0.8546296296296296,0.5925925925925926,0.83,0.6530612244897959,0.6213592233009708,0.17080163297950873
2,TVAE,10.csv,synthetic,xgb,2.0,1228,43000,1.138215641585382,0.3535153503257018,0.0915665784884392,0.8051948051948052,0.8538888888888889,0.6666666666666666,0.88,0.75,0.7058823529411765,0.15854857861995697
2,TVAE,10.csv,synthetic,lr,3.0,1842,43000,1.138215641585382,0.3535153503257018,0.0915665784884392,0.7467532467532467,0.8527777777777779,0.5925925925925926,0.83,0.6530612244897959,0.6213592233009708,0.17286235575295042
2,TVAE,10.csv,synthetic,xgb,3.0,1842,43000,1.138215641585382,0.3535153503257018,0.0915665784884392,0.8051948051948052,0.8781481481481481,0.6481481481481481,0.89,0.7608695652173914,0.7,0.1533399373292923
2,TVAE,11.csv,synthetic,lr,1.0,614,43000,1.2440584300124222,0.3582326945579384,0.0816525239386632,0.7727272727272727,0.8540740740740741,0.6296296296296297,0.85,0.6938775510204082,0.6601941747572816,0.16243657165710013
2,TVAE,11.csv,synthetic,xgb,1.0,614,43000,1.2440584300124222,0.3582326945579384,0.0816525239386632,0.7987012987012987,0.8692592592592592,0.6481481481481481,0.88,0.7446808510638298,0.693069306930693,0.15349212288856506
2,TVAE,11.csv,synthetic,lr,2.0,1228,43000,1.2440584300124222,0.3582326945579384,0.0816525239386632,0.7792207792207793,0.861111111111111,0.6666666666666666,0.84,0.6923076923076923,0.6792452830188679,0.1624164717034236
2,TVAE,11.csv,synthetic,xgb,2.0,1228,43000,1.2440584300124222,0.3582326945579384,0.0816525239386632,0.7987012987012987,0.8870370370370371,0.6481481481481481,0.88,0.7446808510638298,0.693069306930693,0.14728640019893646
2,TVAE,11.csv,synthetic,lr,3.0,1842,43000,1.2440584300124222,0.3582326945579384,0.0816525239386632,0.7532467532467533,0.856851851851852,0.5740740740740741,0.85,0.6739130434782609,0.62,0.16944955118155675
2,TVAE,11.csv,synthetic,xgb,3.0,1842,43000,1.2440584300124222,0.3582326945579384,0.0816525239386632,0.8051948051948052,0.8757407407407407,0.6481481481481481,0.89,0.7608695652173914,0.7,0.1536601185798645
2,TVAE,12.csv,synthetic,lr,1.0,614,43000,1.1901919446984224,0.3548170625911366,0.0735397691692656,0.7727272727272727,0.8594444444444445,0.5555555555555556,0.89,0.7317073170731707,0.631578947368421,0.17081331086271223
2,TVAE,12.csv,synthetic,xgb,1.0,614,43000,1.1901919446984224,0.3548170625911366,0.0735397691692656,0.7792207792207793,0.8585185185185185,0.5740740740740741,0.89,0.7380952380952381,0.6458333333333334,0.17273060977458954
2,TVAE,12.csv,synthetic,lr,2.0,1228,43000,1.1901919446984224,0.3548170625911366,0.0735397691692656,0.7467532467532467,0.8616666666666667,0.5740740740740741,0.84,0.6595744680851063,0.6138613861386139,0.17025731998989121
2,TVAE,12.csv,synthetic,xgb,2.0,1228,43000,1.1901919446984224,0.3548170625911366,0.0735397691692656,0.8051948051948052,0.8724074074074074,0.6296296296296297,0.9,0.7727272727272727,0.6938775510204082,0.15793034434318542
2,TVAE,12.csv,synthetic,lr,3.0,1842,43000,1.1901919446984224,0.3548170625911366,0.0735397691692656,0.7597402597402597,0.8612962962962962,0.5925925925925926,0.85,0.6808510638297872,0.6336633663366337,0.16587292263241576
2,TVAE,12.csv,synthetic,xgb,3.0,1842,43000,1.1901919446984224,0.3548170625911366,0.0735397691692656,0.7922077922077922,0.8740740740740741,0.6111111111111112,0.89,0.75,0.673469387755102,0.15512491762638092
2,TVAE,13.csv,synthetic,lr,1.0,614,43000,1.2552915323408356,0.3567261755103907,0.099582543193472,0.7597402597402597,0.8494444444444444,0.6666666666666666,0.81,0.6545454545454545,0.6605504587155964,0.16935639846783804
2,TVAE,13.csv,synthetic,xgb,1.0,614,43000,1.2552915323408356,0.3567261755103907,0.099582543193472,0.7857142857142857,0.885,0.6666666666666666,0.85,0.7058823529411765,0.6857142857142857,0.14649423956871033
2,TVAE,13.csv,synthetic,lr,2.0,1228,43000,1.2552915323408356,0.3567261755103907,0.099582543193472,0.7662337662337663,0.8707407407407407,0.5925925925925926,0.86,0.6956521739130435,0.64,0.16315017694503348
2,TVAE,13.csv,synthetic,xgb,2.0,1228,43000,1.2552915323408356,0.3567261755103907,0.099582543193472,0.8116883116883117,0.8827777777777778,0.6666666666666666,0.89,0.7659574468085106,0.7128712871287128,0.1466234177350998
2,TVAE,13.csv,synthetic,lr,3.0,1842,43000,1.2552915323408356,0.3567261755103907,0.099582543193472,0.7727272727272727,0.8705555555555555,0.6481481481481481,0.84,0.6862745098039216,0.6666666666666666,0.16111935022667115
2,TVAE,13.csv,synthetic,xgb,3.0,1842,43000,1.2552915323408356,0.3567261755103907,0.099582543193472,0.8051948051948052,0.8766666666666667,0.6666666666666666,0.88,0.75,0.7058823529411765,0.1528550237417221
2,TVAE,14.csv,synthetic,lr,1.0,614,43000,1.0974285955663583,0.3511543258669533,0.0861738538312281,0.7792207792207793,0.8666666666666667,0.6296296296296297,0.86,0.7083333333333334,0.6666666666666666,0.1637857085892774
2,TVAE,14.csv,synthetic,xgb,1.0,614,43000,1.0974285955663583,0.3511543258669533,0.0861738538312281,0.7792207792207793,0.8681481481481482,0.5925925925925926,0.88,0.7272727272727273,0.6530612244897959,0.17103423178195953
2,TVAE,14.csv,synthetic,lr,2.0,1228,43000,1.0974285955663583,0.3511543258669533,0.0861738538312281,0.7727272727272727,0.8679629629629629,0.6296296296296297,0.85,0.6938775510204082,0.6601941747572816,0.1615999479070246
2,TVAE,14.csv,synthetic,xgb,2.0,1228,43000,1.0974285955663583,0.3511543258669533,0.0861738538312281,0.7922077922077922,0.872962962962963,0.6296296296296297,0.88,0.7391304347826086,0.68,0.1607314795255661
2,TVAE,14.csv,synthetic,lr,3.0,1842,43000,1.0974285955663583,0.3511543258669533,0.0861738538312281,0.7532467532467533,0.8612962962962962,0.5740740740740741,0.85,0.6739130434782609,0.62,0.16679985718819093
2,TVAE,14.csv,synthetic,xgb,3.0,1842,43000,1.0974285955663583,0.3511543258669533,0.0861738538312281,0.8051948051948052,0.8848148148148148,0.5925925925925926,0.92,0.8,0.6808510638297872,0.14867925643920898
2,COPULA,0.csv,synthetic,lr,1.0,614,12900,1.2763156094825592,0.348686717097268,0.1007221085819151,0.7402597402597403,0.827037037037037,0.48148148148148145,0.88,0.6842105263157895,0.5652173913043478,0.19369645058743215
2,COPULA,0.csv,synthetic,xgb,1.0,614,12900,1.2763156094825592,0.348686717097268,0.1007221085819151,0.7077922077922078,0.7709259259259259,0.3888888888888889,0.88,0.6363636363636364,0.4827586206896552,0.20238836109638214
2,COPULA,0.csv,synthetic,lr,2.0,1228,12900,1.2763156094825592,0.348686717097268,0.1007221085819151,0.7337662337662337,0.8248148148148149,0.46296296296296297,0.88,0.6756756756756757,0.5494505494505495,0.19799211289130578
2,COPULA,0.csv,synthetic,xgb,2.0,1228,12900,1.2763156094825592,0.348686717097268,0.1007221085819151,0.6688311688311688,0.7422222222222222,0.2962962962962963,0.87,0.5517241379310345,0.3855421686746988,0.23138219118118286
2,COPULA,0.csv,synthetic,lr,3.0,1842,12900,1.2763156094825592,0.348686717097268,0.1007221085819151,0.7337662337662337,0.8329629629629629,0.4444444444444444,0.89,0.6857142857142857,0.5393258426966292,0.19435579791746815
2,COPULA,0.csv,synthetic,xgb,3.0,1842,12900,1.2763156094825592,0.348686717097268,0.1007221085819151,0.7077922077922078,0.7985185185185185,0.3148148148148148,0.92,0.68,0.43037974683544306,0.2129839062690735
2,COPULA,1.csv,synthetic,lr,1.0,614,12900,1.410508570879684,0.3578294303403364,0.082865190346018,0.7142857142857143,0.845925925925926,0.46296296296296297,0.85,0.625,0.5319148936170213,0.16530312499496264
2,COPULA,1.csv,synthetic,xgb,1.0,614,12900,1.410508570879684,0.3578294303403364,0.082865190346018,0.7402597402597403,0.8461111111111111,0.48148148148148145,0.88,0.6842105263157895,0.5652173913043478,0.16356995701789856
2,COPULA,1.csv,synthetic,lr,2.0,1228,12900,1.410508570879684,0.3578294303403364,0.082865190346018,0.7532467532467533,0.846851851851852,0.5555555555555556,0.86,0.6818181818181818,0.6122448979591837,0.16396153827732252
2,COPULA,1.csv,synthetic,xgb,2.0,1228,12900,1.410508570879684,0.3578294303403364,0.082865190346018,0.7467532467532467,0.861111111111111,0.5,0.88,0.6923076923076923,0.5806451612903226,0.15586897730827332
2,COPULA,1.csv,synthetic,lr,3.0,1842,12900,1.410508570879684,0.3578294303403364,0.082865190346018,0.7142857142857143,0.8485185185185186,0.46296296296296297,0.85,0.625,0.5319148936170213,0.16526108018336413
2,COPULA,1.csv,synthetic,xgb,3.0,1842,12900,1.410508570879684,0.3578294303403364,0.082865190346018,0.7402597402597403,0.8368518518518518,0.5370370370370371,0.85,0.6590909090909091,0.5918367346938775,0.16650138795375824
2,COPULA,2.csv,synthetic,lr,1.0,614,12900,0.8130512331112659,0.3581783513403758,0.0847690024339947,0.6558441558441559,0.8,0.09259259259259259,0.96,0.5555555555555556,0.15873015873015872,0.22035240997596073
2,COPULA,2.csv,synthetic,xgb,1.0,614,12900,0.8130512331112659,0.3581783513403758,0.0847690024339947,0.6818181818181818,0.7577777777777778,0.25925925925925924,0.91,0.6086956521739131,0.36363636363636365,0.20902737975120544
2,COPULA,2.csv,synthetic,lr,2.0,1228,12900,0.8130512331112659,0.3581783513403758,0.0847690024339947,0.6428571428571429,0.807962962962963,0.05555555555555555,0.96,0.42857142857142855,0.09836065573770492,0.20129739089294493
2,COPULA,2.csv,synthetic,xgb,2.0,1228,12900,0.8130512331112659,0.3581783513403758,0.0847690024339947,0.6428571428571429,0.7774074074074073,0.2037037037037037,0.88,0.4782608695652174,0.2857142857142857,0.19207577407360077
2,COPULA,2.csv,synthetic,lr,3.0,1842,12900,0.8130512331112659,0.3581783513403758,0.0847690024339947,0.6428571428571429,0.8133333333333334,0.018518518518518517,0.98,0.3333333333333333,0.03508771929824561,0.20607580918311083
2,COPULA,2.csv,synthetic,xgb,3.0,1842,12900,0.8130512331112659,0.3581783513403758,0.0847690024339947,0.6818181818181818,0.825925925925926,0.25925925925925924,0.91,0.6086956521739131,0.36363636363636365,0.18087288737297058
2,COPULA,3.csv,synthetic,lr,1.0,614,12900,1.3482669488014385,0.3873566923724152,0.0681331566422582,0.45454545454545453,0.42925925925925923,0.5185185185185185,0.42,0.32558139534883723,0.4,0.2713674550855184
2,COPULA,3.csv,synthetic,xgb,1.0,614,12900,1.3482669488014385,0.3873566923724152,0.0681331566422582,0.461038961038961,0.5533333333333332,0.9444444444444444,0.2,0.3893129770992366,0.5513513513513514,0.3021223247051239
2,COPULA,3.csv,synthetic,lr,2.0,1228,12900,1.3482669488014385,0.3873566923724152,0.0681331566422582,0.42857142857142855,0.44092592592592594,0.4444444444444444,0.42,0.2926829268292683,0.35294117647058826,0.26628859059872967
2,COPULA,3.csv,synthetic,xgb,2.0,1228,12900,1.3482669488014385,0.3873566923724152,0.0681331566422582,0.4090909090909091,0.41407407407407404,0.48148148148148145,0.37,0.29213483146067415,0.36363636363636365,0.28929704427719116
2,COPULA,3.csv,synthetic,lr,3.0,1842,12900,1.3482669488014385,0.3873566923724152,0.0681331566422582,0.5974025974025974,0.49259259259259264,0.16666666666666666,0.83,0.34615384615384615,0.225,0.24009260542701688
2,COPULA,3.csv,synthetic,xgb,3.0,1842,12900,1.3482669488014385,0.3873566923724152,0.0681331566422582,0.6623376623376623,0.6116666666666667,0.12962962962962962,0.95,0.5833333333333334,0.21212121212121213,0.22199590504169464
2,COPULA,4.csv,synthetic,lr,1.0,614,43000,0.8090507226398702,0.3555648434287197,0.0644484949522252,0.7987012987012987,0.8722222222222222,0.7962962962962963,0.8,0.6825396825396826,0.7350427350427351,0.1512328257218483
2,COPULA,4.csv,synthetic,xgb,1.0,614,43000,0.8090507226398702,0.3555648434287197,0.0644484949522252,0.7857142857142857,0.8751851851851852,0.7222222222222222,0.82,0.6842105263157895,0.7027027027027027,0.14451374113559723
2,COPULA,4.csv,synthetic,lr,2.0,1228,43000,0.8090507226398702,0.3555648434287197,0.0644484949522252,0.7987012987012987,0.8768518518518519,0.7592592592592593,0.82,0.6949152542372882,0.7256637168141593,0.14593251213913333
2,COPULA,4.csv,synthetic,xgb,2.0,1228,43000,0.8090507226398702,0.3555648434287197,0.0644484949522252,0.7857142857142857,0.8538888888888889,0.7407407407407407,0.81,0.6779661016949152,0.7079646017699115,0.15177872776985168
2,COPULA,4.csv,synthetic,lr,3.0,1842,43000,0.8090507226398702,0.3555648434287197,0.0644484949522252,0.7922077922077922,0.8688888888888889,0.7592592592592593,0.81,0.6833333333333333,0.7192982456140351,0.15114957599344142
2,COPULA,4.csv,synthetic,xgb,3.0,1842,43000,0.8090507226398702,0.3555648434287197,0.0644484949522252,0.7987012987012987,0.8824074074074074,0.7407407407407407,0.83,0.7017543859649122,0.7207207207207207,0.1390775889158249
2,COPULA,5.csv,synthetic,lr,1.0,614,43000,0.8299400822492463,0.3603613754160659,0.0618840812823429,0.7402597402597403,0.8566666666666667,0.4444444444444444,0.9,0.7058823529411765,0.5454545454545454,0.16150636703928173
2,COPULA,5.csv,synthetic,xgb,1.0,614,43000,0.8299400822492463,0.3603613754160659,0.0618840812823429,0.7792207792207793,0.8577777777777778,0.5740740740740741,0.89,0.7380952380952381,0.6458333333333334,0.15337850153446198
2,COPULA,5.csv,synthetic,lr,2.0,1228,43000,0.8299400822492463,0.3603613754160659,0.0618840812823429,0.7662337662337663,0.8596296296296296,0.48148148148148145,0.92,0.7647058823529411,0.5909090909090909,0.1619162858884126
2,COPULA,5.csv,synthetic,xgb,2.0,1228,43000,0.8299400822492463,0.3603613754160659,0.0618840812823429,0.7532467532467533,0.8453703703703703,0.48148148148148145,0.9,0.7222222222222222,0.5777777777777777,0.17128828167915344
2,COPULA,5.csv,synthetic,lr,3.0,1842,43000,0.8299400822492463,0.3603613754160659,0.0618840812823429,0.7727272727272727,0.8468518518518519,0.48148148148148145,0.93,0.7878787878787878,0.5977011494252874,0.17178631988933377
2,COPULA,5.csv,synthetic,xgb,3.0,1842,43000,0.8299400822492463,0.3603613754160659,0.0618840812823429,0.7662337662337663,0.8648148148148149,0.48148148148148145,0.92,0.7647058823529411,0.5909090909090909,0.15962111949920654
2,COPULA,6.csv,synthetic,lr,1.0,614,43000,1.3069993645797084,0.3508514758468313,0.0786198137266289,0.7532467532467533,0.8620370370370369,0.5370370370370371,0.87,0.6904761904761905,0.6041666666666666,0.16868143763250215
2,COPULA,6.csv,synthetic,xgb,1.0,614,43000,1.3069993645797084,0.3508514758468313,0.0786198137266289,0.7337662337662337,0.8496296296296296,0.4444444444444444,0.89,0.6857142857142857,0.5393258426966292,0.173566535115242
2,COPULA,6.csv,synthetic,lr,2.0,1228,43000,1.3069993645797084,0.3508514758468313,0.0786198137266289,0.7662337662337663,0.8701851851851852,0.5,0.91,0.75,0.6,0.16528767682715495
2,COPULA,6.csv,synthetic,xgb,2.0,1228,43000,1.3069993645797084,0.3508514758468313,0.0786198137266289,0.7532467532467533,0.8438888888888889,0.5,0.89,0.7105263157894737,0.5869565217391305,0.17601747810840607
2,COPULA,6.csv,synthetic,lr,3.0,1842,43000,1.3069993645797084,0.3508514758468313,0.0786198137266289,0.7532467532467533,0.865,0.46296296296296297,0.91,0.7352941176470589,0.5681818181818182,0.17408371023854535
2,COPULA,6.csv,synthetic,xgb,3.0,1842,43000,1.3069993645797084,0.3508514758468313,0.0786198137266289,0.7272727272727273,0.8483333333333334,0.37037037037037035,0.92,0.7142857142857143,0.4878048780487805,0.18629159033298492
2,COPULA,7.csv,synthetic,lr,1.0,614,43000,1.1811407704610144,0.369479152450194,0.1035616552063581,0.7337662337662337,0.827037037037037,0.6666666666666666,0.77,0.6101694915254238,0.6371681415929203,0.1778273242798281
2,COPULA,7.csv,synthetic,xgb,1.0,614,43000,1.1811407704610144,0.369479152450194,0.1035616552063581,0.7402597402597403,0.8022222222222222,0.5,0.87,0.675,0.574468085106383,0.17803949117660522
2,COPULA,7.csv,synthetic,lr,2.0,1228,43000,1.1811407704610144,0.369479152450194,0.1035616552063581,0.7272727272727273,0.8107407407407408,0.7592592592592593,0.71,0.5857142857142857,0.6612903225806451,0.19341107115386277
2,COPULA,7.csv,synthetic,xgb,2.0,1228,43000,1.1811407704610144,0.369479152450194,0.1035616552063581,0.7337662337662337,0.8042592592592592,0.7407407407407407,0.73,0.5970149253731343,0.6611570247933884,0.17397481203079224
2,COPULA,7.csv,synthetic,lr,3.0,1842,43000,1.1811407704610144,0.369479152450194,0.1035616552063581,0.7532467532467533,0.815,0.7222222222222222,0.77,0.6290322580645161,0.6724137931034483,0.1873916478027942
2,COPULA,7.csv,synthetic,xgb,3.0,1842,43000,1.1811407704610144,0.369479152450194,0.1035616552063581,0.7207792207792207,0.8253703703703703,0.6481481481481481,0.76,0.5932203389830508,0.6194690265486725,0.1674944907426834
2,COPULA,8.csv,synthetic,lr,1.0,614,43000,0.9863198493617468,0.3690876193444487,0.0712029253229176,0.7597402597402597,0.8825925925925926,0.4444444444444444,0.93,0.7741935483870968,0.5647058823529412,0.15454770679352398
2,COPULA,8.csv,synthetic,xgb,1.0,614,43000,0.9863198493617468,0.3690876193444487,0.0712029253229176,0.7727272727272727,0.8594444444444445,0.5,0.92,0.7714285714285715,0.6067415730337079,0.1531522423028946
2,COPULA,8.csv,synthetic,lr,2.0,1228,43000,0.9863198493617468,0.3690876193444487,0.0712029253229176,0.7467532467532467,0.8751851851851852,0.35185185185185186,0.96,0.8260869565217391,0.4935064935064935,0.17004273346257462
2,COPULA,8.csv,synthetic,xgb,2.0,1228,43000,0.9863198493617468,0.3690876193444487,0.0712029253229176,0.7467532467532467,0.8727777777777778,0.3888888888888889,0.94,0.7777777777777778,0.5185185185185185,0.16401411592960358
2,COPULA,8.csv,synthetic,lr,3.0,1842,43000,0.9863198493617468,0.3690876193444487,0.0712029253229176,0.7467532467532467,0.8733333333333334,0.37037037037037035,0.95,0.8,0.5063291139240507,0.16870374847323158
2,COPULA,8.csv,synthetic,xgb,3.0,1842,43000,0.9863198493617468,0.3690876193444487,0.0712029253229176,0.7467532467532467,0.8735185185185186,0.4074074074074074,0.93,0.7586206896551724,0.5301204819277109,0.17245785892009735
2,COPULA,9.csv,synthetic,lr,1.0,614,43000,1.816153570543644,0.3685519502872835,0.0718788821314589,0.7142857142857143,0.7953703703703704,0.48148148148148145,0.84,0.6190476190476191,0.5416666666666666,0.18790501198990053
2,COPULA,9.csv,synthetic,xgb,1.0,614,43000,1.816153570543644,0.3685519502872835,0.0718788821314589,0.7077922077922078,0.795,0.3888888888888889,0.88,0.6363636363636364,0.4827586206896552,0.19499576091766357
2,COPULA,9.csv,synthetic,lr,2.0,1228,43000,1.816153570543644,0.3685519502872835,0.0718788821314589,0.6818181818181818,0.7959259259259259,0.5555555555555556,0.75,0.5454545454545454,0.5504587155963303,0.20336778770562766
2,COPULA,9.csv,synthetic,xgb,2.0,1228,43000,1.816153570543644,0.3685519502872835,0.0718788821314589,0.7272727272727273,0.8164814814814815,0.48148148148148145,0.86,0.65,0.5531914893617021,0.17544926702976227
2,COPULA,9.csv,synthetic,lr,3.0,1842,43000,1.816153570543644,0.3685519502872835,0.0718788821314589,0.7012987012987013,0.7957407407407407,0.48148148148148145,0.82,0.5909090909090909,0.5306122448979592,0.1938724857568417
2,COPULA,9.csv,synthetic,xgb,3.0,1842,43000,1.816153570543644,0.3685519502872835,0.0718788821314589,0.7207792207792207,0.817037037037037,0.42592592592592593,0.88,0.6571428571428571,0.5168539325842697,0.1821836233139038
2,COPULA,10.csv,synthetic,lr,1.0,614,43000,1.03774673936131,0.3637823374963226,0.0584967496843808,0.7532467532467533,0.8612962962962962,0.5,0.89,0.7105263157894737,0.5869565217391305,0.16292776940822581
2,COPULA,10.csv,synthetic,xgb,1.0,614,43000,1.03774673936131,0.3637823374963226,0.0584967496843808,0.7532467532467533,0.8538888888888889,0.5,0.89,0.7105263157894737,0.5869565217391305,0.1669684499502182
2,COPULA,10.csv,synthetic,lr,2.0,1228,43000,1.03774673936131,0.3637823374963226,0.0584967496843808,0.7467532467532467,0.8614814814814815,0.4444444444444444,0.91,0.7272727272727273,0.5517241379310345,0.16811023709464068
2,COPULA,10.csv,synthetic,xgb,2.0,1228,43000,1.03774673936131,0.3637823374963226,0.0584967496843808,0.7467532467532467,0.8696296296296295,0.4444444444444444,0.91,0.7272727272727273,0.5517241379310345,0.1564965397119522
2,COPULA,10.csv,synthetic,lr,3.0,1842,43000,1.03774673936131,0.3637823374963226,0.0584967496843808,0.7597402597402597,0.86,0.5555555555555556,0.87,0.6976744186046512,0.6185567010309279,0.1611970618920561
2,COPULA,10.csv,synthetic,xgb,3.0,1842,43000,1.03774673936131,0.3637823374963226,0.0584967496843808,0.7532467532467533,0.8629629629629629,0.5740740740740741,0.85,0.6739130434782609,0.62,0.15362852811813354
2,COPULA,11.csv,synthetic,lr,1.0,614,43000,0.919779621429654,0.37089423119158,0.0690155671123966,0.7272727272727273,0.8507407407407407,0.37037037037037035,0.92,0.7142857142857143,0.4878048780487805,0.17609034551605138
2,COPULA,11.csv,synthetic,xgb,1.0,614,43000,0.919779621429654,0.37089423119158,0.0690155671123966,0.7207792207792207,0.7590740740740741,0.35185185185185186,0.92,0.7037037037037037,0.4691358024691358,0.19417567551136017
2,COPULA,11.csv,synthetic,lr,2.0,1228,43000,0.919779621429654,0.37089423119158,0.0690155671123966,0.7467532467532467,0.8548148148148148,0.42592592592592593,0.92,0.7419354838709677,0.5411764705882353,0.16598112502839438
2,COPULA,11.csv,synthetic,xgb,2.0,1228,43000,0.919779621429654,0.37089423119158,0.0690155671123966,0.7337662337662337,0.8672222222222222,0.42592592592592593,0.9,0.696969696969697,0.5287356321839081,0.15152929723262787
2,COPULA,11.csv,synthetic,lr,3.0,1842,43000,0.919779621429654,0.37089423119158,0.0690155671123966,0.7467532467532467,0.8583333333333334,0.42592592592592593,0.92,0.7419354838709677,0.5411764705882353,0.1673892822025307
2,COPULA,11.csv,synthetic,xgb,3.0,1842,43000,0.919779621429654,0.37089423119158,0.0690155671123966,0.7337662337662337,0.8466666666666667,0.3888888888888889,0.92,0.7241379310344828,0.5060240963855421,0.17171701788902283
2,COPULA,12.csv,synthetic,lr,1.0,614,43000,1.519533864375505,0.3772313095465545,0.0666070693197093,0.7532467532467533,0.8118518518518518,0.6481481481481481,0.81,0.6481481481481481,0.6481481481481481,0.18595293530054532
2,COPULA,12.csv,synthetic,xgb,1.0,614,43000,1.519533864375505,0.3772313095465545,0.0666070693197093,0.7532467532467533,0.8168518518518518,0.6481481481481481,0.81,0.6481481481481481,0.6481481481481481,0.18148958683013916
2,COPULA,12.csv,synthetic,lr,2.0,1228,43000,1.519533864375505,0.3772313095465545,0.0666070693197093,0.7337662337662337,0.8296296296296296,0.6666666666666666,0.77,0.6101694915254238,0.6371681415929203,0.17773099413490054
2,COPULA,12.csv,synthetic,xgb,2.0,1228,43000,1.519533864375505,0.3772313095465545,0.0666070693197093,0.7662337662337663,0.8311111111111111,0.6851851851851852,0.81,0.6607142857142857,0.6727272727272727,0.16720104217529297
2,COPULA,12.csv,synthetic,lr,3.0,1842,43000,1.519533864375505,0.3772313095465545,0.0666070693197093,0.7532467532467533,0.8157407407407408,0.6481481481481481,0.81,0.6481481481481481,0.6481481481481481,0.18621095766000945
2,COPULA,12.csv,synthetic,xgb,3.0,1842,43000,1.519533864375505,0.3772313095465545,0.0666070693197093,0.7662337662337663,0.827037037037037,0.6666666666666666,0.82,0.6666666666666666,0.6666666666666666,0.17129704356193542
2,COPULA,13.csv,synthetic,lr,1.0,614,43000,1.3715074144096575,0.3705899053036717,0.072264347589294,0.6753246753246753,0.8457407407407408,0.9444444444444444,0.53,0.5204081632653061,0.6710526315789473,0.25135452447755735
2,COPULA,13.csv,synthetic,xgb,1.0,614,43000,1.3715074144096575,0.3705899053036717,0.072264347589294,0.7077922077922078,0.8494444444444444,0.9074074074074074,0.6,0.550561797752809,0.6853146853146853,0.21052494645118713
2,COPULA,13.csv,synthetic,lr,2.0,1228,43000,1.3715074144096575,0.3705899053036717,0.072264347589294,0.6298701298701299,0.8588888888888889,0.9814814814814815,0.44,0.48623853211009177,0.6503067484662577,0.2700653744965425
2,COPULA,13.csv,synthetic,xgb,2.0,1228,43000,1.3715074144096575,0.3705899053036717,0.072264347589294,0.6493506493506493,0.8294444444444444,0.9259259259259259,0.5,0.5,0.6493506493506493,0.24434372782707214
2,COPULA,13.csv,synthetic,lr,3.0,1842,43000,1.3715074144096575,0.3705899053036717,0.072264347589294,0.7077922077922078,0.8599999999999999,0.9814814814814815,0.56,0.5463917525773195,0.7019867549668874,0.23532191882023445
2,COPULA,13.csv,synthetic,xgb,3.0,1842,43000,1.3715074144096575,0.3705899053036717,0.072264347589294,0.6948051948051948,0.854074074074074,0.9074074074074074,0.58,0.5384615384615384,0.6758620689655173,0.2032151073217392
2,COPULA,14.csv,synthetic,lr,1.0,614,43000,0.9417604422074756,0.3568625372541054,0.0835950185007623,0.7467532467532467,0.8666666666666667,0.42592592592592593,0.92,0.7419354838709677,0.5411764705882353,0.16663979178088978
2,COPULA,14.csv,synthetic,xgb,1.0,614,43000,0.9417604422074756,0.3568625372541054,0.0835950185007623,0.7662337662337663,0.8633333333333334,0.42592592592592593,0.95,0.8214285714285714,0.5609756097560976,0.16335664689540863
2,COPULA,14.csv,synthetic,lr,2.0,1228,43000,0.9417604422074756,0.3568625372541054,0.0835950185007623,0.7532467532467533,0.8796296296296295,0.46296296296296297,0.91,0.7352941176470589,0.5681818181818182,0.1596469152686037
2,COPULA,14.csv,synthetic,xgb,2.0,1228,43000,0.9417604422074756,0.3568625372541054,0.0835950185007623,0.7467532467532467,0.8662962962962963,0.4444444444444444,0.91,0.7272727272727273,0.5517241379310345,0.15910470485687256
2,COPULA,14.csv,synthetic,lr,3.0,1842,43000,0.9417604422074756,0.3568625372541054,0.0835950185007623,0.7467532467532467,0.8751851851851852,0.42592592592592593,0.92,0.7419354838709677,0.5411764705882353,0.16698654373485147
2,COPULA,14.csv,synthetic,xgb,3.0,1842,43000,0.9417604422074756,0.3568625372541054,0.0835950185007623,0.7662337662337663,0.8696296296296296,0.4074074074074074,0.96,0.8461538461538461,0.55,0.16957107186317444
2,CTGAN,0.csv,synthetic,lr,1.0,614,12900,1.447885802086836,0.360236180772318,0.0792514843218451,0.7597402597402597,0.8474074074074074,0.7407407407407407,0.77,0.6349206349206349,0.6837606837606838,0.17620978231969342
2,CTGAN,0.csv,synthetic,xgb,1.0,614,12900,1.447885802086836,0.360236180772318,0.0792514843218451,0.7727272727272727,0.8522222222222223,0.8703703703703703,0.72,0.6266666666666667,0.7286821705426356,0.17307864129543304
2,CTGAN,0.csv,synthetic,lr,2.0,1228,12900,1.447885802086836,0.360236180772318,0.0792514843218451,0.7857142857142857,0.8629629629629629,0.8333333333333334,0.76,0.6521739130434783,0.7317073170731707,0.16695906317600268
2,CTGAN,0.csv,synthetic,xgb,2.0,1228,12900,1.447885802086836,0.360236180772318,0.0792514843218451,0.7922077922077922,0.902962962962963,0.9259259259259259,0.72,0.6410256410256411,0.7575757575757576,0.1452796310186386
2,CTGAN,0.csv,synthetic,lr,3.0,1842,12900,1.447885802086836,0.360236180772318,0.0792514843218451,0.7727272727272727,0.8625925925925926,0.8518518518518519,0.73,0.6301369863013698,0.7244094488188977,0.17040650882514083
2,CTGAN,0.csv,synthetic,xgb,3.0,1842,12900,1.447885802086836,0.360236180772318,0.0792514843218451,0.7792207792207793,0.890925925925926,0.9259259259259259,0.7,0.625,0.746268656716418,0.1537553369998932
2,CTGAN,1.csv,synthetic,lr,1.0,614,12900,1.9548422206390528,0.3436123599900789,0.0857094754066501,0.7467532467532467,0.8677777777777778,0.37037037037037035,0.95,0.8,0.5063291139240507,0.17199779847864524
2,CTGAN,1.csv,synthetic,xgb,1.0,614,12900,1.9548422206390528,0.3436123599900789,0.0857094754066501,0.7337662337662337,0.8112962962962963,0.3148148148148148,0.96,0.8095238095238095,0.4533333333333333,0.1881898045539856
2,CTGAN,1.csv,synthetic,lr,2.0,1228,12900,1.9548422206390528,0.3436123599900789,0.0857094754066501,0.7597402597402597,0.8766666666666667,0.42592592592592593,0.94,0.7931034482758621,0.5542168674698795,0.1651136570251975
2,CTGAN,1.csv,synthetic,xgb,2.0,1228,12900,1.9548422206390528,0.3436123599900789,0.0857094754066501,0.7402597402597403,0.8553703703703703,0.5185185185185185,0.86,0.6666666666666666,0.5833333333333334,0.15614007413387299
2,CTGAN,1.csv,synthetic,lr,3.0,1842,12900,1.9548422206390528,0.3436123599900789,0.0857094754066501,0.7727272727272727,0.8733333333333333,0.42592592592592593,0.96,0.8518518518518519,0.5679012345679012,0.16780015463596937
2,CTGAN,1.csv,synthetic,xgb,3.0,1842,12900,1.9548422206390528,0.3436123599900789,0.0857094754066501,0.7532467532467533,0.8783333333333334,0.4074074074074074,0.94,0.7857142857142857,0.5365853658536586,0.15388904511928558
2,CTGAN,2.csv,synthetic,lr,1.0,614,12900,2.4714430681791764,0.4718538707609746,0.131072329449417,0.6818181818181818,0.7835185185185185,0.2222222222222222,0.93,0.631578947368421,0.3287671232876712,0.1962789822527934
2,CTGAN,2.csv,synthetic,xgb,1.0,614,12900,2.4714430681791764,0.4718538707609746,0.131072329449417,0.7207792207792207,0.7594444444444445,0.42592592592592593,0.88,0.6571428571428571,0.5168539325842697,0.19024544954299927
2,CTGAN,2.csv,synthetic,lr,2.0,1228,12900,2.4714430681791764,0.4718538707609746,0.131072329449417,0.7272727272727273,0.7796296296296297,0.48148148148148145,0.86,0.65,0.5531914893617021,0.18872221913150902
2,CTGAN,2.csv,synthetic,xgb,2.0,1228,12900,2.4714430681791764,0.4718538707609746,0.131072329449417,0.6753246753246753,0.6903703703703703,0.46296296296296297,0.79,0.5434782608695652,0.5,0.2198270559310913
2,CTGAN,2.csv,synthetic,lr,3.0,1842,12900,2.4714430681791764,0.4718538707609746,0.131072329449417,0.6558441558441559,0.7755555555555557,0.1111111111111111,0.95,0.5454545454545454,0.18461538461538463,0.2018589627586502
2,CTGAN,2.csv,synthetic,xgb,3.0,1842,12900,2.4714430681791764,0.4718538707609746,0.131072329449417,0.7142857142857143,0.7727777777777778,0.35185185185185186,0.91,0.6785714285714286,0.4634146341463415,0.18374861776828766
2,CTGAN,3.csv,synthetic,lr,1.0,614,12900,2.573281917444933,0.4340675524640001,0.111321747933668,0.6753246753246753,0.7555555555555555,0.09259259259259259,0.99,0.8333333333333334,0.16666666666666666,0.20611279062697083
2,CTGAN,3.csv,synthetic,xgb,1.0,614,12900,2.573281917444933,0.4340675524640001,0.111321747933668,0.6038961038961039,0.49944444444444447,0.24074074074074073,0.8,0.3939393939393939,0.2988505747126437,0.24125492572784424
2,CTGAN,3.csv,synthetic,lr,2.0,1228,12900,2.573281917444933,0.4340675524640001,0.111321747933668,0.7077922077922078,0.7346296296296296,0.18518518518518517,0.99,0.9090909090909091,0.3076923076923077,0.20774344941511527
2,CTGAN,3.csv,synthetic,xgb,2.0,1228,12900,2.573281917444933,0.4340675524640001,0.111321747933668,0.6558441558441559,0.4987037037037037,0.14814814814814814,0.93,0.5333333333333333,0.2318840579710145,0.23652596771717072
2,CTGAN,3.csv,synthetic,lr,3.0,1842,12900,2.573281917444933,0.4340675524640001,0.111321747933668,0.6623376623376623,0.7972222222222223,0.037037037037037035,1.0,1.0,0.07142857142857142,0.20746339389601534
2,CTGAN,3.csv,synthetic,xgb,3.0,1842,12900,2.573281917444933,0.4340675524640001,0.111321747933668,0.6623376623376623,0.4844444444444445,0.05555555555555555,0.99,0.75,0.10344827586206896,0.2305556982755661
0,REAL,real_train,real_baseline,mlp,1.0,614,614,nan,nan,nan,0.7467532467532467,0.795,0.5185185185185185,0.87,0.6829268292682927,0.5894736842105263,0.18582474259136422
0,REAL,real_train,real_baseline,rfc,1.0,614,614,nan,nan,nan,0.7077922077922078,0.7999999999999999,0.6111111111111112,0.76,0.5789473684210527,0.5945945945945946,0.1774207949788366
0,TVAE,0.csv,synthetic,mlp,1.0,614,12690,1.6152861923217192,0.359175054903409,0.0874992567564141,0.7337662337662337,0.8037037037037037,0.7962962962962963,0.7,0.589041095890411,0.6771653543307087,0.18256554680400308
0,TVAE,0.csv,synthetic,rfc,1.0,614,12690,1.6152861923217192,0.359175054903409,0.0874992567564141,0.6233766233766234,0.7812962962962964,0.8518518518518519,0.5,0.4791666666666667,0.6133333333333333,0.23778991092595042
0,TVAE,0.csv,synthetic,mlp,2.0,1228,12690,1.6152861923217192,0.359175054903409,0.0874992567564141,0.7662337662337663,0.8085185185185185,0.8888888888888888,0.7,0.6153846153846154,0.7272727272727273,0.19449271181901248
0,TVAE,0.csv,synthetic,rfc,2.0,1228,12690,1.6152861923217192,0.359175054903409,0.0874992567564141,0.6493506493506493,0.7911111111111112,0.8518518518518519,0.54,0.5,0.6301369863013698,0.23053559721296268
0,TVAE,0.csv,synthetic,mlp,3.0,1842,12690,1.6152861923217192,0.359175054903409,0.0874992567564141,0.7337662337662337,0.8122222222222223,0.8703703703703703,0.66,0.5802469135802469,0.6962962962962963,0.2053385724786469
0,TVAE,0.csv,synthetic,rfc,3.0,1842,12690,1.6152861923217192,0.359175054903409,0.0874992567564141,0.6883116883116883,0.8090740740740741,0.8703703703703703,0.59,0.5340909090909091,0.6619718309859155,0.2181688475526544
0,TVAE,1.csv,synthetic,mlp,1.0,614,12690,1.0974656042209747,0.3583658384808543,0.0857411215218868,0.6688311688311688,0.7014814814814816,0.2962962962962963,0.87,0.5517241379310345,0.3855421686746988,0.21465381739569322
0,TVAE,1.csv,synthetic,rfc,1.0,614,12690,1.0974656042209747,0.3583658384808543,0.0857411215218868,0.7012987012987013,0.7968518518518519,0.7037037037037037,0.7,0.5588235294117647,0.6229508196721312,0.1817649451240616
0,TVAE,1.csv,synthetic,mlp,2.0,1228,12690,1.0974656042209747,0.3583658384808543,0.0857411215218868,0.6948051948051948,0.7672222222222221,0.48148148148148145,0.81,0.5777777777777777,0.5252525252525253,0.19812574280005818
0,TVAE,1.csv,synthetic,rfc,2.0,1228,12690,1.0974656042209747,0.3583658384808543,0.0857411215218868,0.7142857142857143,0.7942592592592592,0.7592592592592593,0.69,0.5694444444444444,0.6507936507936508,0.18951523465709186
0,TVAE,1.csv,synthetic,mlp,3.0,1842,12690,1.0974656042209747,0.3583658384808543,0.0857411215218868,0.7272727272727273,0.7903703703703704,0.7777777777777778,0.7,0.5833333333333334,0.6666666666666666,0.20102804125131188
0,TVAE,1.csv,synthetic,rfc,3.0,1842,12690,1.0974656042209747,0.3583658384808543,0.0857411215218868,0.7272727272727273,0.7994444444444444,0.7222222222222222,0.73,0.5909090909090909,0.65,0.18402432937254384
0,TVAE,2.csv,synthetic,mlp,1.0,614,12690,1.2898526483725152,0.3662241617810833,0.0937205983087205,0.6753246753246753,0.8096296296296296,0.9074074074074074,0.55,0.5212765957446809,0.6621621621621622,0.23730693500977004
0,TVAE,2.csv,synthetic,rfc,1.0,614,12690,1.2898526483725152,0.3662241617810833,0.0937205983087205,0.5974025974025974,0.7642592592592592,0.9444444444444444,0.41,0.4636363636363636,0.6219512195121951,0.28492381988459464
0,TVAE,2.csv,synthetic,mlp,2.0,1228,12690,1.2898526483725152,0.3662241617810833,0.0937205983087205,0.6753246753246753,0.8066666666666666,0.9444444444444444,0.53,0.5204081632653061,0.6710526315789473,0.2400495334542011
0,TVAE,2.csv,synthetic,rfc,2.0,1228,12690,1.2898526483725152,0.3662241617810833,0.0937205983087205,0.6363636363636364,0.7555555555555555,0.9259259259259259,0.48,0.49019607843137253,0.6410256410256411,0.26696234120675083
0,TVAE,2.csv,synthetic,mlp,3.0,1842,12690,1.2898526483725152,0.3662241617810833,0.0937205983087205,0.7337662337662337,0.7975925925925926,0.8518518518518519,0.67,0.5822784810126582,0.6917293233082706,0.19444938693883995
0,TVAE,2.csv,synthetic,rfc,3.0,1842,12690,1.2898526483725152,0.3662241617810833,0.0937205983087205,0.5974025974025974,0.7528703703703703,0.9259259259259259,0.42,0.46296296296296297,0.6172839506172839,0.29839914953514
0,TVAE,3.csv,synthetic,mlp,1.0,614,12690,1.7051018118878671,0.361087466577094,0.0991594809115033,0.7012987012987013,0.7848148148148149,0.5555555555555556,0.78,0.5769230769230769,0.5660377358490566,0.18581636705209587
0,TVAE,3.csv,synthetic,rfc,1.0,614,12690,1.7051018118878671,0.361087466577094,0.0991594809115033,0.7272727272727273,0.8066666666666666,0.7592592592592593,0.71,0.5857142857142857,0.6612903225806451,0.18250029303411588
0,TVAE,3.csv,synthetic,mlp,2.0,1228,12690,1.7051018118878671,0.361087466577094,0.0991594809115033,0.7012987012987013,0.7831481481481483,0.7407407407407407,0.68,0.5555555555555556,0.6349206349206349,0.20145231961419302
0,TVAE,3.csv,synthetic,rfc,2.0,1228,12690,1.7051018118878671,0.361087466577094,0.0991594809115033,0.6883116883116883,0.7812962962962964,0.7407407407407407,0.66,0.5405405405405406,0.625,0.1980019995458742
0,TVAE,3.csv,synthetic,mlp,3.0,1842,12690,1.7051018118878671,0.361087466577094,0.0991594809115033,0.7142857142857143,0.8022222222222222,0.6851851851851852,0.73,0.578125,0.6271186440677966,0.18023726253740718
0,TVAE,3.csv,synthetic,rfc,3.0,1842,12690,1.7051018118878671,0.361087466577094,0.0991594809115033,0.7272727272727273,0.8075925925925925,0.7962962962962963,0.69,0.581081081081081,0.671875,0.184828643751861
0,TVAE,4.csv,synthetic,mlp,1.0,614,42300,1.3248936144998498,0.3625072045449953,0.09883064121348,0.7207792207792207,0.7614814814814814,0.5370370370370371,0.82,0.6170212765957447,0.5742574257425742,0.20238831290198037
0,TVAE,4.csv,synthetic,rfc,1.0,614,42300,1.3248936144998498,0.3625072045449953,0.09883064121348,0.6753246753246753,0.8061111111111111,0.7222222222222222,0.65,0.527027027027027,0.609375,0.1958301580438687
0,TVAE,4.csv,synthetic,mlp,2.0,1228,42300,1.3248936144998498,0.3625072045449953,0.09883064121348,0.7142857142857143,0.7668518518518518,0.5555555555555556,0.8,0.6,0.5769230769230769,0.20082071878854718
0,TVAE,4.csv,synthetic,rfc,2.0,1228,42300,1.3248936144998498,0.3625072045449953,0.09883064121348,0.6753246753246753,0.7718518518518519,0.7407407407407407,0.64,0.5263157894736842,0.6153846153846154,0.21543963245044592
0,TVAE,4.csv,synthetic,mlp,3.0,1842,42300,1.3248936144998498,0.3625072045449953,0.09883064121348,0.7012987012987013,0.8083333333333332,0.6666666666666666,0.72,0.5625,0.6101694915254238,0.1787414018486505
0,TVAE,4.csv,synthetic,rfc,3.0,1842,42300,1.3248936144998498,0.3625072045449953,0.09883064121348,0.7272727272727273,0.7864814814814814,0.7592592592592593,0.71,0.5857142857142857,0.6612903225806451,0.20242021791389864
0,TVAE,5.csv,synthetic,mlp,1.0,614,42300,1.2404853858720437,0.3696875117545399,0.090077589921513,0.6818181818181818,0.755,0.5,0.78,0.5510204081632653,0.5242718446601942,0.20904618989703616
0,TVAE,5.csv,synthetic,rfc,1.0,614,42300,1.2404853858720437,0.3696875117545399,0.090077589921513,0.6818181818181818,0.7796296296296297,0.6666666666666666,0.69,0.5373134328358209,0.5950413223140496,0.20816517155709408
0,TVAE,5.csv,synthetic,mlp,2.0,1228,42300,1.2404853858720437,0.3696875117545399,0.090077589921513,0.7337662337662337,0.813888888888889,0.7962962962962963,0.7,0.589041095890411,0.6771653543307087,0.19381319506709657
0,TVAE,5.csv,synthetic,rfc,2.0,1228,42300,1.2404853858720437,0.3696875117545399,0.090077589921513,0.7077922077922078,0.7921296296296296,0.7777777777777778,0.67,0.56,0.6511627906976745,0.20231981820964826
0,TVAE,5.csv,synthetic,mlp,3.0,1842,42300,1.2404853858720437,0.3696875117545399,0.090077589921513,0.6948051948051948,0.8090740740740741,0.6851851851851852,0.7,0.5522388059701493,0.6115702479338843,0.17869556836775513
0,TVAE,5.csv,synthetic,rfc,3.0,1842,42300,1.2404853858720437,0.3696875117545399,0.090077589921513,0.7337662337662337,0.7868518518518518,0.7592592592592593,0.72,0.5942028985507246,0.6666666666666666,0.20404335832853765
0,TVAE,6.csv,synthetic,mlp,1.0,614,42300,1.0889184507336964,0.3560828791733034,0.0819972499268754,0.6948051948051948,0.7461111111111111,0.3888888888888889,0.86,0.6,0.47191011235955055,0.20719181740307052
0,TVAE,6.csv,synthetic,rfc,1.0,614,42300,1.0889184507336964,0.3560828791733034,0.0819972499268754,0.7077922077922078,0.7932407407407408,0.8148148148148148,0.65,0.5569620253164557,0.6616541353383458,0.21210859319847142
0,TVAE,6.csv,synthetic,mlp,2.0,1228,42300,1.0889184507336964,0.3560828791733034,0.0819972499268754,0.6883116883116883,0.8103703703703703,0.6851851851851852,0.69,0.5441176470588235,0.6065573770491803,0.18035981714502494
0,TVAE,6.csv,synthetic,rfc,2.0,1228,42300,1.0889184507336964,0.3560828791733034,0.0819972499268754,0.6883116883116883,0.792037037037037,0.7592592592592593,0.65,0.5394736842105263,0.6307692307692307,0.20563246184037284
0,TVAE,6.csv,synthetic,mlp,3.0,1842,42300,1.0889184507336964,0.3560828791733034,0.0819972499268754,0.7142857142857143,0.8085185185185185,0.7777777777777778,0.68,0.5675675675675675,0.65625,0.195802962087354
0,TVAE,6.csv,synthetic,rfc,3.0,1842,42300,1.0889184507336964,0.3560828791733034,0.0819972499268754,0.7077922077922078,0.7937037037037037,0.7777777777777778,0.67,0.56,0.6511627906976745,0.20594258052003267
0,TVAE,7.csv,synthetic,mlp,1.0,614,42300,1.318362008153641,0.3560284374096236,0.0891670136590775,0.7272727272727273,0.8046296296296296,0.5370370370370371,0.83,0.6304347826086957,0.58,0.1808347745649664
0,TVAE,7.csv,synthetic,rfc,1.0,614,42300,1.318362008153641,0.3560284374096236,0.0891670136590775,0.6948051948051948,0.7727777777777778,0.6481481481481481,0.72,0.5555555555555556,0.5982905982905983,0.19620947605741884
0,TVAE,7.csv,synthetic,mlp,2.0,1228,42300,1.318362008153641,0.3560284374096236,0.0891670136590775,0.7272727272727273,0.8157407407407408,0.7222222222222222,0.73,0.5909090909090909,0.65,0.1877321537399584
0,TVAE,7.csv,synthetic,rfc,2.0,1228,42300,1.318362008153641,0.3560284374096236,0.0891670136590775,0.7142857142857143,0.805,0.7222222222222222,0.71,0.5735294117647058,0.639344262295082,0.18466245824539532
0,TVAE,7.csv,synthetic,mlp,3.0,1842,42300,1.318362008153641,0.3560284374096236,0.0891670136590775,0.7077922077922078,0.8107407407407408,0.6481481481481481,0.74,0.5737704918032787,0.6086956521739131,0.1733437294421976
0,TVAE,7.csv,synthetic,rfc,3.0,1842,42300,1.318362008153641,0.3560284374096236,0.0891670136590775,0.7077922077922078,0.7918518518518518,0.7407407407407407,0.69,0.5633802816901409,0.64,0.19164077125454107
0,TVAE,8.csv,synthetic,mlp,1.0,614,42300,1.2887283505867997,0.3568664695124781,0.0693474493906201,0.7012987012987013,0.8114814814814814,0.7037037037037037,0.7,0.5588235294117647,0.6229508196721312,0.18709512383369134
0,TVAE,8.csv,synthetic,rfc,1.0,614,42300,1.2887283505867997,0.3568664695124781,0.0693474493906201,0.7272727272727273,0.7998148148148148,0.7037037037037037,0.74,0.59375,0.6440677966101694,0.1894570898784523
0,TVAE,8.csv,synthetic,mlp,2.0,1228,42300,1.2887283505867997,0.3568664695124781,0.0693474493906201,0.7207792207792207,0.8087037037037038,0.8148148148148148,0.67,0.5714285714285714,0.6717557251908397,0.20661051675402536
0,TVAE,8.csv,synthetic,rfc,2.0,1228,42300,1.2887283505867997,0.3568664695124781,0.0693474493906201,0.6883116883116883,0.788611111111111,0.7592592592592593,0.65,0.5394736842105263,0.6307692307692307,0.20791415409055938
0,TVAE,8.csv,synthetic,mlp,3.0,1842,42300,1.2887283505867997,0.3568664695124781,0.0693474493906201,0.6948051948051948,0.799074074074074,0.6666666666666666,0.71,0.5538461538461539,0.6050420168067226,0.17952149411718762
0,TVAE,8.csv,synthetic,rfc,3.0,1842,42300,1.2887283505867997,0.3568664695124781,0.0693474493906201,0.6948051948051948,0.791574074074074,0.7407407407407407,0.67,0.547945205479452,0.6299212598425197,0.19885356402978635
0,TVAE,9.csv,synthetic,mlp,1.0,614,42300,1.1684739867990797,0.3478484317838478,0.0967772981794031,0.7142857142857143,0.8109259259259259,0.6851851851851852,0.73,0.578125,0.6271186440677966,0.1796795065215638
0,TVAE,9.csv,synthetic,rfc,1.0,614,42300,1.1684739867990797,0.3478484317838478,0.0967772981794031,0.6818181818181818,0.7981481481481482,0.8888888888888888,0.57,0.5274725274725275,0.6620689655172414,0.21624846052222296
0,TVAE,9.csv,synthetic,mlp,2.0,1228,42300,1.1684739867990797,0.3478484317838478,0.0967772981794031,0.7207792207792207,0.8031481481481482,0.7777777777777778,0.69,0.5753424657534246,0.6614173228346457,0.18646265413210175
0,TVAE,9.csv,synthetic,rfc,2.0,1228,42300,1.1684739867990797,0.3478484317838478,0.0967772981794031,0.6623376623376623,0.7877777777777778,0.8518518518518519,0.56,0.5111111111111111,0.6388888888888888,0.22824501235002545
0,TVAE,9.csv,synthetic,mlp,3.0,1842,42300,1.1684739867990797,0.3478484317838478,0.0967772981794031,0.7142857142857143,0.8196296296296296,0.8888888888888888,0.62,0.5581395348837209,0.6857142857142857,0.22286215158275471
0,TVAE,9.csv,synthetic,rfc,3.0,1842,42300,1.1684739867990797,0.3478484317838478,0.0967772981794031,0.6753246753246753,0.7851851851851852,0.8333333333333334,0.59,0.5232558139534884,0.6428571428571429,0.22992799218839477
0,TVAE,10.csv,synthetic,mlp,1.0,614,42300,0.9562161746273152,0.359199163510183,0.0954283982299698,0.7272727272727273,0.8046296296296297,0.6851851851851852,0.75,0.5967741935483871,0.6379310344827587,0.18087218174096287
0,TVAE,10.csv,synthetic,rfc,1.0,614,42300,0.9562161746273152,0.359199163510183,0.0954283982299698,0.6623376623376623,0.7942592592592592,0.8333333333333334,0.57,0.5113636363636364,0.6338028169014085,0.21839712989830073
0,TVAE,10.csv,synthetic,mlp,2.0,1228,42300,0.9562161746273152,0.359199163510183,0.0954283982299698,0.7337662337662337,0.8125925925925926,0.7777777777777778,0.71,0.5915492957746479,0.672,0.18201932018409975
0,TVAE,10.csv,synthetic,rfc,2.0,1228,42300,0.9562161746273152,0.359199163510183,0.0954283982299698,0.7012987012987013,0.793888888888889,0.7962962962962963,0.65,0.5512820512820513,0.6515151515151515,0.21016914900872144
0,TVAE,10.csv,synthetic,mlp,3.0,1842,42300,0.9562161746273152,0.359199163510183,0.0954283982299698,0.7207792207792207,0.8237037037037037,0.7592592592592593,0.7,0.5774647887323944,0.656,0.2001252611377797
0,TVAE,10.csv,synthetic,rfc,3.0,1842,42300,0.9562161746273152,0.359199163510183,0.0954283982299698,0.6883116883116883,0.7944444444444444,0.8333333333333334,0.61,0.5357142857142857,0.6521739130434783,0.21468578894927984
0,TVAE,11.csv,synthetic,mlp,1.0,614,42300,1.246543605005139,0.3554325734574455,0.1000060858125914,0.7077922077922078,0.7985185185185185,0.6481481481481481,0.74,0.5737704918032787,0.6086956521739131,0.18201879009270389
0,TVAE,11.csv,synthetic,rfc,1.0,614,42300,1.246543605005139,0.3554325734574455,0.1000060858125914,0.6753246753246753,0.8105555555555556,0.8703703703703703,0.57,0.5222222222222223,0.6527777777777778,0.21739861434354885
0,TVAE,11.csv,synthetic,mlp,2.0,1228,42300,1.246543605005139,0.3554325734574455,0.1000060858125914,0.7142857142857143,0.7651851851851852,0.5,0.83,0.6136363636363636,0.5510204081632653,0.1893366439376709
0,TVAE,11.csv,synthetic,rfc,2.0,1228,42300,1.246543605005139,0.3554325734574455,0.1000060858125914,0.6558441558441559,0.7812962962962963,0.7592592592592593,0.6,0.5061728395061729,0.6074074074074074,0.21494117405172145
0,TVAE,11.csv,synthetic,mlp,3.0,1842,42300,1.246543605005139,0.3554325734574455,0.1000060858125914,0.7207792207792207,0.8092592592592592,0.7037037037037037,0.73,0.5846153846153846,0.6386554621848739,0.18044696526400492
0,TVAE,11.csv,synthetic,rfc,3.0,1842,42300,1.246543605005139,0.3554325734574455,0.1000060858125914,0.6493506493506493,0.7924074074074074,0.8518518518518519,0.54,0.5,0.6301369863013698,0.22221400373785127
0,TVAE,12.csv,synthetic,mlp,1.0,614,42300,1.1463245661564267,0.3559645570399451,0.0923874711523873,0.7077922077922078,0.7635185185185186,0.5555555555555556,0.79,0.5882352941176471,0.5714285714285714,0.1977800570608006
0,TVAE,12.csv,synthetic,rfc,1.0,614,42300,1.1463245661564267,0.3559645570399451,0.0923874711523873,0.7077922077922078,0.795,0.8703703703703703,0.62,0.5529411764705883,0.6762589928057554,0.21183596824129053
0,TVAE,12.csv,synthetic,mlp,2.0,1228,42300,1.1463245661564267,0.3559645570399451,0.0923874711523873,0.7337662337662337,0.807037037037037,0.7962962962962963,0.7,0.589041095890411,0.6771653543307087,0.19126237055393655
0,TVAE,12.csv,synthetic,rfc,2.0,1228,42300,1.1463245661564267,0.3559645570399451,0.0923874711523873,0.6883116883116883,0.7751851851851853,0.8333333333333334,0.61,0.5357142857142857,0.6521739130434783,0.2246022061873646
0,TVAE,12.csv,synthetic,mlp,3.0,1842,42300,1.1463245661564267,0.3559645570399451,0.0923874711523873,0.6948051948051948,0.8057407407407408,0.8148148148148148,0.63,0.5432098765432098,0.6518518518518519,0.2199019690508791
0,TVAE,12.csv,synthetic,rfc,3.0,1842,42300,1.1463245661564267,0.3559645570399451,0.0923874711523873,0.6883116883116883,0.7942592592592592,0.8518518518518519,0.6,0.5348837209302325,0.6571428571428571,0.22233888039136712
0,TVAE,13.csv,synthetic,mlp,1.0,614,42300,0.9973046085655852,0.3534116971845064,0.0869211310586004,0.7207792207792207,0.8018518518518518,0.7777777777777778,0.69,0.5753424657534246,0.6614173228346457,0.18670869494198886
0,TVAE,13.csv,synthetic,rfc,1.0,614,42300,0.9973046085655852,0.3534116971845064,0.0869211310586004,0.6753246753246753,0.7825925925925926,0.7777777777777778,0.62,0.525,0.6268656716417911,0.21010450139097997
0,TVAE,13.csv,synthetic,mlp,2.0,1228,42300,0.9973046085655852,0.3534116971845064,0.0869211310586004,0.6883116883116883,0.8005555555555555,0.8148148148148148,0.62,0.5365853658536586,0.6470588235294118,0.22430565492068488
0,TVAE,13.csv,synthetic,rfc,2.0,1228,42300,0.9973046085655852,0.3534116971845064,0.0869211310586004,0.6883116883116883,0.7721296296296296,0.8148148148148148,0.62,0.5365853658536586,0.6470588235294118,0.22554366748443927
0,TVAE,13.csv,synthetic,mlp,3.0,1842,42300,0.9973046085655852,0.3534116971845064,0.0869211310586004,0.6753246753246753,0.7996296296296296,0.8148148148148148,0.6,0.5238095238095238,0.6376811594202898,0.22763909643053812
0,TVAE,13.csv,synthetic,rfc,3.0,1842,42300,0.9973046085655852,0.3534116971845064,0.0869211310586004,0.6753246753246753,0.7938888888888889,0.7592592592592593,0.63,0.5256410256410257,0.6212121212121212,0.21612614440257677
0,TVAE,14.csv,synthetic,mlp,1.0,614,42300,1.1112236648709075,0.3651801905850287,0.0923295838423471,0.7272727272727273,0.7711111111111111,0.5185185185185185,0.84,0.6363636363636364,0.5714285714285714,0.19426485507225777
0,TVAE,14.csv,synthetic,rfc,1.0,614,42300,1.1112236648709075,0.3651801905850287,0.0923295838423471,0.7077922077922078,0.7949999999999999,0.6666666666666666,0.73,0.5714285714285714,0.6153846153846154,0.1917526839450547
0,TVAE,14.csv,synthetic,mlp,2.0,1228,42300,1.1112236648709075,0.3651801905850287,0.0923295838423471,0.7337662337662337,0.8255555555555555,0.7222222222222222,0.74,0.6,0.6554621848739496,0.18327145793144406
0,TVAE,14.csv,synthetic,rfc,2.0,1228,42300,1.1112236648709075,0.3651801905850287,0.0923295838423471,0.7272727272727273,0.8012962962962963,0.7222222222222222,0.73,0.5909090909090909,0.65,0.19105241392146263
0,TVAE,14.csv,synthetic,mlp,3.0,1842,42300,1.1112236648709075,0.3651801905850287,0.0923295838423471,0.7012987012987013,0.8124074074074075,0.7222222222222222,0.69,0.5571428571428572,0.6290322580645161,0.1921010399481378
0,TVAE,14.csv,synthetic,rfc,3.0,1842,42300,1.1112236648709075,0.3651801905850287,0.0923295838423471,0.7077922077922078,0.7974074074074073,0.7222222222222222,0.7,0.5652173913043478,0.6341463414634146,0.19391652431613876
0,TVAE,15.csv,synthetic,lr,1.0,614,42300,1.0471202239522792,0.3605944047669046,0.0953050091283372,0.7142857142857143,0.7968518518518518,0.7592592592592593,0.69,0.5694444444444444,0.6507936507936508,0.21383247781243364
0,TVAE,15.csv,synthetic,mlp,1.0,614,42300,1.0471202239522792,0.3605944047669046,0.0953050091283372,0.7012987012987013,0.7933333333333333,0.5555555555555556,0.78,0.5769230769230769,0.5660377358490566,0.19013974791352856
0,TVAE,15.csv,synthetic,xgb,1.0,614,42300,1.0471202239522792,0.3605944047669046,0.0953050091283372,0.6883116883116883,0.8198148148148149,0.7407407407407407,0.66,0.5405405405405406,0.625,0.20123440027236938
0,TVAE,15.csv,synthetic,rfc,1.0,614,42300,1.0471202239522792,0.3605944047669046,0.0953050091283372,0.7207792207792207,0.8150000000000001,0.8148148148148148,0.67,0.5714285714285714,0.6717557251908397,0.1903293568565473
0,TVAE,15.csv,synthetic,lr,2.0,1228,42300,1.0471202239522792,0.3605944047669046,0.0953050091283372,0.7142857142857143,0.7998148148148149,0.7592592592592593,0.69,0.5694444444444444,0.6507936507936508,0.2149537517458219
0,TVAE,15.csv,synthetic,mlp,2.0,1228,42300,1.0471202239522792,0.3605944047669046,0.0953050091283372,0.7142857142857143,0.8051851851851852,0.7037037037037037,0.72,0.5757575757575758,0.6333333333333333,0.182546779207527
0,TVAE,15.csv,synthetic,xgb,2.0,1228,42300,1.0471202239522792,0.3605944047669046,0.0953050091283372,0.7207792207792207,0.8118518518518519,0.8333333333333334,0.66,0.569620253164557,0.6766917293233082,0.20920617878437042
0,TVAE,15.csv,synthetic,rfc,2.0,1228,42300,1.0471202239522792,0.3605944047669046,0.0953050091283372,0.7077922077922078,0.8007407407407408,0.8148148148148148,0.65,0.5569620253164557,0.6616541353383458,0.20260338977236697
0,TVAE,15.csv,synthetic,lr,3.0,1842,42300,1.0471202239522792,0.3605944047669046,0.0953050091283372,0.6818181818181818,0.7892592592592593,0.7777777777777778,0.63,0.5316455696202531,0.631578947368421,0.22314960973270223
0,TVAE,15.csv,synthetic,mlp,3.0,1842,42300,1.0471202239522792,0.3605944047669046,0.0953050091283372,0.7272727272727273,0.8059259259259259,0.8148148148148148,0.68,0.5789473684210527,0.676923076923077,0.19876620361455413
0,TVAE,15.csv,synthetic,xgb,3.0,1842,42300,1.0471202239522792,0.3605944047669046,0.0953050091283372,0.6883116883116883,0.7942592592592593,0.8333333333333334,0.61,0.5357142857142857,0.6521739130434783,0.22922763228416443
0,TVAE,15.csv,synthetic,rfc,3.0,1842,42300,1.0471202239522792,0.3605944047669046,0.0953050091283372,0.6493506493506493,0.7801851851851852,0.7592592592592593,0.59,0.5,0.6029411764705882,0.22653679595619372
0,TVAE,16.csv,synthetic,lr,1.0,614,42300,0.8283970296949345,0.3576468317338144,0.087944729409037,0.6688311688311688,0.7785185185185185,0.7407407407407407,0.63,0.5194805194805194,0.6106870229007634,0.2280078214983201
0,TVAE,16.csv,synthetic,mlp,1.0,614,42300,0.8283970296949345,0.3576468317338144,0.087944729409037,0.7337662337662337,0.8024074074074075,0.7777777777777778,0.71,0.5915492957746479,0.672,0.18379252004215318
0,TVAE,16.csv,synthetic,xgb,1.0,614,42300,0.8283970296949345,0.3576468317338144,0.087944729409037,0.6753246753246753,0.7701851851851852,0.8333333333333334,0.59,0.5232558139534884,0.6428571428571429,0.23604752123355865
0,TVAE,16.csv,synthetic,rfc,1.0,614,42300,0.8283970296949345,0.3576468317338144,0.087944729409037,0.6883116883116883,0.783148148148148,0.8518518518518519,0.6,0.5348837209302325,0.6571428571428571,0.21177544462514605
0,TVAE,16.csv,synthetic,lr,2.0,1228,42300,0.8283970296949345,0.3576468317338144,0.087944729409037,0.7142857142857143,0.7974074074074073,0.7222222222222222,0.71,0.5735294117647058,0.639344262295082,0.20454314434369877
0,TVAE,16.csv,synthetic,mlp,2.0,1228,42300,0.8283970296949345,0.3576468317338144,0.087944729409037,0.7337662337662337,0.805,0.7962962962962963,0.7,0.589041095890411,0.6771653543307087,0.1977834181349614
0,TVAE,16.csv,synthetic,xgb,2.0,1228,42300,0.8283970296949345,0.3576468317338144,0.087944729409037,0.6883116883116883,0.7924074074074074,0.8333333333333334,0.61,0.5357142857142857,0.6521739130434783,0.2278936356306076
0,TVAE,16.csv,synthetic,rfc,2.0,1228,42300,0.8283970296949345,0.3576468317338144,0.087944729409037,0.6818181818181818,0.7874074074074074,0.8333333333333334,0.6,0.5294117647058824,0.6474820143884892,0.20966163301783855
0,TVAE,16.csv,synthetic,lr,3.0,1842,42300,0.8283970296949345,0.3576468317338144,0.087944729409037,0.6753246753246753,0.7862962962962963,0.7777777777777778,0.62,0.525,0.6268656716417911,0.22591587987673195
0,TVAE,16.csv,synthetic,mlp,3.0,1842,42300,0.8283970296949345,0.3576468317338144,0.087944729409037,0.7012987012987013,0.7861111111111112,0.8148148148148148,0.64,0.55,0.6567164179104478,0.23398350226215048
0,TVAE,16.csv,synthetic,xgb,3.0,1842,42300,0.8283970296949345,0.3576468317338144,0.087944729409037,0.6623376623376623,0.799074074074074,0.7962962962962963,0.59,0.5119047619047619,0.6231884057971014,0.2269757241010666
0,TVAE,16.csv,synthetic,rfc,3.0,1842,42300,0.8283970296949345,0.3576468317338144,0.087944729409037,0.6948051948051948,0.7981481481481482,0.8148148148148148,0.63,0.5432098765432098,0.6518518518518519,0.21512266235455973
0,TVAE,17.csv,synthetic,lr,1.0,614,42300,0.9367486071823656,0.3551859401725235,0.0911922243122997,0.6688311688311688,0.7972222222222223,0.7592592592592593,0.62,0.5189873417721519,0.6165413533834586,0.2193988762072832
0,TVAE,17.csv,synthetic,mlp,1.0,614,42300,0.9367486071823656,0.3551859401725235,0.0911922243122997,0.7272727272727273,0.8057407407407408,0.7592592592592593,0.71,0.5857142857142857,0.6612903225806451,0.18590197453250426
0,TVAE,17.csv,synthetic,xgb,1.0,614,42300,0.9367486071823656,0.3551859401725235,0.0911922243122997,0.6818181818181818,0.7949999999999999,0.8148148148148148,0.61,0.5301204819277109,0.6423357664233577,0.22229506075382233
0,TVAE,17.csv,synthetic,rfc,1.0,614,42300,0.9367486071823656,0.3551859401725235,0.0911922243122997,0.6818181818181818,0.7966666666666666,0.7407407407407407,0.65,0.5333333333333333,0.6201550387596899,0.1985084345709995
0,TVAE,17.csv,synthetic,lr,2.0,1228,42300,0.9367486071823656,0.3551859401725235,0.0911922243122997,0.6753246753246753,0.7927777777777778,0.7592592592592593,0.63,0.5256410256410257,0.6212121212121212,0.22390170040227902
0,TVAE,17.csv,synthetic,mlp,2.0,1228,42300,0.9367486071823656,0.3551859401725235,0.0911922243122997,0.7142857142857143,0.8072222222222222,0.7592592592592593,0.69,0.5694444444444444,0.6507936507936508,0.18569073624260918
0,TVAE,17.csv,synthetic,xgb,2.0,1228,42300,0.9367486071823656,0.3551859401725235,0.0911922243122997,0.7012987012987013,0.7909259259259259,0.7777777777777778,0.66,0.5526315789473685,0.6461538461538462,0.220951646566391
0,TVAE,17.csv,synthetic,rfc,2.0,1228,42300,0.9367486071823656,0.3551859401725235,0.0911922243122997,0.7012987012987013,0.7875925925925926,0.7592592592592593,0.67,0.5540540540540541,0.640625,0.20784791573708006
0,TVAE,17.csv,synthetic,lr,3.0,1842,42300,0.9367486071823656,0.3551859401725235,0.0911922243122997,0.6688311688311688,0.7988888888888889,0.7777777777777778,0.61,0.5185185185185185,0.6222222222222222,0.2193924833167765
0,TVAE,17.csv,synthetic,mlp,3.0,1842,42300,0.9367486071823656,0.3551859401725235,0.0911922243122997,0.7077922077922078,0.8133333333333334,0.8333333333333334,0.64,0.5555555555555556,0.6666666666666666,0.20712555627235602
0,TVAE,17.csv,synthetic,xgb,3.0,1842,42300,0.9367486071823656,0.3551859401725235,0.0911922243122997,0.6883116883116883,0.8062962962962964,0.8333333333333334,0.61,0.5357142857142857,0.6521739130434783,0.21478603780269623
0,TVAE,17.csv,synthetic,rfc,3.0,1842,42300,0.9367486071823656,0.3551859401725235,0.0911922243122997,0.6883116883116883,0.7988888888888889,0.8333333333333334,0.61,0.5357142857142857,0.6521739130434783,0.2083909410939039
0,TVAE,18.csv,synthetic,lr,1.0,614,42300,1.1877076433747693,0.3546950977167074,0.1035330635097458,0.7142857142857143,0.811111111111111,0.7222222222222222,0.71,0.5735294117647058,0.639344262295082,0.20182051420383165
0,TVAE,18.csv,synthetic,mlp,1.0,614,42300,1.1877076433747693,0.3546950977167074,0.1035330635097458,0.7207792207792207,0.8049999999999999,0.6666666666666666,0.75,0.5901639344262295,0.6260869565217392,0.17977990019802922
0,TVAE,18.csv,synthetic,xgb,1.0,614,42300,1.1877076433747693,0.3546950977167074,0.1035330635097458,0.6753246753246753,0.7846296296296297,0.7222222222222222,0.65,0.527027027027027,0.609375,0.21783006191253662
0,TVAE,18.csv,synthetic,rfc,1.0,614,42300,1.1877076433747693,0.3546950977167074,0.1035330635097458,0.6883116883116883,0.7753703703703703,0.7222222222222222,0.67,0.5416666666666666,0.6190476190476191,0.2099341552355618
0,TVAE,18.csv,synthetic,lr,2.0,1228,42300,1.1877076433747693,0.3546950977167074,0.1035330635097458,0.7207792207792207,0.8083333333333333,0.7407407407407407,0.71,0.5797101449275363,0.6504065040650406,0.20373924323716952
0,TVAE,18.csv,synthetic,mlp,2.0,1228,42300,1.1877076433747693,0.3546950977167074,0.1035330635097458,0.7402597402597403,0.8124074074074075,0.7592592592592593,0.73,0.6029411764705882,0.6721311475409836,0.17908388406902367
0,TVAE,18.csv,synthetic,xgb,2.0,1228,42300,1.1877076433747693,0.3546950977167074,0.1035330635097458,0.6883116883116883,0.7855555555555556,0.7407407407407407,0.66,0.5405405405405406,0.625,0.21998365223407745
0,TVAE,18.csv,synthetic,rfc,2.0,1228,42300,1.1877076433747693,0.3546950977167074,0.1035330635097458,0.6753246753246753,0.7714814814814814,0.7592592592592593,0.63,0.5256410256410257,0.6212121212121212,0.21924973942785686
0,TVAE,18.csv,synthetic,lr,3.0,1842,42300,1.1877076433747693,0.3546950977167074,0.1035330635097458,0.6948051948051948,0.8151851851851851,0.7407407407407407,0.67,0.547945205479452,0.6299212598425197,0.2102243255481415
0,TVAE,18.csv,synthetic,mlp,3.0,1842,42300,1.1877076433747693,0.3546950977167074,0.1035330635097458,0.7207792207792207,0.8218518518518518,0.7592592592592593,0.7,0.5774647887323944,0.656,0.19206347244762834
0,TVAE,18.csv,synthetic,xgb,3.0,1842,42300,1.1877076433747693,0.3546950977167074,0.1035330635097458,0.7077922077922078,0.8044444444444445,0.8518518518518519,0.63,0.5542168674698795,0.6715328467153284,0.2150001972913742
0,TVAE,18.csv,synthetic,rfc,3.0,1842,42300,1.1877076433747693,0.3546950977167074,0.1035330635097458,0.6493506493506493,0.7968518518518518,0.8148148148148148,0.56,0.5,0.6197183098591549,0.21734313753985843
0,TVAE,19.csv,synthetic,lr,1.0,614,42300,1.315177067171822,0.3581107191502329,0.100791909319483,0.7142857142857143,0.8046296296296297,0.7037037037037037,0.72,0.5757575757575758,0.6333333333333333,0.20367143660983636
0,TVAE,19.csv,synthetic,mlp,1.0,614,42300,1.315177067171822,0.3581107191502329,0.100791909319483,0.7142857142857143,0.8096296296296296,0.7037037037037037,0.72,0.5757575757575758,0.6333333333333333,0.18027335790167195
0,TVAE,19.csv,synthetic,xgb,1.0,614,42300,1.315177067171822,0.3581107191502329,0.100791909319483,0.7272727272727273,0.7892592592592593,0.7037037037037037,0.74,0.59375,0.6440677966101694,0.21384485065937042
0,TVAE,19.csv,synthetic,rfc,1.0,614,42300,1.315177067171822,0.3581107191502329,0.100791909319483,0.7207792207792207,0.7877777777777778,0.6851851851851852,0.74,0.5873015873015873,0.6324786324786325,0.1962708615020774
0,TVAE,19.csv,synthetic,lr,2.0,1228,42300,1.315177067171822,0.3581107191502329,0.100791909319483,0.7207792207792207,0.7998148148148149,0.7407407407407407,0.71,0.5797101449275363,0.6504065040650406,0.2162175420373922
0,TVAE,19.csv,synthetic,mlp,2.0,1228,42300,1.315177067171822,0.3581107191502329,0.100791909319483,0.7142857142857143,0.8103703703703703,0.7592592592592593,0.69,0.5694444444444444,0.6507936507936508,0.19061562112381772
0,TVAE,19.csv,synthetic,xgb,2.0,1228,42300,1.315177067171822,0.3581107191502329,0.100791909319483,0.6818181818181818,0.7888888888888889,0.7777777777777778,0.63,0.5316455696202531,0.631578947368421,0.24385811388492584
0,TVAE,19.csv,synthetic,rfc,2.0,1228,42300,1.315177067171822,0.3581107191502329,0.100791909319483,0.6818181818181818,0.7864814814814816,0.7592592592592593,0.64,0.5324675324675324,0.6259541984732825,0.21696148354014283
0,TVAE,19.csv,synthetic,lr,3.0,1842,42300,1.315177067171822,0.3581107191502329,0.100791909319483,0.7012987012987013,0.8051851851851852,0.6851851851851852,0.71,0.5606060606060606,0.6166666666666667,0.2065094596332073
0,TVAE,19.csv,synthetic,mlp,3.0,1842,42300,1.315177067171822,0.3581107191502329,0.100791909319483,0.6883116883116883,0.8129629629629629,0.7592592592592593,0.65,0.5394736842105263,0.6307692307692307,0.20832839544448103
0,TVAE,19.csv,synthetic,xgb,3.0,1842,42300,1.315177067171822,0.3581107191502329,0.100791909319483,0.6948051948051948,0.7961111111111111,0.7962962962962963,0.64,0.5443037974683544,0.6466165413533834,0.23022347688674927
0,TVAE,19.csv,synthetic,rfc,3.0,1842,42300,1.315177067171822,0.3581107191502329,0.100791909319483,0.6753246753246753,0.7807407407407406,0.7222222222222222,0.65,0.527027027027027,0.609375,0.22144178325150926
0,COPULA,0.csv,synthetic,mlp,1.0,614,12690,1.1651184562667805,0.4292602111010257,0.1601156409078465,0.6493506493506493,0.6781481481481482,0.5925925925925926,0.68,0.5,0.5423728813559322,0.25750434577842646
0,COPULA,0.csv,synthetic,rfc,1.0,614,12690,1.1651184562667805,0.4292602111010257,0.1601156409078465,0.6298701298701299,0.7740740740740741,0.8148148148148148,0.53,0.4835164835164835,0.6068965517241379,0.21613344996534264
0,COPULA,0.csv,synthetic,mlp,2.0,1228,12690,1.1651184562667805,0.4292602111010257,0.1601156409078465,0.6493506493506493,0.6327777777777778,0.3888888888888889,0.79,0.5,0.4375,0.25607873004248927
0,COPULA,0.csv,synthetic,rfc,2.0,1228,12690,1.1651184562667805,0.4292602111010257,0.1601156409078465,0.7207792207792207,0.8087037037037038,0.8333333333333334,0.66,0.569620253164557,0.6766917293233082,0.2011017104965276
0,COPULA,0.csv,synthetic,mlp,3.0,1842,12690,1.1651184562667805,0.4292602111010257,0.1601156409078465,0.6818181818181818,0.5998148148148148,0.3333333333333333,0.87,0.5806451612903226,0.4235294117647059,0.2615841918307965
0,COPULA,0.csv,synthetic,rfc,3.0,1842,12690,1.1651184562667805,0.4292602111010257,0.1601156409078465,0.6688311688311688,0.7835185185185185,0.7777777777777778,0.61,0.5185185185185185,0.6222222222222222,0.2035614396074662
0,COPULA,1.csv,synthetic,mlp,1.0,614,12690,1.1884184337102637,0.4315370294781558,0.152991633719696,0.6753246753246753,0.5133333333333332,0.18518518518518517,0.94,0.625,0.2857142857142857,0.27920239804330416
0,COPULA,1.csv,synthetic,rfc,1.0,614,12690,1.1884184337102637,0.4315370294781558,0.152991633719696,0.6493506493506493,0.7187037037037037,0.7037037037037037,0.62,0.5,0.5846153846153846,0.21600307665794669
0,COPULA,1.csv,synthetic,mlp,2.0,1228,12690,1.1884184337102637,0.4315370294781558,0.152991633719696,0.6688311688311688,0.5033333333333333,0.12962962962962962,0.96,0.6363636363636364,0.2153846153846154,0.29365162334826284
0,COPULA,1.csv,synthetic,rfc,2.0,1228,12690,1.1884184337102637,0.4315370294781558,0.152991633719696,0.6623376623376623,0.7168518518518517,0.46296296296296297,0.77,0.5208333333333334,0.49019607843137253,0.19976528693199727
0,COPULA,1.csv,synthetic,mlp,3.0,1842,12690,1.1884184337102637,0.4315370294781558,0.152991633719696,0.6623376623376623,0.522962962962963,0.12962962962962962,0.95,0.5833333333333334,0.21212121212121213,0.27914118161885315
0,COPULA,1.csv,synthetic,rfc,3.0,1842,12690,1.1884184337102637,0.4315370294781558,0.152991633719696,0.6883116883116883,0.7325925925925927,0.5555555555555556,0.76,0.5555555555555556,0.5555555555555556,0.19515140902879738
0,COPULA,2.csv,synthetic,mlp,1.0,614,12690,1.0097149658398423,0.4314766430769117,0.1479115293578147,0.6493506493506493,0.5535185185185185,0.0,1.0,0.0,0.0,0.27341297617991245
0,COPULA,2.csv,synthetic,rfc,1.0,614,12690,1.0097149658398423,0.4314766430769117,0.1479115293578147,0.6558441558441559,0.6877777777777779,0.018518518518518517,1.0,1.0,0.03636363636363636,0.21477461028621145
0,COPULA,2.csv,synthetic,mlp,2.0,1228,12690,1.0097149658398423,0.4314766430769117,0.1479115293578147,0.6623376623376623,0.6177777777777778,0.07407407407407407,0.98,0.6666666666666666,0.13333333333333333,0.2571408410274898
0,COPULA,2.csv,synthetic,rfc,2.0,1228,12690,1.0097149658398423,0.4314766430769117,0.1479115293578147,0.6298701298701299,0.663425925925926,0.0,0.97,0.0,0.0,0.22014674839405793
0,COPULA,2.csv,synthetic,mlp,3.0,1842,12690,1.0097149658398423,0.4314766430769117,0.1479115293578147,0.6623376623376623,0.65,0.037037037037037035,1.0,1.0,0.07142857142857142,0.25007893275441273
0,COPULA,2.csv,synthetic,rfc,3.0,1842,12690,1.0097149658398423,0.4314766430769117,0.1479115293578147,0.7012987012987013,0.7444444444444444,0.2777777777777778,0.93,0.6818181818181818,0.39473684210526316,0.19418010176329892
0,COPULA,3.csv,synthetic,mlp,1.0,614,12690,1.7259886063919168,0.4437803631376533,0.1185449739270878,0.6493506493506493,0.477962962962963,0.0,1.0,0.0,0.0,0.3163537503159082
0,COPULA,3.csv,synthetic,rfc,1.0,614,12690,1.7259886063919168,0.4437803631376533,0.1185449739270878,0.6623376623376623,0.6814814814814816,0.3888888888888889,0.81,0.525,0.44680851063829785,0.20684420638701098
0,COPULA,3.csv,synthetic,mlp,2.0,1228,12690,1.7259886063919168,0.4437803631376533,0.1185449739270878,0.6493506493506493,0.5275925925925926,0.0,1.0,0.0,0.0,0.2975328821034328
0,COPULA,3.csv,synthetic,rfc,2.0,1228,12690,1.7259886063919168,0.4437803631376533,0.1185449739270878,0.6883116883116883,0.674074074074074,0.3888888888888889,0.85,0.5833333333333334,0.4666666666666667,0.2069067029763348
0,COPULA,3.csv,synthetic,mlp,3.0,1842,12690,1.7259886063919168,0.4437803631376533,0.1185449739270878,0.6558441558441559,0.567037037037037,0.018518518518518517,1.0,1.0,0.03636363636363636,0.2768296270595838
0,COPULA,3.csv,synthetic,rfc,3.0,1842,12690,1.7259886063919168,0.4437803631376533,0.1185449739270878,0.6493506493506493,0.7027777777777778,0.42592592592592593,0.77,0.5,0.46,0.20148260944308688
0,COPULA,4.csv,synthetic,mlp,1.0,614,42300,1.2941374255948384,0.4246074649578016,0.1465449800744718,0.6493506493506493,0.47314814814814815,0.05555555555555555,0.97,0.5,0.1,0.30500068184178
0,COPULA,4.csv,synthetic,rfc,1.0,614,42300,1.2941374255948384,0.4246074649578016,0.1465449800744718,0.7402597402597403,0.784074074074074,0.7407407407407407,0.74,0.6060606060606061,0.6666666666666666,0.18759405251171254
0,COPULA,4.csv,synthetic,mlp,2.0,1228,42300,1.2941374255948384,0.4246074649578016,0.1465449800744718,0.6428571428571429,0.5025925925925926,0.09259259259259259,0.94,0.45454545454545453,0.15384615384615385,0.2986109542229728
0,COPULA,4.csv,synthetic,rfc,2.0,1228,42300,1.2941374255948384,0.4246074649578016,0.1465449800744718,0.7272727272727273,0.797037037037037,0.8148148148148148,0.68,0.5789473684210527,0.676923076923077,0.18632097189885863
0,COPULA,4.csv,synthetic,mlp,3.0,1842,42300,1.2941374255948384,0.4246074649578016,0.1465449800744718,0.6623376623376623,0.5837037037037037,0.14814814814814814,0.94,0.5714285714285714,0.23529411764705882,0.2837003112967693
0,COPULA,4.csv,synthetic,rfc,3.0,1842,42300,1.2941374255948384,0.4246074649578016,0.1465449800744718,0.7142857142857143,0.8061111111111111,0.7407407407407407,0.7,0.5714285714285714,0.6451612903225806,0.18026056693503356
0,COPULA,5.csv,synthetic,mlp,1.0,614,42300,100.0,nan,0.1157695650642516,0.6493506493506493,0.47870370370370363,0.0,1.0,0.0,0.0,0.33205424882214973
0,COPULA,5.csv,synthetic,rfc,1.0,614,42300,100.0,nan,0.1157695650642516,0.7467532467532467,0.7688888888888888,0.5,0.88,0.6923076923076923,0.5806451612903226,0.18026474895133918
0,COPULA,5.csv,synthetic,mlp,2.0,1228,42300,100.0,nan,0.1157695650642516,0.6428571428571429,0.46055555555555555,0.0,0.99,0.0,0.0,0.3309692846116483
0,COPULA,5.csv,synthetic,rfc,2.0,1228,42300,100.0,nan,0.1157695650642516,0.7662337662337663,0.8118518518518518,0.6111111111111112,0.85,0.6875,0.6470588235294118,0.16621225246473356
0,COPULA,5.csv,synthetic,mlp,3.0,1842,42300,100.0,nan,0.1157695650642516,0.6558441558441559,0.4696296296296296,0.018518518518518517,1.0,1.0,0.03636363636363636,0.3353756605138257
0,COPULA,5.csv,synthetic,rfc,3.0,1842,42300,100.0,nan,0.1157695650642516,0.7337662337662337,0.7994444444444445,0.5925925925925926,0.81,0.6274509803921569,0.6095238095238096,0.1745300625721424
0,COPULA,6.csv,synthetic,mlp,1.0,614,42300,1.2544062206469448,0.4378930733511744,0.133710785181875,0.5584415584415584,0.5148148148148147,0.42592592592592593,0.63,0.38333333333333336,0.40350877192982454,0.311070219018343
0,COPULA,6.csv,synthetic,rfc,1.0,614,42300,1.2544062206469448,0.4378930733511744,0.133710785181875,0.512987012987013,0.7766666666666667,0.9814814814814815,0.26,0.41732283464566927,0.585635359116022,0.3323287030337759
0,COPULA,6.csv,synthetic,mlp,2.0,1228,42300,1.2544062206469448,0.4378930733511744,0.133710785181875,0.5584415584415584,0.5105555555555555,0.3888888888888889,0.65,0.375,0.38181818181818183,0.33294881275379207
0,COPULA,6.csv,synthetic,rfc,2.0,1228,42300,1.2544062206469448,0.4378930733511744,0.133710785181875,0.5194805194805194,0.7675925925925926,0.9814814814814815,0.27,0.42063492063492064,0.5888888888888889,0.32106128586560795
0,COPULA,6.csv,synthetic,mlp,3.0,1842,42300,1.2544062206469448,0.4378930733511744,0.133710785181875,0.6363636363636364,0.6605555555555556,0.6296296296296297,0.64,0.4857142857142857,0.5483870967741935,0.28356757156428974
0,COPULA,6.csv,synthetic,rfc,3.0,1842,42300,1.2544062206469448,0.4378930733511744,0.133710785181875,0.5324675324675324,0.8042592592592592,0.9814814814814815,0.29,0.4274193548387097,0.5955056179775281,0.3234370114912494
0,COPULA,7.csv,synthetic,mlp,1.0,614,42300,1.058274270739143,0.4485113387058509,0.1224276272468063,0.6493506493506493,0.4931481481481481,0.037037037037037035,0.98,0.5,0.06896551724137931,0.3057277293582909
0,COPULA,7.csv,synthetic,rfc,1.0,614,42300,1.058274270739143,0.4485113387058509,0.1224276272468063,0.7337662337662337,0.7816666666666667,0.46296296296296297,0.88,0.6756756756756757,0.5494505494505495,0.17731092160925324
0,COPULA,7.csv,synthetic,mlp,2.0,1228,42300,1.058274270739143,0.4485113387058509,0.1224276272468063,0.6688311688311688,0.6072222222222222,0.14814814814814814,0.95,0.6153846153846154,0.23880597014925373,0.24599124548809195
0,COPULA,7.csv,synthetic,rfc,2.0,1228,42300,1.058274270739143,0.4485113387058509,0.1224276272468063,0.7207792207792207,0.7603703703703704,0.5,0.84,0.627906976744186,0.5567010309278351,0.18209611223338598
0,COPULA,7.csv,synthetic,mlp,3.0,1842,42300,1.058274270739143,0.4485113387058509,0.1224276272468063,0.5324675324675324,0.5855555555555556,0.6111111111111112,0.49,0.39285714285714285,0.4782608695652174,0.42283971184376373
0,COPULA,7.csv,synthetic,rfc,3.0,1842,42300,1.058274270739143,0.4485113387058509,0.1224276272468063,0.7142857142857143,0.7731481481481481,0.5370370370370371,0.81,0.6041666666666666,0.5686274509803921,0.18256879957410466
0,COPULA,8.csv,synthetic,mlp,1.0,614,42300,1.2585849564401492,0.4408313604525539,0.116454540413279,0.6428571428571429,0.4842592592592592,0.037037037037037035,0.97,0.4,0.06779661016949153,0.3025169572448292
0,COPULA,8.csv,synthetic,rfc,1.0,614,42300,1.2585849564401492,0.4408313604525539,0.116454540413279,0.7142857142857143,0.7820370370370371,0.5740740740740741,0.79,0.5961538461538461,0.5849056603773585,0.18020333861320958
0,COPULA,8.csv,synthetic,mlp,2.0,1228,42300,1.2585849564401492,0.4408313604525539,0.116454540413279,0.6883116883116883,0.658888888888889,0.3333333333333333,0.88,0.6,0.42857142857142855,0.22738966004193265
0,COPULA,8.csv,synthetic,rfc,2.0,1228,42300,1.2585849564401492,0.4408313604525539,0.116454540413279,0.7207792207792207,0.8075925925925925,0.7222222222222222,0.72,0.582089552238806,0.6446280991735537,0.18146066955999143
0,COPULA,8.csv,synthetic,mlp,3.0,1842,42300,1.2585849564401492,0.4408313604525539,0.116454540413279,0.6558441558441559,0.5022222222222222,0.07407407407407407,0.97,0.5714285714285714,0.13114754098360656,0.29596065098591
0,COPULA,8.csv,synthetic,rfc,3.0,1842,42300,1.2585849564401492,0.4408313604525539,0.116454540413279,0.7662337662337663,0.7933333333333333,0.7037037037037037,0.8,0.6551724137931034,0.6785714285714286,0.18311550298366217
0,COPULA,9.csv,synthetic,mlp,1.0,614,42300,1.9788606321983044,0.4435479371029645,0.1592113435325678,0.6493506493506493,0.4635185185185185,0.037037037037037035,0.98,0.5,0.06896551724137931,0.32402975697316805
0,COPULA,9.csv,synthetic,rfc,1.0,614,42300,1.9788606321983044,0.4435479371029645,0.1592113435325678,0.7142857142857143,0.7837037037037037,0.2962962962962963,0.94,0.7272727272727273,0.42105263157894735,0.19597680082864904
0,COPULA,9.csv,synthetic,mlp,2.0,1228,42300,1.9788606321983044,0.4435479371029645,0.1592113435325678,0.6493506493506493,0.4772222222222223,0.0,1.0,0.0,0.0,0.326565263585986
0,COPULA,9.csv,synthetic,rfc,2.0,1228,42300,1.9788606321983044,0.4435479371029645,0.1592113435325678,0.6883116883116883,0.7855555555555556,0.24074074074074073,0.93,0.65,0.35135135135135137,0.19504933401191718
0,COPULA,9.csv,synthetic,mlp,3.0,1842,42300,1.9788606321983044,0.4435479371029645,0.1592113435325678,0.6493506493506493,0.47148148148148145,0.0,1.0,0.0,0.0,0.3402207767881186
0,COPULA,9.csv,synthetic,rfc,3.0,1842,42300,1.9788606321983044,0.4435479371029645,0.1592113435325678,0.7012987012987013,0.776111111111111,0.2222222222222222,0.96,0.75,0.34285714285714286,0.18807639602303777
0,COPULA,10.csv,synthetic,mlp,1.0,614,42300,1.146069095084667,0.4421141079104372,0.1115041072021215,0.6688311688311688,0.5712962962962963,0.18518518518518517,0.93,0.5882352941176471,0.28169014084507044,0.2783604271143127
0,COPULA,10.csv,synthetic,rfc,1.0,614,42300,1.146069095084667,0.4421141079104372,0.1115041072021215,0.7012987012987013,0.7901851851851852,0.6296296296296297,0.74,0.5666666666666667,0.5964912280701754,0.18049657340926534
0,COPULA,10.csv,synthetic,mlp,2.0,1228,42300,1.146069095084667,0.4421141079104372,0.1115041072021215,0.6558441558441559,0.662962962962963,0.6296296296296297,0.67,0.5074626865671642,0.5619834710743802,0.262371929550989
0,COPULA,10.csv,synthetic,rfc,2.0,1228,42300,1.146069095084667,0.4421141079104372,0.1115041072021215,0.7142857142857143,0.7859259259259259,0.6481481481481481,0.75,0.5833333333333334,0.6140350877192983,0.1827561717754592
0,COPULA,10.csv,synthetic,mlp,3.0,1842,42300,1.146069095084667,0.4421141079104372,0.1115041072021215,0.6363636363636364,0.5307407407407407,0.1111111111111111,0.92,0.42857142857142855,0.17647058823529413,0.3062383286002691
0,COPULA,10.csv,synthetic,rfc,3.0,1842,42300,1.146069095084667,0.4421141079104372,0.1115041072021215,0.7272727272727273,0.7891666666666667,0.6296296296296297,0.78,0.6071428571428571,0.6181818181818182,0.1818153575318755
0,COPULA,11.csv,synthetic,mlp,1.0,614,42300,1.4500711943836693,0.4430061019332906,0.11533945114721,0.6493506493506493,0.5611111111111111,0.07407407407407407,0.96,0.5,0.12903225806451613,0.28771981332752455
0,COPULA,11.csv,synthetic,rfc,1.0,614,42300,1.4500711943836693,0.4430061019332906,0.11533945114721,0.7402597402597403,0.7877777777777778,0.4444444444444444,0.9,0.7058823529411765,0.5454545454545454,0.17549579878716784
0,COPULA,11.csv,synthetic,mlp,2.0,1228,42300,1.4500711943836693,0.4430061019332906,0.11533945114721,0.6363636363636364,0.5485185185185186,0.018518518518518517,0.97,0.25,0.034482758620689655,0.2951030650586518
0,COPULA,11.csv,synthetic,rfc,2.0,1228,42300,1.4500711943836693,0.4430061019332906,0.11533945114721,0.7402597402597403,0.7811111111111112,0.4444444444444444,0.9,0.7058823529411765,0.5454545454545454,0.17586440409374593
0,COPULA,11.csv,synthetic,mlp,3.0,1842,42300,1.4500711943836693,0.4430061019332906,0.11533945114721,0.6623376623376623,0.4974074074074074,0.07407407407407407,0.98,0.6666666666666666,0.13333333333333333,0.30215790325645886
0,COPULA,11.csv,synthetic,rfc,3.0,1842,42300,1.4500711943836693,0.4430061019332906,0.11533945114721,0.7662337662337663,0.7879629629629631,0.6296296296296297,0.84,0.68,0.6538461538461539,0.17826529009272615
0,COPULA,12.csv,synthetic,mlp,1.0,614,42300,1.5702740055164763,0.4186969234701191,0.13200702306047,0.6623376623376623,0.5775925925925925,0.16666666666666666,0.93,0.5625,0.2571428571428571,0.2771515096069955
0,COPULA,12.csv,synthetic,rfc,1.0,614,42300,1.5702740055164763,0.4186969234701191,0.13200702306047,0.6818181818181818,0.7444444444444445,0.7777777777777778,0.63,0.5316455696202531,0.631578947368421,0.21394750570962434
0,COPULA,12.csv,synthetic,mlp,2.0,1228,42300,1.5702740055164763,0.4186969234701191,0.13200702306047,0.6168831168831169,0.562037037037037,0.1111111111111111,0.89,0.35294117647058826,0.16901408450704225,0.2907125471292357
0,COPULA,12.csv,synthetic,rfc,2.0,1228,42300,1.5702740055164763,0.4186969234701191,0.13200702306047,0.6558441558441559,0.757962962962963,0.8148148148148148,0.57,0.5057471264367817,0.624113475177305,0.22864379708785798
0,COPULA,12.csv,synthetic,mlp,3.0,1842,42300,1.5702740055164763,0.4186969234701191,0.13200702306047,0.6493506493506493,0.5648148148148148,0.12962962962962962,0.93,0.5,0.20588235294117646,0.286508785411365
0,COPULA,12.csv,synthetic,rfc,3.0,1842,42300,1.5702740055164763,0.4186969234701191,0.13200702306047,0.6363636363636364,0.7551851851851852,0.7592592592592593,0.57,0.4880952380952381,0.5942028985507246,0.22307128327631823
0,COPULA,13.csv,synthetic,mlp,1.0,614,42300,1.3192414485021349,0.4159862416650164,0.1375673640768971,0.6493506493506493,0.4872222222222222,0.0,1.0,0.0,0.0,0.3254788164696849
0,COPULA,13.csv,synthetic,rfc,1.0,614,42300,1.3192414485021349,0.4159862416650164,0.1375673640768971,0.7662337662337663,0.7849999999999999,0.6481481481481481,0.83,0.6730769230769231,0.660377358490566,0.18120182630347445
0,COPULA,13.csv,synthetic,mlp,2.0,1228,42300,1.3192414485021349,0.4159862416650164,0.1375673640768971,0.6363636363636364,0.4755555555555556,0.0,0.98,0.0,0.0,0.32351957185611063
0,COPULA,13.csv,synthetic,rfc,2.0,1228,42300,1.3192414485021349,0.4159862416650164,0.1375673640768971,0.7532467532467533,0.7883333333333333,0.6851851851851852,0.79,0.6379310344827587,0.6607142857142857,0.18075452160696276
0,COPULA,13.csv,synthetic,mlp,3.0,1842,42300,1.3192414485021349,0.4159862416650164,0.1375673640768971,0.6428571428571429,0.5451851851851852,0.037037037037037035,0.97,0.4,0.06779661016949153,0.30998848828563647
0,COPULA,13.csv,synthetic,rfc,3.0,1842,42300,1.3192414485021349,0.4159862416650164,0.1375673640768971,0.6883116883116883,0.7555555555555555,0.5555555555555556,0.76,0.5555555555555556,0.5555555555555556,0.19295340344681142
0,COPULA,14.csv,synthetic,mlp,1.0,614,42300,0.8567511587695962,0.4324527995369571,0.1189494874382554,0.6428571428571429,0.5544444444444444,0.12962962962962962,0.92,0.4666666666666667,0.2028985507246377,0.2818169052263064
0,COPULA,14.csv,synthetic,rfc,1.0,614,42300,0.8567511587695962,0.4324527995369571,0.1189494874382554,0.7272727272727273,0.7927777777777778,0.6666666666666666,0.76,0.6,0.631578947368421,0.18015364802736183
0,COPULA,14.csv,synthetic,mlp,2.0,1228,42300,0.8567511587695962,0.4324527995369571,0.1189494874382554,0.6753246753246753,0.6037037037037036,0.25925925925925924,0.9,0.5833333333333334,0.358974358974359,0.25002618487533956
0,COPULA,14.csv,synthetic,rfc,2.0,1228,42300,0.8567511587695962,0.4324527995369571,0.1189494874382554,0.7142857142857143,0.7907407407407407,0.6481481481481481,0.75,0.5833333333333334,0.6140350877192983,0.18186563906969286
0,COPULA,14.csv,synthetic,mlp,3.0,1842,42300,0.8567511587695962,0.4324527995369571,0.1189494874382554,0.6493506493506493,0.545,0.1111111111111111,0.94,0.5,0.18181818181818182,0.2748872280462564
0,COPULA,14.csv,synthetic,rfc,3.0,1842,42300,0.8567511587695962,0.4324527995369571,0.1189494874382554,0.6883116883116883,0.7759259259259259,0.7222222222222222,0.67,0.5416666666666666,0.6190476190476191,0.19522472866668727
0,COPULA,15.csv,synthetic,lr,1.0,614,42300,1.3046018333532647,0.434361999242888,0.1067719716316122,0.5454545454545454,0.5878703703703705,0.6111111111111112,0.51,0.4024390243902439,0.4852941176470588,0.42290917754681
0,COPULA,15.csv,synthetic,mlp,1.0,614,42300,1.3046018333532647,0.434361999242888,0.1067719716316122,0.5454545454545454,0.586851851851852,0.6296296296296297,0.5,0.40476190476190477,0.4927536231884058,0.4193530681825799
0,COPULA,15.csv,synthetic,xgb,1.0,614,42300,1.3046018333532647,0.434361999242888,0.1067719716316122,0.6688311688311688,0.7681481481481481,0.7777777777777778,0.61,0.5185185185185185,0.6222222222222222,0.2258463203907013
0,COPULA,15.csv,synthetic,rfc,1.0,614,42300,1.3046018333532647,0.434361999242888,0.1067719716316122,0.6623376623376623,0.7518518518518519,0.7592592592592593,0.61,0.5125,0.6119402985074627,0.22351958824195767
0,COPULA,15.csv,synthetic,lr,2.0,1228,42300,1.3046018333532647,0.434361999242888,0.1067719716316122,0.5584415584415584,0.6144444444444445,0.6296296296296297,0.52,0.4146341463414634,0.5,0.38809072020151963
0,COPULA,15.csv,synthetic,mlp,2.0,1228,42300,1.3046018333532647,0.434361999242888,0.1067719716316122,0.6428571428571429,0.615925925925926,0.3333333333333333,0.81,0.4864864864864865,0.3956043956043956,0.2452732960464149
0,COPULA,15.csv,synthetic,xgb,2.0,1228,42300,1.3046018333532647,0.434361999242888,0.1067719716316122,0.6753246753246753,0.7590740740740741,0.7037037037037037,0.66,0.5277777777777778,0.6031746031746031,0.2134396731853485
0,COPULA,15.csv,synthetic,rfc,2.0,1228,42300,1.3046018333532647,0.434361999242888,0.1067719716316122,0.6753246753246753,0.7394444444444445,0.7037037037037037,0.66,0.5277777777777778,0.6031746031746031,0.21236956535084228
0,COPULA,15.csv,synthetic,lr,3.0,1842,42300,1.3046018333532647,0.434361999242888,0.1067719716316122,0.5584415584415584,0.5943518518518519,0.6111111111111112,0.53,0.4125,0.4925373134328358,0.4125350904228733
0,COPULA,15.csv,synthetic,mlp,3.0,1842,42300,1.3046018333532647,0.434361999242888,0.1067719716316122,0.5584415584415584,0.6003703703703704,0.6296296296296297,0.52,0.4146341463414634,0.5,0.39855919267503304
0,COPULA,15.csv,synthetic,xgb,3.0,1842,42300,1.3046018333532647,0.434361999242888,0.1067719716316122,0.7077922077922078,0.7694444444444445,0.7592592592592593,0.68,0.5616438356164384,0.6456692913385826,0.21526247262954712
0,COPULA,15.csv,synthetic,rfc,3.0,1842,42300,1.3046018333532647,0.434361999242888,0.1067719716316122,0.7337662337662337,0.76,0.7592592592592593,0.72,0.5942028985507246,0.6666666666666666,0.20705895903909727
0,COPULA,16.csv,synthetic,lr,1.0,614,42300,1.3114091301127329,0.4236854355391359,0.1230908435825702,0.5584415584415584,0.5398148148148149,0.37037037037037035,0.66,0.37037037037037035,0.37037037037037035,0.33224601063590814
0,COPULA,16.csv,synthetic,mlp,1.0,614,42300,1.3114091301127329,0.4236854355391359,0.1230908435825702,0.6558441558441559,0.497037037037037,0.037037037037037035,0.99,0.6666666666666666,0.07017543859649122,0.31390807623504197
0,COPULA,16.csv,synthetic,xgb,1.0,614,42300,1.3114091301127329,0.4236854355391359,0.1230908435825702,0.7207792207792207,0.7581481481481482,0.5185185185185185,0.83,0.6222222222222222,0.5656565656565656,0.1953570544719696
0,COPULA,16.csv,synthetic,rfc,1.0,614,42300,1.3114091301127329,0.4236854355391359,0.1230908435825702,0.7402597402597403,0.7711111111111111,0.5185185185185185,0.86,0.6666666666666666,0.5833333333333334,0.18283948425342664
0,COPULA,16.csv,synthetic,lr,2.0,1228,42300,1.3114091301127329,0.4236854355391359,0.1230908435825702,0.5324675324675324,0.5020370370370371,0.37037037037037035,0.62,0.3448275862068966,0.35714285714285715,0.38029894676451015
0,COPULA,16.csv,synthetic,mlp,2.0,1228,42300,1.3114091301127329,0.4236854355391359,0.1230908435825702,0.6623376623376623,0.5087037037037037,0.09259259259259259,0.97,0.625,0.16129032258064516,0.30090026755709753
0,COPULA,16.csv,synthetic,xgb,2.0,1228,42300,1.3114091301127329,0.4236854355391359,0.1230908435825702,0.7012987012987013,0.7783333333333332,0.48148148148148145,0.82,0.5909090909090909,0.5306122448979592,0.18185751140117645
0,COPULA,16.csv,synthetic,rfc,2.0,1228,42300,1.3114091301127329,0.4236854355391359,0.1230908435825702,0.7142857142857143,0.768888888888889,0.5,0.83,0.6136363636363636,0.5510204081632653,0.18095707284210868
0,COPULA,16.csv,synthetic,lr,3.0,1842,42300,1.3114091301127329,0.4236854355391359,0.1230908435825702,0.5324675324675324,0.47962962962962963,0.37037037037037035,0.62,0.3448275862068966,0.35714285714285715,0.4161068732448769
0,COPULA,16.csv,synthetic,mlp,3.0,1842,42300,1.3114091301127329,0.4236854355391359,0.1230908435825702,0.6688311688311688,0.4955555555555555,0.09259259259259259,0.98,0.7142857142857143,0.16393442622950818,0.3116961568300668
0,COPULA,16.csv,synthetic,xgb,3.0,1842,42300,1.3114091301127329,0.4236854355391359,0.1230908435825702,0.6948051948051948,0.7746296296296296,0.4074074074074074,0.85,0.5945945945945946,0.4835164835164835,0.18336394429206848
0,COPULA,16.csv,synthetic,rfc,3.0,1842,42300,1.3114091301127329,0.4236854355391359,0.1230908435825702,0.7142857142857143,0.7683333333333333,0.46296296296296297,0.85,0.625,0.5319148936170213,0.18184845861613347
0,COPULA,17.csv,synthetic,lr,1.0,614,42300,1.193470438972931,0.4397270086409919,0.1060865718499206,0.512987012987013,0.4859259259259259,0.42592592592592593,0.56,0.34328358208955223,0.38016528925619836,0.42737991142451415
0,COPULA,17.csv,synthetic,mlp,1.0,614,42300,1.193470438972931,0.4397270086409919,0.1060865718499206,0.6558441558441559,0.4994444444444444,0.12962962962962962,0.94,0.5384615384615384,0.208955223880597,0.3020952979054877
0,COPULA,17.csv,synthetic,xgb,1.0,614,42300,1.193470438972931,0.4397270086409919,0.1060865718499206,0.7142857142857143,0.8201851851851852,0.8333333333333334,0.65,0.5625,0.6716417910447762,0.197835773229599
0,COPULA,17.csv,synthetic,rfc,1.0,614,42300,1.193470438972931,0.4397270086409919,0.1060865718499206,0.7142857142857143,0.8077777777777777,0.7777777777777778,0.68,0.5675675675675675,0.65625,0.19256268626774004
0,COPULA,17.csv,synthetic,lr,2.0,1228,42300,1.193470438972931,0.4397270086409919,0.1060865718499206,0.5064935064935064,0.4674074074074075,0.4074074074074074,0.56,0.3333333333333333,0.36666666666666664,0.4549387235584882
0,COPULA,17.csv,synthetic,mlp,2.0,1228,42300,1.193470438972931,0.4397270086409919,0.1060865718499206,0.6493506493506493,0.48666666666666664,0.07407407407407407,0.96,0.5,0.12903225806451613,0.30710177555064944
0,COPULA,17.csv,synthetic,xgb,2.0,1228,42300,1.193470438972931,0.4397270086409919,0.1060865718499206,0.7077922077922078,0.8064814814814816,0.7407407407407407,0.69,0.5633802816901409,0.64,0.18579450249671936
0,COPULA,17.csv,synthetic,rfc,2.0,1228,42300,1.193470438972931,0.4397270086409919,0.1060865718499206,0.6883116883116883,0.7922222222222222,0.7592592592592593,0.65,0.5394736842105263,0.6307692307692307,0.1929068780439518
0,COPULA,17.csv,synthetic,lr,3.0,1842,42300,1.193470438972931,0.4397270086409919,0.1060865718499206,0.5909090909090909,0.6164814814814814,0.5,0.64,0.42857142857142855,0.46153846153846156,0.2744323023055929
0,COPULA,17.csv,synthetic,mlp,3.0,1842,42300,1.193470438972931,0.4397270086409919,0.1060865718499206,0.6493506493506493,0.4905555555555556,0.07407407407407407,0.96,0.5,0.12903225806451613,0.3014732578290251
0,COPULA,17.csv,synthetic,xgb,3.0,1842,42300,1.193470438972931,0.4397270086409919,0.1060865718499206,0.7012987012987013,0.804074074074074,0.7407407407407407,0.68,0.5555555555555556,0.6349206349206349,0.18635064363479614
0,COPULA,17.csv,synthetic,rfc,3.0,1842,42300,1.193470438972931,0.4397270086409919,0.1060865718499206,0.7077922077922078,0.7946296296296297,0.7777777777777778,0.67,0.56,0.6511627906976745,0.19184675431406395
0,COPULA,18.csv,synthetic,lr,1.0,614,42300,1.4485899300792575,0.4457904921104414,0.1321934150363025,0.5909090909090909,0.6442592592592592,0.6666666666666666,0.55,0.4444444444444444,0.5333333333333333,0.34876456501223024
0,COPULA,18.csv,synthetic,mlp,1.0,614,42300,1.4485899300792575,0.4457904921104414,0.1321934150363025,0.6688311688311688,0.5066666666666667,0.09259259259259259,0.98,0.7142857142857143,0.16393442622950818,0.2967748612094021
0,COPULA,18.csv,synthetic,xgb,1.0,614,42300,1.4485899300792575,0.4457904921104414,0.1321934150363025,0.7077922077922078,0.7670370370370371,0.6481481481481481,0.74,0.5737704918032787,0.6086956521739131,0.20175668597221375
0,COPULA,18.csv,synthetic,rfc,1.0,614,42300,1.4485899300792575,0.4457904921104414,0.1321934150363025,0.7077922077922078,0.7848148148148149,0.6666666666666666,0.73,0.5714285714285714,0.6153846153846154,0.18698791621925817
0,COPULA,18.csv,synthetic,lr,2.0,1228,42300,1.4485899300792575,0.4457904921104414,0.1321934150363025,0.6558441558441559,0.7150000000000001,0.6851851851851852,0.64,0.5068493150684932,0.5826771653543307,0.2712885795444179
0,COPULA,18.csv,synthetic,mlp,2.0,1228,42300,1.4485899300792575,0.4457904921104414,0.1321934150363025,0.6623376623376623,0.5462962962962963,0.09259259259259259,0.97,0.625,0.16129032258064516,0.2912744822079366
0,COPULA,18.csv,synthetic,xgb,2.0,1228,42300,1.4485899300792575,0.4457904921104414,0.1321934150363025,0.6623376623376623,0.7609259259259259,0.6296296296296297,0.68,0.5151515151515151,0.5666666666666667,0.20654186606407166
0,COPULA,18.csv,synthetic,rfc,2.0,1228,42300,1.4485899300792575,0.4457904921104414,0.1321934150363025,0.6623376623376623,0.7544444444444445,0.6296296296296297,0.68,0.5151515151515151,0.5666666666666667,0.19195112759589034
0,COPULA,18.csv,synthetic,lr,3.0,1842,42300,1.4485899300792575,0.4457904921104414,0.1321934150363025,0.6233766233766234,0.6798148148148149,0.7037037037037037,0.58,0.475,0.5671641791044776,0.31322827847054724
0,COPULA,18.csv,synthetic,mlp,3.0,1842,42300,1.4485899300792575,0.4457904921104414,0.1321934150363025,0.6623376623376623,0.5990740740740741,0.24074074074074073,0.89,0.5416666666666666,0.3333333333333333,0.26571961400223054
0,COPULA,18.csv,synthetic,xgb,3.0,1842,42300,1.4485899300792575,0.4457904921104414,0.1321934150363025,0.6818181818181818,0.7620370370370371,0.7037037037037037,0.67,0.5352112676056338,0.608,0.21408407390117645
0,COPULA,18.csv,synthetic,rfc,3.0,1842,42300,1.4485899300792575,0.4457904921104414,0.1321934150363025,0.7012987012987013,0.7662962962962964,0.6666666666666666,0.72,0.5625,0.6101694915254238,0.19554989459071856
0,COPULA,19.csv,synthetic,lr,1.0,614,42300,1.2380278045180246,0.461272231616427,0.1199171781687506,0.551948051948052,0.5544444444444445,0.5,0.58,0.391304347826087,0.43902439024390244,0.3376941057048635
0,COPULA,19.csv,synthetic,mlp,1.0,614,42300,1.2380278045180246,0.461272231616427,0.1199171781687506,0.6558441558441559,0.47962962962962963,0.05555555555555555,0.98,0.6,0.1016949152542373,0.3147412747530655
0,COPULA,19.csv,synthetic,xgb,1.0,614,42300,1.2380278045180246,0.461272231616427,0.1199171781687506,0.6298701298701299,0.764814814814815,0.8333333333333334,0.52,0.4838709677419355,0.6122448979591837,0.2430068403482437
0,COPULA,19.csv,synthetic,rfc,1.0,614,42300,1.2380278045180246,0.461272231616427,0.1199171781687506,0.6753246753246753,0.778888888888889,0.9074074074074074,0.55,0.5212765957446809,0.6621621621621622,0.22078320901193865
0,COPULA,19.csv,synthetic,lr,2.0,1228,42300,1.2380278045180246,0.461272231616427,0.1199171781687506,0.5,0.4406481481481481,0.37037037037037035,0.57,0.31746031746031744,0.3418803418803419,0.4919726092075219
0,COPULA,19.csv,synthetic,mlp,2.0,1228,42300,1.2380278045180246,0.461272231616427,0.1199171781687506,0.6623376623376623,0.47907407407407404,0.18518518518518517,0.92,0.5555555555555556,0.2777777777777778,0.30239371936062837
0,COPULA,19.csv,synthetic,xgb,2.0,1228,42300,1.2380278045180246,0.461272231616427,0.1199171781687506,0.7012987012987013,0.7992592592592593,0.7777777777777778,0.66,0.5526315789473685,0.6461538461538462,0.19965164363384247
0,COPULA,19.csv,synthetic,rfc,2.0,1228,42300,1.2380278045180246,0.461272231616427,0.1199171781687506,0.6948051948051948,0.7872222222222223,0.8148148148148148,0.63,0.5432098765432098,0.6518518518518519,0.20506137717214948
0,COPULA,19.csv,synthetic,lr,3.0,1842,42300,1.2380278045180246,0.461272231616427,0.1199171781687506,0.4935064935064935,0.4694444444444444,0.3888888888888889,0.55,0.3181818181818182,0.35,0.4532374092867589
0,COPULA,19.csv,synthetic,mlp,3.0,1842,42300,1.2380278045180246,0.461272231616427,0.1199171781687506,0.6623376623376623,0.49666666666666665,0.1111111111111111,0.96,0.6,0.1875,0.31499775505202743
0,COPULA,19.csv,synthetic,xgb,3.0,1842,42300,1.2380278045180246,0.461272231616427,0.1199171781687506,0.6818181818181818,0.8122222222222222,0.9074074074074074,0.56,0.5268817204301075,0.6666666666666666,0.21677424013614655
0,COPULA,19.csv,synthetic,rfc,3.0,1842,42300,1.2380278045180246,0.461272231616427,0.1199171781687506,0.6753246753246753,0.7996296296296297,0.8703703703703703,0.57,0.5222222222222223,0.6527777777777778,0.21678076458752968
0,CTGAN,0.csv,synthetic,mlp,1.0,614,12690,1.2576349686013193,0.3478554228823722,0.0474136588962258,0.7402597402597403,0.7931481481481482,0.6111111111111112,0.81,0.6346153846153846,0.6226415094339622,0.18518479372837204
0,CTGAN,0.csv,synthetic,rfc,1.0,614,12690,1.2576349686013193,0.3478554228823722,0.0474136588962258,0.7467532467532467,0.7614814814814814,0.48148148148148145,0.89,0.7027027027027027,0.5714285714285714,0.18526511801529325
0,CTGAN,0.csv,synthetic,mlp,2.0,1228,12690,1.2576349686013193,0.3478554228823722,0.0474136588962258,0.6948051948051948,0.7998148148148149,0.4074074074074074,0.85,0.5945945945945946,0.4835164835164835,0.17616392606631004
0,CTGAN,0.csv,synthetic,rfc,2.0,1228,12690,1.2576349686013193,0.3478554228823722,0.0474136588962258,0.7207792207792207,0.7571296296296296,0.42592592592592593,0.88,0.6571428571428571,0.5168539325842697,0.18909111097007797
0,CTGAN,0.csv,synthetic,mlp,3.0,1842,12690,1.2576349686013193,0.3478554228823722,0.0474136588962258,0.7272727272727273,0.7985185185185185,0.5555555555555556,0.82,0.625,0.5882352941176471,0.17494129508260622
0,CTGAN,0.csv,synthetic,rfc,3.0,1842,12690,1.2576349686013193,0.3478554228823722,0.0474136588962258,0.7142857142857143,0.7650000000000001,0.5,0.83,0.6136363636363636,0.5510204081632653,0.18573647934003748
0,CTGAN,1.csv,synthetic,mlp,1.0,614,12690,0.5694572752017949,0.3555154915480381,0.0588104278446484,0.7142857142857143,0.7774074074074074,0.5,0.83,0.6136363636363636,0.5510204081632653,0.18481848154476907
0,CTGAN,1.csv,synthetic,rfc,1.0,614,12690,0.5694572752017949,0.3555154915480381,0.0588104278446484,0.7012987012987013,0.7479629629629629,0.5555555555555556,0.78,0.5769230769230769,0.5660377358490566,0.19068075878745314
0,CTGAN,1.csv,synthetic,mlp,2.0,1228,12690,0.5694572752017949,0.3555154915480381,0.0588104278446484,0.7077922077922078,0.7737037037037037,0.5185185185185185,0.81,0.5957446808510638,0.5544554455445545,0.18084337614913248
0,CTGAN,1.csv,synthetic,rfc,2.0,1228,12690,0.5694572752017949,0.3555154915480381,0.0588104278446484,0.7142857142857143,0.7792592592592592,0.4444444444444444,0.86,0.631578947368421,0.5217391304347826,0.1825764608079613
0,CTGAN,1.csv,synthetic,mlp,3.0,1842,12690,0.5694572752017949,0.3555154915480381,0.0588104278446484,0.7142857142857143,0.7637037037037038,0.35185185185185186,0.91,0.6785714285714286,0.4634146341463415,0.1922769551389194
0,CTGAN,1.csv,synthetic,rfc,3.0,1842,12690,0.5694572752017949,0.3555154915480381,0.0588104278446484,0.7207792207792207,0.769814814814815,0.42592592592592593,0.88,0.6571428571428571,0.5168539325842697,0.18227661882056514
0,CTGAN,2.csv,synthetic,mlp,1.0,614,12690,0.6266583225429764,0.3583200848564866,0.048236985484635,0.6688311688311688,0.6246296296296296,0.07407407407407407,0.99,0.8,0.13559322033898305,0.21957374643827507
0,CTGAN,2.csv,synthetic,rfc,1.0,614,12690,0.6266583225429764,0.3583200848564866,0.048236985484635,0.6168831168831169,0.5001851851851852,0.018518518518518517,0.94,0.14285714285714285,0.03278688524590164,0.23451553916879242
0,CTGAN,2.csv,synthetic,mlp,2.0,1228,12690,0.6266583225429764,0.3583200848564866,0.048236985484635,0.6623376623376623,0.6542592592592592,0.2037037037037037,0.91,0.55,0.2972972972972973,0.2155675320220394
0,CTGAN,2.csv,synthetic,rfc,2.0,1228,12690,0.6266583225429764,0.3583200848564866,0.048236985484635,0.577922077922078,0.6398148148148147,0.6296296296296297,0.55,0.43037974683544306,0.5112781954887218,0.2329503625363564
0,CTGAN,2.csv,synthetic,mlp,3.0,1842,12690,0.6266583225429764,0.3583200848564866,0.048236985484635,0.6558441558441559,0.6703703703703704,0.05555555555555555,0.98,0.6,0.1016949152542373,0.21315931441024197
0,CTGAN,2.csv,synthetic,rfc,3.0,1842,12690,0.6266583225429764,0.3583200848564866,0.048236985484635,0.6298701298701299,0.7177777777777778,0.8888888888888888,0.49,0.48484848484848486,0.6274509803921569,0.23439480116239378
0,CTGAN,3.csv,synthetic,mlp,1.0,614,12690,0.9697099476469744,0.3576423307875671,0.0476964826484633,0.6493506493506493,0.5144444444444445,0.0,1.0,0.0,0.0,0.23307131521468957
0,CTGAN,3.csv,synthetic,rfc,1.0,614,12690,0.9697099476469744,0.3576423307875671,0.0476964826484633,0.6363636363636364,0.5392592592592593,0.12962962962962962,0.91,0.4375,0.2,0.2304282900340361
0,CTGAN,3.csv,synthetic,mlp,2.0,1228,12690,0.9697099476469744,0.3576423307875671,0.0476964826484633,0.6493506493506493,0.5444444444444444,0.09259259259259259,0.95,0.5,0.15625,0.2306602488964719
0,CTGAN,3.csv,synthetic,rfc,2.0,1228,12690,0.9697099476469744,0.3576423307875671,0.0476964826484633,0.42857142857142855,0.4907407407407408,0.6481481481481481,0.31,0.33653846153846156,0.4430379746835443,0.2689167867864003
0,CTGAN,3.csv,synthetic,mlp,3.0,1842,12690,0.9697099476469744,0.3576423307875671,0.0476964826484633,0.6558441558441559,0.593888888888889,0.3333333333333333,0.83,0.5142857142857142,0.4044943820224719,0.2301580488679103
0,CTGAN,3.csv,synthetic,rfc,3.0,1842,12690,0.9697099476469744,0.3576423307875671,0.0476964826484633,0.6363636363636364,0.5409259259259259,0.2037037037037037,0.87,0.4583333333333333,0.28205128205128205,0.2321626056190144
0,CTGAN,4.csv,synthetic,mlp,1.0,614,42300,0.7574712438256158,0.3487545074172024,0.0444016367089184,0.7662337662337663,0.8038888888888889,0.5925925925925926,0.86,0.6956521739130435,0.64,0.17118972037186037
0,CTGAN,4.csv,synthetic,rfc,1.0,614,42300,0.7574712438256158,0.3487545074172024,0.0444016367089184,0.7532467532467533,0.7822222222222223,0.5740740740740741,0.85,0.6739130434782609,0.62,0.1774443740445177
0,CTGAN,4.csv,synthetic,mlp,2.0,1228,42300,0.7574712438256158,0.3487545074172024,0.0444016367089184,0.7207792207792207,0.8107407407407407,0.5925925925925926,0.79,0.6037735849056604,0.5981308411214953,0.1731108697957225
0,CTGAN,4.csv,synthetic,rfc,2.0,1228,42300,0.7574712438256158,0.3487545074172024,0.0444016367089184,0.7337662337662337,0.8018518518518518,0.5370370370370371,0.84,0.6444444444444445,0.5858585858585859,0.1690213568116325
0,CTGAN,4.csv,synthetic,mlp,3.0,1842,42300,0.7574712438256158,0.3487545074172024,0.0444016367089184,0.7272727272727273,0.8079629629629629,0.5555555555555556,0.82,0.625,0.5882352941176471,0.17259532814756046
0,CTGAN,4.csv,synthetic,rfc,3.0,1842,42300,0.7574712438256158,0.3487545074172024,0.0444016367089184,0.7272727272727273,0.7974074074074073,0.5740740740740741,0.81,0.62,0.5961538461538461,0.17277091250211155
0,CTGAN,5.csv,synthetic,mlp,1.0,614,42300,0.7352492667153833,0.3648012191574777,0.0451822491946941,0.7012987012987013,0.8124074074074074,0.6666666666666666,0.72,0.5625,0.6101694915254238,0.17134557433219139
0,CTGAN,5.csv,synthetic,rfc,1.0,614,42300,0.7352492667153833,0.3648012191574777,0.0451822491946941,0.7467532467532467,0.8018518518518519,0.7777777777777778,0.73,0.6086956521739131,0.6829268292682927,0.17521994660327156
0,CTGAN,5.csv,synthetic,mlp,2.0,1228,42300,0.7352492667153833,0.3648012191574777,0.0451822491946941,0.7012987012987013,0.8059259259259259,0.5925925925925926,0.76,0.5714285714285714,0.5818181818181818,0.17212879101172313
0,CTGAN,5.csv,synthetic,rfc,2.0,1228,42300,0.7352492667153833,0.3648012191574777,0.0451822491946941,0.7142857142857143,0.7944444444444444,0.6296296296296297,0.76,0.5862068965517241,0.6071428571428571,0.17529099433331535
0,CTGAN,5.csv,synthetic,mlp,3.0,1842,42300,0.7352492667153833,0.3648012191574777,0.0451822491946941,0.7142857142857143,0.8277777777777778,0.6481481481481481,0.75,0.5833333333333334,0.6140350877192983,0.16614267098231694
0,CTGAN,5.csv,synthetic,rfc,3.0,1842,42300,0.7352492667153833,0.3648012191574777,0.0451822491946941,0.7142857142857143,0.8133333333333334,0.7222222222222222,0.71,0.5735294117647058,0.639344262295082,0.17633565788597938
0,CTGAN,6.csv,synthetic,mlp,1.0,614,42300,0.622734130994706,0.3625632914868903,0.0464255350096506,0.7337662337662337,0.7974074074074075,0.8518518518518519,0.67,0.5822784810126582,0.6917293233082706,0.2025887642489231
0,CTGAN,6.csv,synthetic,rfc,1.0,614,42300,0.622734130994706,0.3625632914868903,0.0464255350096506,0.6948051948051948,0.7955555555555557,0.7777777777777778,0.65,0.5454545454545454,0.6412213740458015,0.19667504635560332
0,CTGAN,6.csv,synthetic,mlp,2.0,1228,42300,0.622734130994706,0.3625632914868903,0.0464255350096506,0.7077922077922078,0.7922222222222222,0.5925925925925926,0.77,0.5818181818181818,0.5871559633027523,0.19179371865595637
0,CTGAN,6.csv,synthetic,rfc,2.0,1228,42300,0.622734130994706,0.3625632914868903,0.0464255350096506,0.7207792207792207,0.8150000000000001,0.8148148148148148,0.67,0.5714285714285714,0.6717557251908397,0.18165348617007251
0,CTGAN,6.csv,synthetic,mlp,3.0,1842,42300,0.622734130994706,0.3625632914868903,0.0464255350096506,0.7207792207792207,0.8009259259259259,0.7407407407407407,0.71,0.5797101449275363,0.6504065040650406,0.1868395398399406
0,CTGAN,6.csv,synthetic,rfc,3.0,1842,42300,0.622734130994706,0.3625632914868903,0.0464255350096506,0.6818181818181818,0.8029629629629629,0.7962962962962963,0.62,0.5308641975308642,0.6370370370370371,0.19284973332695274
0,CTGAN,7.csv,synthetic,mlp,1.0,614,42300,0.7428524472729748,0.3658553814105973,0.053916322670695,0.7142857142857143,0.8092592592592592,0.37037037037037035,0.9,0.6666666666666666,0.47619047619047616,0.18148589656124575
0,CTGAN,7.csv,synthetic,rfc,1.0,614,42300,0.7428524472729748,0.3658553814105973,0.053916322670695,0.7402597402597403,0.7948148148148148,0.5370370370370371,0.85,0.6590909090909091,0.5918367346938775,0.17387140995666395
0,CTGAN,7.csv,synthetic,mlp,2.0,1228,42300,0.7428524472729748,0.3658553814105973,0.053916322670695,0.6948051948051948,0.7937037037037038,0.42592592592592593,0.84,0.5897435897435898,0.4946236559139785,0.18018026390306285
0,CTGAN,7.csv,synthetic,rfc,2.0,1228,42300,0.7428524472729748,0.3658553814105973,0.053916322670695,0.7207792207792207,0.8164814814814814,0.5925925925925926,0.79,0.6037735849056604,0.5981308411214953,0.1639672141743602
0,CTGAN,7.csv,synthetic,mlp,3.0,1842,42300,0.7428524472729748,0.3658553814105973,0.053916322670695,0.7077922077922078,0.8064814814814815,0.5925925925925926,0.77,0.5818181818181818,0.5871559633027523,0.1728139619306689
0,CTGAN,7.csv,synthetic,rfc,3.0,1842,42300,0.7428524472729748,0.3658553814105973,0.053916322670695,0.7272727272727273,0.7859259259259259,0.6296296296296297,0.78,0.6071428571428571,0.6181818181818182,0.17974718929978947
0,CTGAN,8.csv,synthetic,mlp,1.0,614,42300,0.8172065862762349,0.3720457521205205,0.0445972737848192,0.7402597402597403,0.817037037037037,0.5370370370370371,0.85,0.6590909090909091,0.5918367346938775,0.16834557160617994
0,CTGAN,8.csv,synthetic,rfc,1.0,614,42300,0.8172065862762349,0.3720457521205205,0.0445972737848192,0.7662337662337663,0.8018518518518519,0.5740740740740741,0.87,0.7045454545454546,0.6326530612244898,0.17208467962820098
0,CTGAN,8.csv,synthetic,mlp,2.0,1228,42300,0.8172065862762349,0.3720457521205205,0.0445972737848192,0.7207792207792207,0.8107407407407408,0.6296296296296297,0.77,0.5964912280701754,0.6126126126126126,0.17053569273264413
0,CTGAN,8.csv,synthetic,rfc,2.0,1228,42300,0.8172065862762349,0.3720457521205205,0.0445972737848192,0.7402597402597403,0.7962962962962964,0.5555555555555556,0.84,0.6521739130434783,0.6,0.17179559422096
0,CTGAN,8.csv,synthetic,mlp,3.0,1842,42300,0.8172065862762349,0.3720457521205205,0.0445972737848192,0.7467532467532467,0.8135185185185186,0.6296296296296297,0.81,0.6415094339622641,0.6355140186915887,0.1676089674531684
0,CTGAN,8.csv,synthetic,rfc,3.0,1842,42300,0.8172065862762349,0.3720457521205205,0.0445972737848192,0.7532467532467533,0.785,0.5740740740740741,0.85,0.6739130434782609,0.62,0.17584253805952094
0,CTGAN,9.csv,synthetic,mlp,1.0,614,42300,1.0297604774464746,0.364462443794007,0.0458703900112559,0.6883116883116883,0.7827777777777777,0.5555555555555556,0.76,0.5555555555555556,0.5555555555555556,0.18562440411322098
0,CTGAN,9.csv,synthetic,rfc,1.0,614,42300,1.0297604774464746,0.364462443794007,0.0458703900112559,0.6948051948051948,0.7707407407407406,0.7407407407407407,0.67,0.547945205479452,0.6299212598425197,0.19463692528592125
0,CTGAN,9.csv,synthetic,mlp,2.0,1228,42300,1.0297604774464746,0.364462443794007,0.0458703900112559,0.6818181818181818,0.76,0.5370370370370371,0.76,0.5471698113207547,0.5420560747663551,0.1901149338452744
0,CTGAN,9.csv,synthetic,rfc,2.0,1228,42300,1.0297604774464746,0.364462443794007,0.0458703900112559,0.7012987012987013,0.7685185185185185,0.5925925925925926,0.76,0.5714285714285714,0.5818181818181818,0.1869463308110973
0,CTGAN,9.csv,synthetic,mlp,3.0,1842,42300,1.0297604774464746,0.364462443794007,0.0458703900112559,0.7012987012987013,0.7922222222222222,0.6296296296296297,0.74,0.5666666666666667,0.5964912280701754,0.18179445216577084
0,CTGAN,9.csv,synthetic,rfc,3.0,1842,42300,1.0297604774464746,0.364462443794007,0.0458703900112559,0.6883116883116883,0.7687037037037037,0.7222222222222222,0.67,0.5416666666666666,0.6190476190476191,0.19186727571716516
0,CTGAN,10.csv,synthetic,mlp,1.0,614,42300,0.8496648839062263,0.3636312332085151,0.0415478061012691,0.7142857142857143,0.8074074074074074,0.6481481481481481,0.75,0.5833333333333334,0.6140350877192983,0.17165728546386333
0,CTGAN,10.csv,synthetic,rfc,1.0,614,42300,0.8496648839062263,0.3636312332085151,0.0415478061012691,0.6948051948051948,0.7748148148148148,0.6481481481481481,0.72,0.5555555555555556,0.5982905982905983,0.18372827784654325
0,CTGAN,10.csv,synthetic,mlp,2.0,1228,42300,0.8496648839062263,0.3636312332085151,0.0415478061012691,0.7142857142857143,0.7905555555555556,0.5185185185185185,0.82,0.6086956521739131,0.56,0.18021503933090896
0,CTGAN,10.csv,synthetic,rfc,2.0,1228,42300,0.8496648839062263,0.3636312332085151,0.0415478061012691,0.7077922077922078,0.7853703703703704,0.6296296296296297,0.75,0.576271186440678,0.6017699115044248,0.17887569808499176
0,CTGAN,10.csv,synthetic,mlp,3.0,1842,42300,0.8496648839062263,0.3636312332085151,0.0415478061012691,0.7077922077922078,0.8107407407407408,0.5925925925925926,0.77,0.5818181818181818,0.5871559633027523,0.16902569926536654
0,CTGAN,10.csv,synthetic,rfc,3.0,1842,42300,0.8496648839062263,0.3636312332085151,0.0415478061012691,0.7337662337662337,0.7961111111111111,0.6296296296296297,0.79,0.6181818181818182,0.6238532110091743,0.17557529657388898
0,CTGAN,11.csv,synthetic,mlp,1.0,614,42300,0.5564140057357669,0.3622506527877032,0.0336754070592287,0.7337662337662337,0.8153703703703704,0.6666666666666666,0.77,0.6101694915254238,0.6371681415929203,0.1722516922463489
0,CTGAN,11.csv,synthetic,rfc,1.0,614,42300,0.5564140057357669,0.3622506527877032,0.0336754070592287,0.7272727272727273,0.8020370370370371,0.6111111111111112,0.79,0.6111111111111112,0.6111111111111112,0.17413267189364223
0,CTGAN,11.csv,synthetic,mlp,2.0,1228,42300,0.5564140057357669,0.3622506527877032,0.0336754070592287,0.7207792207792207,0.8064814814814815,0.6296296296296297,0.77,0.5964912280701754,0.6126126126126126,0.17062042296335134
0,CTGAN,11.csv,synthetic,rfc,2.0,1228,42300,0.5564140057357669,0.3622506527877032,0.0336754070592287,0.7532467532467533,0.8066666666666666,0.7037037037037037,0.78,0.6333333333333333,0.6666666666666666,0.17165816543688933
0,CTGAN,11.csv,synthetic,mlp,3.0,1842,42300,0.5564140057357669,0.3622506527877032,0.0336754070592287,0.6948051948051948,0.8035185185185185,0.46296296296296297,0.82,0.5813953488372093,0.5154639175257731,0.18200333817241746
0,CTGAN,11.csv,synthetic,rfc,3.0,1842,42300,0.5564140057357669,0.3622506527877032,0.0336754070592287,0.7337662337662337,0.8068518518518518,0.6111111111111112,0.8,0.6226415094339622,0.616822429906542,0.16907085481052633
0,CTGAN,12.csv,synthetic,mlp,1.0,614,42300,1.3610668165844344,0.3585283722512409,0.0660591897972487,0.7077922077922078,0.7996296296296297,0.6666666666666666,0.73,0.5714285714285714,0.6153846153846154,0.17687644280960638
0,CTGAN,12.csv,synthetic,rfc,1.0,614,42300,1.3610668165844344,0.3585283722512409,0.0660591897972487,0.6948051948051948,0.790925925925926,0.5740740740740741,0.76,0.5636363636363636,0.5688073394495413,0.1771878804026843
0,CTGAN,12.csv,synthetic,mlp,2.0,1228,42300,1.3610668165844344,0.3585283722512409,0.0660591897972487,0.6948051948051948,0.7650000000000001,0.48148148148148145,0.81,0.5777777777777777,0.5252525252525253,0.20404324435302515
0,CTGAN,12.csv,synthetic,rfc,2.0,1228,42300,1.3610668165844344,0.3585283722512409,0.0660591897972487,0.7077922077922078,0.7642592592592592,0.7037037037037037,0.71,0.5671641791044776,0.628099173553719,0.19382596178755812
0,CTGAN,12.csv,synthetic,mlp,3.0,1842,42300,1.3610668165844344,0.3585283722512409,0.0660591897972487,0.7207792207792207,0.7924074074074073,0.7037037037037037,0.73,0.5846153846153846,0.6386554621848739,0.18155591480202832
0,CTGAN,12.csv,synthetic,rfc,3.0,1842,42300,1.3610668165844344,0.3585283722512409,0.0660591897972487,0.7012987012987013,0.7553703703703705,0.6111111111111112,0.75,0.5689655172413793,0.5892857142857143,0.19123988635051525
0,CTGAN,13.csv,synthetic,mlp,1.0,614,42300,0.7080345258107931,0.3534841281372195,0.0580325888782252,0.7207792207792207,0.8018518518518519,0.5925925925925926,0.79,0.6037735849056604,0.5981308411214953,0.17536877943643206
0,CTGAN,13.csv,synthetic,rfc,1.0,614,42300,0.7080345258107931,0.3534841281372195,0.0580325888782252,0.7272727272727273,0.7712962962962963,0.5740740740740741,0.81,0.62,0.5961538461538461,0.1828355880304769
0,CTGAN,13.csv,synthetic,mlp,2.0,1228,42300,0.7080345258107931,0.3534841281372195,0.0580325888782252,0.7272727272727273,0.8099999999999999,0.5555555555555556,0.82,0.625,0.5882352941176471,0.17017228646476848
0,CTGAN,13.csv,synthetic,rfc,2.0,1228,42300,0.7080345258107931,0.3534841281372195,0.0580325888782252,0.7792207792207793,0.8009259259259259,0.6481481481481481,0.85,0.7,0.6730769230769231,0.1724496626648735
0,CTGAN,13.csv,synthetic,mlp,3.0,1842,42300,0.7080345258107931,0.3534841281372195,0.0580325888782252,0.7337662337662337,0.8096296296296296,0.5925925925925926,0.81,0.6274509803921569,0.6095238095238096,0.17034749156788068
0,CTGAN,13.csv,synthetic,rfc,3.0,1842,42300,0.7080345258107931,0.3534841281372195,0.0580325888782252,0.7467532467532467,0.7955555555555555,0.5925925925925926,0.83,0.6530612244897959,0.6213592233009708,0.17460695058406192
0,CTGAN,14.csv,synthetic,mlp,1.0,614,42300,0.7177666729458352,0.3595610672302691,0.0427276362109865,0.7207792207792207,0.7959259259259258,0.37037037037037035,0.91,0.6896551724137931,0.4819277108433735,0.18235503923407612
0,CTGAN,14.csv,synthetic,rfc,1.0,614,42300,0.7177666729458352,0.3595610672302691,0.0427276362109865,0.7337662337662337,0.7731481481481481,0.5370370370370371,0.84,0.6444444444444445,0.5858585858585859,0.17994696994605924
0,CTGAN,14.csv,synthetic,mlp,2.0,1228,42300,0.7177666729458352,0.3595610672302691,0.0427276362109865,0.7142857142857143,0.812037037037037,0.5555555555555556,0.8,0.6,0.5769230769230769,0.16836122882096305
0,CTGAN,14.csv,synthetic,rfc,2.0,1228,42300,0.7177666729458352,0.3595610672302691,0.0427276362109865,0.7467532467532467,0.8024074074074073,0.6111111111111112,0.82,0.6470588235294118,0.6285714285714286,0.17092636071363163
0,CTGAN,14.csv,synthetic,mlp,3.0,1842,42300,0.7177666729458352,0.3595610672302691,0.0427276362109865,0.7272727272727273,0.8131481481481481,0.6296296296296297,0.78,0.6071428571428571,0.6181818181818182,0.1700564525947222
0,CTGAN,14.csv,synthetic,rfc,3.0,1842,42300,0.7177666729458352,0.3595610672302691,0.0427276362109865,0.7337662337662337,0.8109259259259259,0.6111111111111112,0.8,0.6226415094339622,0.616822429906542,0.1694340303808452
0,CTGAN,15.csv,synthetic,lr,1.0,614,42300,0.7574903533696934,0.350281637755587,0.0514861552417698,0.7467532467532467,0.8105555555555555,0.6481481481481481,0.8,0.6363636363636364,0.6422018348623854,0.17331511941419303
0,CTGAN,15.csv,synthetic,mlp,1.0,614,42300,0.7574903533696934,0.350281637755587,0.0514861552417698,0.7272727272727273,0.8105555555555556,0.6296296296296297,0.78,0.6071428571428571,0.6181818181818182,0.17269647410503725
0,CTGAN,15.csv,synthetic,xgb,1.0,614,42300,0.7574903533696934,0.350281637755587,0.0514861552417698,0.7142857142857143,0.7398148148148148,0.5740740740740741,0.79,0.5961538461538461,0.5849056603773585,0.20612403750419617
0,CTGAN,15.csv,synthetic,rfc,1.0,614,42300,0.7574903533696934,0.350281637755587,0.0514861552417698,0.7272727272727273,0.7381481481481481,0.5925925925925926,0.8,0.6153846153846154,0.6037735849056604,0.19735864114907475
0,CTGAN,15.csv,synthetic,lr,2.0,1228,42300,0.7574903533696934,0.350281637755587,0.0514861552417698,0.7467532467532467,0.8055555555555556,0.6296296296296297,0.81,0.6415094339622641,0.6355140186915887,0.175313736949644
0,CTGAN,15.csv,synthetic,mlp,2.0,1228,42300,0.7574903533696934,0.350281637755587,0.0514861552417698,0.7207792207792207,0.8107407407407407,0.6296296296296297,0.77,0.5964912280701754,0.6126126126126126,0.17147381434243483
0,CTGAN,15.csv,synthetic,xgb,2.0,1228,42300,0.7574903533696934,0.350281637755587,0.0514861552417698,0.7207792207792207,0.7924074074074073,0.6296296296296297,0.77,0.5964912280701754,0.6126126126126126,0.18224088847637177
0,CTGAN,15.csv,synthetic,rfc,2.0,1228,42300,0.7574903533696934,0.350281637755587,0.0514861552417698,0.7272727272727273,0.7951851851851851,0.6481481481481481,0.77,0.603448275862069,0.625,0.17613662879810985
0,CTGAN,15.csv,synthetic,lr,3.0,1842,42300,0.7574903533696934,0.350281637755587,0.0514861552417698,0.7337662337662337,0.8174074074074074,0.6296296296296297,0.79,0.6181818181818182,0.6238532110091743,0.16983299893081563
0,CTGAN,15.csv,synthetic,mlp,3.0,1842,42300,0.7574903533696934,0.350281637755587,0.0514861552417698,0.7142857142857143,0.8088888888888889,0.5925925925925926,0.78,0.5925925925925926,0.5925925925925926,0.17157347205692305
0,CTGAN,15.csv,synthetic,xgb,3.0,1842,42300,0.7574903533696934,0.350281637755587,0.0514861552417698,0.7012987012987013,0.7925925925925926,0.6111111111111112,0.75,0.5689655172413793,0.5892857142857143,0.17951789498329163
0,CTGAN,15.csv,synthetic,rfc,3.0,1842,42300,0.7574903533696934,0.350281637755587,0.0514861552417698,0.7272727272727273,0.7873148148148148,0.6111111111111112,0.79,0.6111111111111112,0.6111111111111112,0.17832079055251673
0,CTGAN,16.csv,synthetic,lr,1.0,614,42300,0.66518072205415,0.368290300497937,0.0428350508920336,0.7662337662337663,0.8146296296296296,0.6296296296296297,0.84,0.68,0.6538461538461539,0.1692968534679232
0,CTGAN,16.csv,synthetic,mlp,1.0,614,42300,0.66518072205415,0.368290300497937,0.0428350508920336,0.7532467532467533,0.8142592592592591,0.6296296296296297,0.82,0.6538461538461539,0.6415094339622641,0.16976664310744152
0,CTGAN,16.csv,synthetic,xgb,1.0,614,42300,0.66518072205415,0.368290300497937,0.0428350508920336,0.7402597402597403,0.7985185185185185,0.6296296296296297,0.8,0.6296296296296297,0.6296296296296297,0.17384842038154602
0,CTGAN,16.csv,synthetic,rfc,1.0,614,42300,0.66518072205415,0.368290300497937,0.0428350508920336,0.7662337662337663,0.7944444444444445,0.6111111111111112,0.85,0.6875,0.6470588235294118,0.17312415339119655
0,CTGAN,16.csv,synthetic,lr,2.0,1228,42300,0.66518072205415,0.368290300497937,0.0428350508920336,0.7402597402597403,0.8216666666666667,0.6111111111111112,0.81,0.6346153846153846,0.6226415094339622,0.16704835420685185
0,CTGAN,16.csv,synthetic,mlp,2.0,1228,42300,0.66518072205415,0.368290300497937,0.0428350508920336,0.7207792207792207,0.8194444444444444,0.6296296296296297,0.77,0.5964912280701754,0.6126126126126126,0.16921326834571657
0,CTGAN,16.csv,synthetic,xgb,2.0,1228,42300,0.66518072205415,0.368290300497937,0.0428350508920336,0.7012987012987013,0.8099999999999999,0.6296296296296297,0.74,0.5666666666666667,0.5964912280701754,0.1724400818347931
0,CTGAN,16.csv,synthetic,rfc,2.0,1228,42300,0.66518072205415,0.368290300497937,0.0428350508920336,0.7207792207792207,0.8188888888888889,0.6481481481481481,0.76,0.5932203389830508,0.6194690265486725,0.1665315207949627
0,CTGAN,16.csv,synthetic,lr,3.0,1842,42300,0.66518072205415,0.368290300497937,0.0428350508920336,0.7467532467532467,0.8177777777777778,0.5740740740740741,0.84,0.6595744680851063,0.6138613861386139,0.16833592957298021
0,CTGAN,16.csv,synthetic,mlp,3.0,1842,42300,0.66518072205415,0.368290300497937,0.0428350508920336,0.7142857142857143,0.7996296296296297,0.3888888888888889,0.89,0.65625,0.4883720930232558,0.1830412183915155
0,CTGAN,16.csv,synthetic,xgb,3.0,1842,42300,0.66518072205415,0.368290300497937,0.0428350508920336,0.7402597402597403,0.8168518518518518,0.6296296296296297,0.8,0.6296296296296297,0.6296296296296297,0.16773991286754608
0,CTGAN,16.csv,synthetic,rfc,3.0,1842,42300,0.66518072205415,0.368290300497937,0.0428350508920336,0.7402597402597403,0.797962962962963,0.5740740740740741,0.83,0.6458333333333334,0.6078431372549019,0.17234522399387886
0,CTGAN,17.csv,synthetic,lr,1.0,614,42300,0.7272299214974081,0.3665124093486498,0.044607619671603,0.7532467532467533,0.8061111111111111,0.5925925925925926,0.84,0.6666666666666666,0.6274509803921569,0.1738591440018359
0,CTGAN,17.csv,synthetic,mlp,1.0,614,42300,0.7272299214974081,0.3665124093486498,0.044607619671603,0.7337662337662337,0.8072222222222222,0.5925925925925926,0.81,0.6274509803921569,0.6095238095238096,0.17374721549935507
0,CTGAN,17.csv,synthetic,xgb,1.0,614,42300,0.7272299214974081,0.3665124093486498,0.044607619671603,0.7142857142857143,0.7774074074074074,0.5370370370370371,0.81,0.6041666666666666,0.5686274509803921,0.18789426982402802
0,CTGAN,17.csv,synthetic,rfc,1.0,614,42300,0.7272299214974081,0.3665124093486498,0.044607619671603,0.7272727272727273,0.7777777777777778,0.5185185185185185,0.84,0.6363636363636364,0.5714285714285714,0.18062288027308535
0,CTGAN,17.csv,synthetic,lr,2.0,1228,42300,0.7272299214974081,0.3665124093486498,0.044607619671603,0.7532467532467533,0.8107407407407407,0.6111111111111112,0.83,0.66,0.6346153846153846,0.17177542102071344
0,CTGAN,17.csv,synthetic,mlp,2.0,1228,42300,0.7272299214974081,0.3665124093486498,0.044607619671603,0.7272727272727273,0.8094444444444444,0.6296296296296297,0.78,0.6071428571428571,0.6181818181818182,0.17158608211372262
0,CTGAN,17.csv,synthetic,xgb,2.0,1228,42300,0.7272299214974081,0.3665124093486498,0.044607619671603,0.7142857142857143,0.7831481481481481,0.5555555555555556,0.8,0.6,0.5769230769230769,0.18378160893917084
0,CTGAN,17.csv,synthetic,rfc,2.0,1228,42300,0.7272299214974081,0.3665124093486498,0.044607619671603,0.6948051948051948,0.7755555555555556,0.5370370370370371,0.78,0.5686274509803921,0.5523809523809524,0.18143384765332005
0,CTGAN,17.csv,synthetic,lr,3.0,1842,42300,0.7272299214974081,0.3665124093486498,0.044607619671603,0.7337662337662337,0.8005555555555556,0.5740740740740741,0.82,0.6326530612244898,0.6019417475728155,0.1755987315873459
0,CTGAN,17.csv,synthetic,mlp,3.0,1842,42300,0.7272299214974081,0.3665124093486498,0.044607619671603,0.7207792207792207,0.8074074074074074,0.5925925925925926,0.79,0.6037735849056604,0.5981308411214953,0.17222312810280288
0,CTGAN,17.csv,synthetic,xgb,3.0,1842,42300,0.7272299214974081,0.3665124093486498,0.044607619671603,0.7402597402597403,0.7970370370370371,0.6111111111111112,0.81,0.6346153846153846,0.6226415094339622,0.17450052499771118
0,CTGAN,17.csv,synthetic,rfc,3.0,1842,42300,0.7272299214974081,0.3665124093486498,0.044607619671603,0.7662337662337663,0.7899999999999999,0.5740740740740741,0.87,0.7045454545454546,0.6326530612244898,0.17550638534271185
0,CTGAN,18.csv,synthetic,lr,1.0,614,42300,1.145068838318355,0.3607928842420518,0.0426317737718012,0.7142857142857143,0.8072222222222222,0.6111111111111112,0.77,0.5892857142857143,0.6,0.1751508787812909
0,CTGAN,18.csv,synthetic,mlp,1.0,614,42300,1.145068838318355,0.3607928842420518,0.0426317737718012,0.7467532467532467,0.8042592592592592,0.5555555555555556,0.85,0.6666666666666666,0.6060606060606061,0.17796775750050678
0,CTGAN,18.csv,synthetic,xgb,1.0,614,42300,1.145068838318355,0.3607928842420518,0.0426317737718012,0.7272727272727273,0.7962962962962964,0.6296296296296297,0.78,0.6071428571428571,0.6181818181818182,0.17659741640090942
0,CTGAN,18.csv,synthetic,rfc,1.0,614,42300,1.145068838318355,0.3607928842420518,0.0426317737718012,0.7402597402597403,0.7937037037037036,0.6296296296296297,0.8,0.6296296296296297,0.6296296296296297,0.17638653130751758
0,CTGAN,18.csv,synthetic,lr,2.0,1228,42300,1.145068838318355,0.3607928842420518,0.0426317737718012,0.7402597402597403,0.8161111111111111,0.5925925925925926,0.82,0.64,0.6153846153846154,0.1693694589163945
0,CTGAN,18.csv,synthetic,mlp,2.0,1228,42300,1.145068838318355,0.3607928842420518,0.0426317737718012,0.7337662337662337,0.8144444444444444,0.5740740740740741,0.82,0.6326530612244898,0.6019417475728155,0.17094514771460392
0,CTGAN,18.csv,synthetic,xgb,2.0,1228,42300,1.145068838318355,0.3607928842420518,0.0426317737718012,0.7402597402597403,0.8001851851851852,0.5925925925925926,0.82,0.64,0.6153846153846154,0.17239099740982056
0,CTGAN,18.csv,synthetic,rfc,2.0,1228,42300,1.145068838318355,0.3607928842420518,0.0426317737718012,0.7597402597402597,0.8137037037037037,0.6296296296296297,0.83,0.6666666666666666,0.6476190476190476,0.16512903077559335
0,CTGAN,18.csv,synthetic,lr,3.0,1842,42300,1.145068838318355,0.3607928842420518,0.0426317737718012,0.7272727272727273,0.802037037037037,0.5370370370370371,0.83,0.6304347826086957,0.58,0.17348714988626102
0,CTGAN,18.csv,synthetic,mlp,3.0,1842,42300,1.145068838318355,0.3607928842420518,0.0426317737718012,0.7012987012987013,0.7888888888888889,0.5185185185185185,0.8,0.5833333333333334,0.5490196078431373,0.17818584115701766
0,CTGAN,18.csv,synthetic,xgb,3.0,1842,42300,1.145068838318355,0.3607928842420518,0.0426317737718012,0.7467532467532467,0.8009259259259259,0.6481481481481481,0.8,0.6363636363636364,0.6422018348623854,0.17114515602588654
0,CTGAN,18.csv,synthetic,rfc,3.0,1842,42300,1.145068838318355,0.3607928842420518,0.0426317737718012,0.7467532467532467,0.7987037037037037,0.6296296296296297,0.81,0.6415094339622641,0.6355140186915887,0.1711714781518262
0,CTGAN,19.csv,synthetic,lr,1.0,614,42300,1.1758551337897494,0.3706252655942512,0.0472112179799927,0.7272727272727273,0.8168518518518518,0.5740740740740741,0.81,0.62,0.5961538461538461,0.16839915924500942
0,CTGAN,19.csv,synthetic,mlp,1.0,614,42300,1.1758551337897494,0.3706252655942512,0.0472112179799927,0.7272727272727273,0.7962962962962963,0.4444444444444444,0.88,0.6666666666666666,0.5333333333333333,0.18471118146732649
0,CTGAN,19.csv,synthetic,xgb,1.0,614,42300,1.1758551337897494,0.3706252655942512,0.0472112179799927,0.7207792207792207,0.7887037037037037,0.5555555555555556,0.81,0.6122448979591837,0.5825242718446602,0.179470494389534
0,CTGAN,19.csv,synthetic,rfc,1.0,614,42300,1.1758551337897494,0.3706252655942512,0.0472112179799927,0.7077922077922078,0.7825925925925926,0.5370370370370371,0.8,0.5918367346938775,0.5631067961165048,0.17905687546857665
0,CTGAN,19.csv,synthetic,lr,2.0,1228,42300,1.1758551337897494,0.3706252655942512,0.0472112179799927,0.7337662337662337,0.8016666666666666,0.5370370370370371,0.84,0.6444444444444445,0.5858585858585859,0.17552961573573006
0,CTGAN,19.csv,synthetic,mlp,2.0,1228,42300,1.1758551337897494,0.3706252655942512,0.0472112179799927,0.6883116883116883,0.7933333333333333,0.5,0.79,0.5625,0.5294117647058824,0.17606058292937016
0,CTGAN,19.csv,synthetic,xgb,2.0,1228,42300,1.1758551337897494,0.3706252655942512,0.0472112179799927,0.7077922077922078,0.7948148148148148,0.46296296296296297,0.84,0.6097560975609756,0.5263157894736842,0.17237035930156708
0,CTGAN,19.csv,synthetic,rfc,2.0,1228,42300,1.1758551337897494,0.3706252655942512,0.0472112179799927,0.7337662337662337,0.7874074074074073,0.5370370370370371,0.84,0.6444444444444445,0.5858585858585859,0.17658815217074308
0,CTGAN,19.csv,synthetic,lr,3.0,1842,42300,1.1758551337897494,0.3706252655942512,0.0472112179799927,0.7467532467532467,0.8107407407407407,0.5740740740740741,0.84,0.6595744680851063,0.6138613861386139,0.17111875722305803
0,CTGAN,19.csv,synthetic,mlp,3.0,1842,42300,1.1758551337897494,0.3706252655942512,0.0472112179799927,0.7142857142857143,0.8061111111111111,0.5925925925925926,0.78,0.5925925925925926,0.5925925925925926,0.17210407504501457
0,CTGAN,19.csv,synthetic,xgb,3.0,1842,42300,1.1758551337897494,0.3706252655942512,0.0472112179799927,0.7337662337662337,0.7987037037037037,0.48148148148148145,0.87,0.6666666666666666,0.5591397849462365,0.17275024950504303
0,CTGAN,19.csv,synthetic,rfc,3.0,1842,42300,1.1758551337897494,0.3706252655942512,0.0472112179799927,0.7077922077922078,0.7742592592592592,0.4444444444444444,0.85,0.6153846153846154,0.5161290322580645,0.18054882615815385
1,REAL,real_train,real_baseline,mlp,1.0,614,614,nan,nan,nan,0.7402597402597403,0.8068518518518518,0.5185185185185185,0.86,0.6666666666666666,0.5833333333333334,0.183413932600738
1,REAL,real_train,real_baseline,rfc,1.0,614,614,nan,nan,nan,0.7662337662337663,0.8046296296296297,0.6296296296296297,0.84,0.68,0.6538461538461539,0.16980067242622307
1,TVAE,0.csv,synthetic,mlp,1.0,614,12989,1.6272742319414792,0.3624543715720409,0.0804607723699833,0.7207792207792207,0.8181481481481482,0.7962962962962963,0.68,0.5733333333333334,0.6666666666666666,0.18934793598654823
1,TVAE,0.csv,synthetic,rfc,1.0,614,12989,1.6272742319414792,0.3624543715720409,0.0804607723699833,0.6818181818181818,0.7735185185185186,0.7962962962962963,0.62,0.5308641975308642,0.6370370370370371,0.21601919575993575
1,TVAE,0.csv,synthetic,mlp,2.0,1228,12989,1.6272742319414792,0.3624543715720409,0.0804607723699833,0.7012987012987013,0.8142592592592592,0.7962962962962963,0.65,0.5512820512820513,0.6515151515151515,0.1933384598600056
1,TVAE,0.csv,synthetic,rfc,2.0,1228,12989,1.6272742319414792,0.3624543715720409,0.0804607723699833,0.6753246753246753,0.7811111111111112,0.7407407407407407,0.64,0.5263157894736842,0.6153846153846154,0.2178785421843506
1,TVAE,0.csv,synthetic,mlp,3.0,1842,12989,1.6272742319414792,0.3624543715720409,0.0804607723699833,0.6948051948051948,0.812037037037037,0.7962962962962963,0.64,0.5443037974683544,0.6466165413533834,0.2179625393631136
1,TVAE,0.csv,synthetic,rfc,3.0,1842,12989,1.6272742319414792,0.3624543715720409,0.0804607723699833,0.6623376623376623,0.779537037037037,0.7777777777777778,0.6,0.5121951219512195,0.6176470588235294,0.2353183472598004
1,TVAE,1.csv,synthetic,mlp,1.0,614,12989,1.4341193148999545,0.3598258595208881,0.0825605230923017,0.7272727272727273,0.8103703703703703,0.7037037037037037,0.74,0.59375,0.6440677966101694,0.19084488693969068
1,TVAE,1.csv,synthetic,rfc,1.0,614,12989,1.4341193148999545,0.3598258595208881,0.0825605230923017,0.7207792207792207,0.8140740740740741,0.6481481481481481,0.76,0.5932203389830508,0.6194690265486725,0.17055717533029927
1,TVAE,1.csv,synthetic,mlp,2.0,1228,12989,1.4341193148999545,0.3598258595208881,0.0825605230923017,0.7142857142857143,0.7985185185185185,0.7592592592592593,0.69,0.5694444444444444,0.6507936507936508,0.20771782998226682
1,TVAE,1.csv,synthetic,rfc,2.0,1228,12989,1.4341193148999545,0.3598258595208881,0.0825605230923017,0.7467532467532467,0.8005555555555555,0.7222222222222222,0.76,0.6190476190476191,0.6666666666666666,0.1810518352397732
1,TVAE,1.csv,synthetic,mlp,3.0,1842,12989,1.4341193148999545,0.3598258595208881,0.0825605230923017,0.7272727272727273,0.820925925925926,0.7592592592592593,0.71,0.5857142857142857,0.6612903225806451,0.18326920124883636
1,TVAE,1.csv,synthetic,rfc,3.0,1842,12989,1.4341193148999545,0.3598258595208881,0.0825605230923017,0.7207792207792207,0.8148148148148149,0.7222222222222222,0.72,0.582089552238806,0.6446280991735537,0.17750319139220297
1,TVAE,2.csv,synthetic,mlp,1.0,614,12989,1.3452362163088052,0.3679702422958464,0.0944091409059018,0.7337662337662337,0.8314814814814815,0.7407407407407407,0.73,0.5970149253731343,0.6611570247933884,0.17377560942778222
1,TVAE,2.csv,synthetic,rfc,1.0,614,12989,1.3452362163088052,0.3679702422958464,0.0944091409059018,0.6753246753246753,0.8001851851851851,0.7962962962962963,0.61,0.524390243902439,0.6323529411764706,0.20105723970552625
1,TVAE,2.csv,synthetic,mlp,2.0,1228,12989,1.3452362163088052,0.3679702422958464,0.0944091409059018,0.6948051948051948,0.8140740740740741,0.7222222222222222,0.68,0.5492957746478874,0.624,0.18783167827473793
1,TVAE,2.csv,synthetic,rfc,2.0,1228,12989,1.3452362163088052,0.3679702422958464,0.0944091409059018,0.6493506493506493,0.7887037037037037,0.7962962962962963,0.57,0.5,0.6142857142857143,0.23613306364748882
1,TVAE,2.csv,synthetic,mlp,3.0,1842,12989,1.3452362163088052,0.3679702422958464,0.0944091409059018,0.6948051948051948,0.817037037037037,0.7592592592592593,0.66,0.5466666666666666,0.6356589147286822,0.211580264083588
1,TVAE,2.csv,synthetic,rfc,3.0,1842,12989,1.3452362163088052,0.3679702422958464,0.0944091409059018,0.6753246753246753,0.7899999999999999,0.8148148148148148,0.6,0.5238095238095238,0.6376811594202898,0.22607103742859128
1,TVAE,3.csv,synthetic,mlp,1.0,614,12989,0.939501686418592,0.3631549437995512,0.0957601700518919,0.7597402597402597,0.8316666666666667,0.7222222222222222,0.78,0.639344262295082,0.6782608695652174,0.1698446764050137
1,TVAE,3.csv,synthetic,rfc,1.0,614,12989,0.939501686418592,0.3631549437995512,0.0957601700518919,0.7142857142857143,0.8003703703703704,0.7407407407407407,0.7,0.5714285714285714,0.6451612903225806,0.18196351746022033
1,TVAE,3.csv,synthetic,mlp,2.0,1228,12989,0.939501686418592,0.3631549437995512,0.0957601700518919,0.7532467532467533,0.8296296296296297,0.7222222222222222,0.77,0.6290322580645161,0.6724137931034483,0.18060247152936543
1,TVAE,3.csv,synthetic,rfc,2.0,1228,12989,0.939501686418592,0.3631549437995512,0.0957601700518919,0.7142857142857143,0.8207407407407408,0.7592592592592593,0.69,0.5694444444444444,0.6507936507936508,0.1754490924867091
1,TVAE,3.csv,synthetic,mlp,3.0,1842,12989,0.939501686418592,0.3631549437995512,0.0957601700518919,0.7467532467532467,0.8294444444444444,0.7777777777777778,0.73,0.6086956521739131,0.6829268292682927,0.18490730382534937
1,TVAE,3.csv,synthetic,rfc,3.0,1842,12989,0.939501686418592,0.3631549437995512,0.0957601700518919,0.7467532467532467,0.8227777777777777,0.7592592592592593,0.74,0.6119402985074627,0.6776859504132231,0.17026784419623428
1,TVAE,4.csv,synthetic,mlp,1.0,614,43299,1.465135632479938,0.362676152935179,0.0804949547617313,0.7467532467532467,0.8155555555555556,0.6111111111111112,0.82,0.6470588235294118,0.6285714285714286,0.17647725955566834
1,TVAE,4.csv,synthetic,rfc,1.0,614,43299,1.465135632479938,0.362676152935179,0.0804949547617313,0.7402597402597403,0.807037037037037,0.5925925925925926,0.82,0.64,0.6153846153846154,0.1714777122880643
1,TVAE,4.csv,synthetic,mlp,2.0,1228,43299,1.465135632479938,0.362676152935179,0.0804949547617313,0.7597402597402597,0.8287037037037037,0.6666666666666666,0.81,0.6545454545454545,0.6605504587155964,0.17800064486869985
1,TVAE,4.csv,synthetic,rfc,2.0,1228,43299,1.465135632479938,0.362676152935179,0.0804949547617313,0.7597402597402597,0.8137037037037037,0.5925925925925926,0.85,0.6808510638297872,0.6336633663366337,0.17206612558131118
1,TVAE,4.csv,synthetic,mlp,3.0,1842,43299,1.465135632479938,0.362676152935179,0.0804949547617313,0.7337662337662337,0.8085185185185184,0.6666666666666666,0.77,0.6101694915254238,0.6371681415929203,0.19845170347469152
1,TVAE,4.csv,synthetic,rfc,3.0,1842,43299,1.465135632479938,0.362676152935179,0.0804949547617313,0.7402597402597403,0.805,0.6111111111111112,0.81,0.6346153846153846,0.6226415094339622,0.176462621824134
1,TVAE,5.csv,synthetic,mlp,1.0,614,43299,1.2848475672728006,0.3647683677689626,0.094705558379987,0.7467532467532467,0.8374074074074075,0.6851851851851852,0.78,0.6271186440677966,0.6548672566371682,0.16709140349279333
1,TVAE,5.csv,synthetic,rfc,1.0,614,43299,1.2848475672728006,0.3647683677689626,0.094705558379987,0.7402597402597403,0.8146296296296296,0.6851851851851852,0.77,0.6166666666666667,0.6491228070175439,0.16831738079473085
1,TVAE,5.csv,synthetic,mlp,2.0,1228,43299,1.2848475672728006,0.3647683677689626,0.094705558379987,0.7272727272727273,0.8275925925925925,0.6481481481481481,0.77,0.603448275862069,0.625,0.1727843584923342
1,TVAE,5.csv,synthetic,rfc,2.0,1228,43299,1.2848475672728006,0.3647683677689626,0.094705558379987,0.7207792207792207,0.806111111111111,0.6296296296296297,0.77,0.5964912280701754,0.6126126126126126,0.1785714836980307
1,TVAE,5.csv,synthetic,mlp,3.0,1842,43299,1.2848475672728006,0.3647683677689626,0.094705558379987,0.7857142857142857,0.8285185185185184,0.7222222222222222,0.82,0.6842105263157895,0.7027027027027027,0.17918188191612838
1,TVAE,5.csv,synthetic,rfc,3.0,1842,43299,1.2848475672728006,0.3647683677689626,0.094705558379987,0.7727272727272727,0.8064814814814815,0.6851851851851852,0.82,0.6727272727272727,0.6788990825688074,0.17812362675311078
1,TVAE,6.csv,synthetic,mlp,1.0,614,43299,0.9087516771450768,0.3637125764340012,0.0999490286586067,0.7337662337662337,0.8181481481481482,0.6666666666666666,0.77,0.6101694915254238,0.6371681415929203,0.18461914597806114
1,TVAE,6.csv,synthetic,rfc,1.0,614,43299,0.9087516771450768,0.3637125764340012,0.0999490286586067,0.7337662337662337,0.7974074074074075,0.6481481481481481,0.78,0.6140350877192983,0.6306306306306306,0.18014104908482603
1,TVAE,6.csv,synthetic,mlp,2.0,1228,43299,0.9087516771450768,0.3637125764340012,0.0999490286586067,0.7337662337662337,0.8166666666666667,0.6666666666666666,0.77,0.6101694915254238,0.6371681415929203,0.1822248380836662
1,TVAE,6.csv,synthetic,rfc,2.0,1228,43299,0.9087516771450768,0.3637125764340012,0.0999490286586067,0.7012987012987013,0.8079629629629631,0.6666666666666666,0.72,0.5625,0.6101694915254238,0.17713419377969694
1,TVAE,6.csv,synthetic,mlp,3.0,1842,43299,0.9087516771450768,0.3637125764340012,0.0999490286586067,0.7467532467532467,0.8214814814814815,0.7037037037037037,0.77,0.6229508196721312,0.6608695652173913,0.1692422145853774
1,TVAE,6.csv,synthetic,rfc,3.0,1842,43299,0.9087516771450768,0.3637125764340012,0.0999490286586067,0.7337662337662337,0.8044444444444445,0.7222222222222222,0.74,0.6,0.6554621848739496,0.17747495071626535
1,TVAE,7.csv,synthetic,mlp,1.0,614,43299,1.2551368410684856,0.3622822848739426,0.0987330082149448,0.7337662337662337,0.8201851851851851,0.6851851851851852,0.76,0.6065573770491803,0.6434782608695652,0.1844048316481802
1,TVAE,7.csv,synthetic,rfc,1.0,614,43299,1.2551368410684856,0.3622822848739426,0.0987330082149448,0.7857142857142857,0.8031481481481481,0.6666666666666666,0.85,0.7058823529411765,0.6857142857142857,0.17781930348118985
1,TVAE,7.csv,synthetic,mlp,2.0,1228,43299,1.2551368410684856,0.3622822848739426,0.0987330082149448,0.7467532467532467,0.8198148148148148,0.6851851851851852,0.78,0.6271186440677966,0.6548672566371682,0.17520922103680994
1,TVAE,7.csv,synthetic,rfc,2.0,1228,43299,1.2551368410684856,0.3622822848739426,0.0987330082149448,0.7402597402597403,0.8051851851851852,0.6481481481481481,0.79,0.625,0.6363636363636364,0.1785797605995887
1,TVAE,7.csv,synthetic,mlp,3.0,1842,43299,1.2551368410684856,0.3622822848739426,0.0987330082149448,0.7207792207792207,0.8168518518518518,0.6851851851851852,0.74,0.5873015873015873,0.6324786324786325,0.17201538126588337
1,TVAE,7.csv,synthetic,rfc,3.0,1842,43299,1.2551368410684856,0.3622822848739426,0.0987330082149448,0.7337662337662337,0.8027777777777778,0.6666666666666666,0.77,0.6101694915254238,0.6371681415929203,0.1798776929836509
1,TVAE,8.csv,synthetic,mlp,1.0,614,43299,1.1789928376984626,0.3609360569284583,0.0943676362968109,0.7337662337662337,0.8244444444444445,0.6666666666666666,0.77,0.6101694915254238,0.6371681415929203,0.17368873647225552
1,TVAE,8.csv,synthetic,rfc,1.0,614,43299,1.1789928376984626,0.3609360569284583,0.0943676362968109,0.7792207792207793,0.815462962962963,0.6481481481481481,0.85,0.7,0.6730769230769231,0.16744788138112987
1,TVAE,8.csv,synthetic,mlp,2.0,1228,43299,1.1789928376984626,0.3609360569284583,0.0943676362968109,0.7402597402597403,0.8214814814814815,0.6666666666666666,0.78,0.6206896551724138,0.6428571428571429,0.17982046034570306
1,TVAE,8.csv,synthetic,rfc,2.0,1228,43299,1.1789928376984626,0.3609360569284583,0.0943676362968109,0.7532467532467533,0.8053703703703704,0.7037037037037037,0.78,0.6333333333333333,0.6666666666666666,0.17783242986529327
1,TVAE,8.csv,synthetic,mlp,3.0,1842,43299,1.1789928376984626,0.3609360569284583,0.0943676362968109,0.7597402597402597,0.827037037037037,0.6666666666666666,0.81,0.6545454545454545,0.6605504587155964,0.17532490113722085
1,TVAE,8.csv,synthetic,rfc,3.0,1842,43299,1.1789928376984626,0.3609360569284583,0.0943676362968109,0.7792207792207793,0.8090740740740741,0.7037037037037037,0.82,0.6785714285714286,0.6909090909090909,0.176023845157338
1,TVAE,9.csv,synthetic,mlp,1.0,614,43299,1.122942528907653,0.3636339910205352,0.0881438525208693,0.7207792207792207,0.8150000000000001,0.8518518518518519,0.65,0.5679012345679012,0.6814814814814815,0.19762379345503014
1,TVAE,9.csv,synthetic,rfc,1.0,614,43299,1.122942528907653,0.3636339910205352,0.0881438525208693,0.6818181818181818,0.8074074074074074,0.8333333333333334,0.6,0.5294117647058824,0.6474820143884892,0.19724923003619113
1,TVAE,9.csv,synthetic,mlp,2.0,1228,43299,1.122942528907653,0.3636339910205352,0.0881438525208693,0.7207792207792207,0.8233333333333334,0.6851851851851852,0.74,0.5873015873015873,0.6324786324786325,0.1765337281504653
1,TVAE,9.csv,synthetic,rfc,2.0,1228,43299,1.122942528907653,0.3636339910205352,0.0881438525208693,0.7467532467532467,0.8151851851851851,0.7407407407407407,0.75,0.6153846153846154,0.6722689075630253,0.177847345984418
1,TVAE,9.csv,synthetic,mlp,3.0,1842,43299,1.122942528907653,0.3636339910205352,0.0881438525208693,0.7272727272727273,0.817037037037037,0.7962962962962963,0.69,0.581081081081081,0.671875,0.18652670654391457
1,TVAE,9.csv,synthetic,rfc,3.0,1842,43299,1.122942528907653,0.3636339910205352,0.0881438525208693,0.7142857142857143,0.7918518518518518,0.7777777777777778,0.68,0.5675675675675675,0.65625,0.2002283948467404
1,TVAE,10.csv,synthetic,mlp,1.0,614,43299,1.0752203948676031,0.3603289373771698,0.0870611550782467,0.7077922077922078,0.8042592592592593,0.7037037037037037,0.71,0.5671641791044776,0.628099173553719,0.19192369686203428
1,TVAE,10.csv,synthetic,rfc,1.0,614,43299,1.0752203948676031,0.3603289373771698,0.0870611550782467,0.7077922077922078,0.7935185185185185,0.6481481481481481,0.74,0.5737704918032787,0.6086956521739131,0.19028039693166376
1,TVAE,10.csv,synthetic,mlp,2.0,1228,43299,1.0752203948676031,0.3603289373771698,0.0870611550782467,0.7077922077922078,0.8194444444444444,0.7222222222222222,0.7,0.5652173913043478,0.6341463414634146,0.1756529783197229
1,TVAE,10.csv,synthetic,rfc,2.0,1228,43299,1.0752203948676031,0.3603289373771698,0.0870611550782467,0.6818181818181818,0.7766666666666667,0.7222222222222222,0.66,0.5342465753424658,0.6141732283464567,0.20814515201154182
1,TVAE,10.csv,synthetic,mlp,3.0,1842,43299,1.0752203948676031,0.3603289373771698,0.0870611550782467,0.7402597402597403,0.8175925925925926,0.7407407407407407,0.74,0.6060606060606061,0.6666666666666666,0.18903116868715136
1,TVAE,10.csv,synthetic,rfc,3.0,1842,43299,1.0752203948676031,0.3603289373771698,0.0870611550782467,0.7142857142857143,0.7981481481481482,0.7407407407407407,0.7,0.5714285714285714,0.6451612903225806,0.19503369568067727
1,TVAE,11.csv,synthetic,mlp,1.0,614,43299,0.9242621549228818,0.3609281804560443,0.1004080138525506,0.7272727272727273,0.8111111111111111,0.7037037037037037,0.74,0.59375,0.6440677966101694,0.18836662260644044
1,TVAE,11.csv,synthetic,rfc,1.0,614,43299,0.9242621549228818,0.3609281804560443,0.1004080138525506,0.7142857142857143,0.7910185185185186,0.6666666666666666,0.74,0.5806451612903226,0.6206896551724138,0.18635740594648606
1,TVAE,11.csv,synthetic,mlp,2.0,1228,43299,0.9242621549228818,0.3609281804560443,0.1004080138525506,0.7207792207792207,0.8059259259259259,0.6851851851851852,0.74,0.5873015873015873,0.6324786324786325,0.19696266421262157
1,TVAE,11.csv,synthetic,rfc,2.0,1228,43299,0.9242621549228818,0.3609281804560443,0.1004080138525506,0.7402597402597403,0.8140740740740741,0.7592592592592593,0.73,0.6029411764705882,0.6721311475409836,0.18137964289727587
1,TVAE,11.csv,synthetic,mlp,3.0,1842,43299,0.9242621549228818,0.3609281804560443,0.1004080138525506,0.7402597402597403,0.8235185185185185,0.6666666666666666,0.78,0.6206896551724138,0.6428571428571429,0.16771592939995758
1,TVAE,11.csv,synthetic,rfc,3.0,1842,43299,0.9242621549228818,0.3609281804560443,0.1004080138525506,0.7467532467532467,0.8262962962962964,0.7777777777777778,0.73,0.6086956521739131,0.6829268292682927,0.17459921082054758
1,TVAE,12.csv,synthetic,mlp,1.0,614,43299,1.1153939994065578,0.3564740237305435,0.0910040754262773,0.7402597402597403,0.817037037037037,0.7037037037037037,0.76,0.6129032258064516,0.6551724137931034,0.1862548443048395
1,TVAE,12.csv,synthetic,rfc,1.0,614,43299,1.1153939994065578,0.3564740237305435,0.0910040754262773,0.7597402597402597,0.8088888888888889,0.7037037037037037,0.79,0.6440677966101694,0.672566371681416,0.17583256925292365
1,TVAE,12.csv,synthetic,mlp,2.0,1228,43299,1.1153939994065578,0.3564740237305435,0.0910040754262773,0.7532467532467533,0.8298148148148149,0.6666666666666666,0.8,0.6428571428571429,0.6545454545454545,0.16203268160748688
1,TVAE,12.csv,synthetic,rfc,2.0,1228,43299,1.1153939994065578,0.3564740237305435,0.0910040754262773,0.7467532467532467,0.8188888888888889,0.6851851851851852,0.78,0.6271186440677966,0.6548672566371682,0.16910428882933642
1,TVAE,12.csv,synthetic,mlp,3.0,1842,43299,1.1153939994065578,0.3564740237305435,0.0910040754262773,0.7337662337662337,0.8168518518518519,0.7037037037037037,0.75,0.6031746031746031,0.6495726495726496,0.1867660296475909
1,TVAE,12.csv,synthetic,rfc,3.0,1842,43299,1.1153939994065578,0.3564740237305435,0.0910040754262773,0.7467532467532467,0.8046296296296296,0.7222222222222222,0.76,0.6190476190476191,0.6666666666666666,0.1792342684463787
1,TVAE,13.csv,synthetic,mlp,1.0,614,43299,0.9777866788201998,0.3605334586120587,0.0828714466325725,0.7337662337662337,0.8214814814814815,0.7037037037037037,0.75,0.6031746031746031,0.6495726495726496,0.18539776224157636
1,TVAE,13.csv,synthetic,rfc,1.0,614,43299,0.9777866788201998,0.3605334586120587,0.0828714466325725,0.7597402597402597,0.8042592592592593,0.7037037037037037,0.79,0.6440677966101694,0.672566371681416,0.1750577102806531
1,TVAE,13.csv,synthetic,mlp,2.0,1228,43299,0.9777866788201998,0.3605334586120587,0.0828714466325725,0.7272727272727273,0.8129629629629629,0.7222222222222222,0.73,0.5909090909090909,0.65,0.1769606693374997
1,TVAE,13.csv,synthetic,rfc,2.0,1228,43299,0.9777866788201998,0.3605334586120587,0.0828714466325725,0.7402597402597403,0.8137037037037037,0.7592592592592593,0.73,0.6029411764705882,0.6721311475409836,0.18085055778163991
1,TVAE,13.csv,synthetic,mlp,3.0,1842,43299,0.9777866788201998,0.3605334586120587,0.0828714466325725,0.7467532467532467,0.8187037037037037,0.7407407407407407,0.75,0.6153846153846154,0.6722689075630253,0.18416139098972334
1,TVAE,13.csv,synthetic,rfc,3.0,1842,43299,0.9777866788201998,0.3605334586120587,0.0828714466325725,0.7402597402597403,0.8175925925925925,0.6666666666666666,0.78,0.6206896551724138,0.6428571428571429,0.17592681005077299
1,TVAE,14.csv,synthetic,mlp,1.0,614,43299,0.8726557281072228,0.3596282370754072,0.0884853709764129,0.7402597402597403,0.827962962962963,0.6666666666666666,0.78,0.6206896551724138,0.6428571428571429,0.17632587049807638
1,TVAE,14.csv,synthetic,rfc,1.0,614,43299,0.8726557281072228,0.3596282370754072,0.0884853709764129,0.7142857142857143,0.8003703703703704,0.7037037037037037,0.72,0.5757575757575758,0.6333333333333333,0.1829404164125667
1,TVAE,14.csv,synthetic,mlp,2.0,1228,43299,0.8726557281072228,0.3596282370754072,0.0884853709764129,0.7077922077922078,0.8177777777777777,0.6296296296296297,0.75,0.576271186440678,0.6017699115044248,0.16934898294209533
1,TVAE,14.csv,synthetic,rfc,2.0,1228,43299,0.8726557281072228,0.3596282370754072,0.0884853709764129,0.7142857142857143,0.7885185185185186,0.7222222222222222,0.71,0.5735294117647058,0.639344262295082,0.19147893805799734
1,TVAE,14.csv,synthetic,mlp,3.0,1842,43299,0.8726557281072228,0.3596282370754072,0.0884853709764129,0.7337662337662337,0.8116666666666668,0.7222222222222222,0.74,0.6,0.6554621848739496,0.18929722847146999
1,TVAE,14.csv,synthetic,rfc,3.0,1842,43299,0.8726557281072228,0.3596282370754072,0.0884853709764129,0.7207792207792207,0.8001851851851852,0.7222222222222222,0.72,0.582089552238806,0.6446280991735537,0.18431950524240934
1,TVAE,15.csv,synthetic,lr,1.0,614,43299,0.972485536289442,0.3637251175498291,0.1001316487751517,0.7337662337662337,0.8046296296296297,0.7407407407407407,0.73,0.5970149253731343,0.6611570247933884,0.1996804929470942
1,TVAE,15.csv,synthetic,mlp,1.0,614,43299,0.972485536289442,0.3637251175498291,0.1001316487751517,0.7532467532467533,0.8307407407407408,0.6666666666666666,0.8,0.6428571428571429,0.6545454545454545,0.17880264131814927
1,TVAE,15.csv,synthetic,xgb,1.0,614,43299,0.972485536289442,0.3637251175498291,0.1001316487751517,0.7662337662337663,0.8262962962962963,0.7962962962962963,0.75,0.6323529411764706,0.7049180327868853,0.17910538613796234
1,TVAE,15.csv,synthetic,rfc,1.0,614,43299,0.972485536289442,0.3637251175498291,0.1001316487751517,0.7402597402597403,0.8175925925925926,0.7407407407407407,0.74,0.6060606060606061,0.6666666666666666,0.17341324420848286
1,TVAE,15.csv,synthetic,lr,2.0,1228,43299,0.972485536289442,0.3637251175498291,0.1001316487751517,0.7467532467532467,0.8125925925925926,0.7407407407407407,0.75,0.6153846153846154,0.6722689075630253,0.1910228002805461
1,TVAE,15.csv,synthetic,mlp,2.0,1228,43299,0.972485536289442,0.3637251175498291,0.1001316487751517,0.7272727272727273,0.8174074074074075,0.7037037037037037,0.74,0.59375,0.6440677966101694,0.17515228771580466
1,TVAE,15.csv,synthetic,xgb,2.0,1228,43299,0.972485536289442,0.3637251175498291,0.1001316487751517,0.7662337662337663,0.8183333333333334,0.7407407407407407,0.78,0.6451612903225806,0.6896551724137931,0.1757490038871765
1,TVAE,15.csv,synthetic,rfc,2.0,1228,43299,0.972485536289442,0.3637251175498291,0.1001316487751517,0.7532467532467533,0.8161111111111111,0.7592592592592593,0.75,0.6212121212121212,0.6833333333333333,0.17390369884264884
1,TVAE,15.csv,synthetic,lr,3.0,1842,43299,0.972485536289442,0.3637251175498291,0.1001316487751517,0.7337662337662337,0.8074074074074075,0.7222222222222222,0.74,0.6,0.6554621848739496,0.1969182347105296
1,TVAE,15.csv,synthetic,mlp,3.0,1842,43299,0.972485536289442,0.3637251175498291,0.1001316487751517,0.7272727272727273,0.8081481481481482,0.7222222222222222,0.73,0.5909090909090909,0.65,0.19696407967054524
1,TVAE,15.csv,synthetic,xgb,3.0,1842,43299,0.972485536289442,0.3637251175498291,0.1001316487751517,0.7337662337662337,0.8087037037037037,0.7777777777777778,0.71,0.5915492957746479,0.672,0.19285957515239716
1,TVAE,15.csv,synthetic,rfc,3.0,1842,43299,0.972485536289442,0.3637251175498291,0.1001316487751517,0.7532467532467533,0.8038888888888889,0.7592592592592593,0.75,0.6212121212121212,0.6833333333333333,0.1826852830426573
1,TVAE,16.csv,synthetic,lr,1.0,614,43299,0.7888720751095796,0.3600301263813183,0.0923584079329818,0.7337662337662337,0.8001851851851852,0.6851851851851852,0.76,0.6065573770491803,0.6434782608695652,0.18841929351292178
1,TVAE,16.csv,synthetic,mlp,1.0,614,43299,0.7888720751095796,0.3600301263813183,0.0923584079329818,0.7532467532467533,0.8244444444444445,0.5925925925925926,0.84,0.6666666666666666,0.6274509803921569,0.17321463433130935
1,TVAE,16.csv,synthetic,xgb,1.0,614,43299,0.7888720751095796,0.3600301263813183,0.0923584079329818,0.7597402597402597,0.8018518518518518,0.7037037037037037,0.79,0.6440677966101694,0.672566371681416,0.18580281734466553
1,TVAE,16.csv,synthetic,rfc,1.0,614,43299,0.7888720751095796,0.3600301263813183,0.0923584079329818,0.7532467532467533,0.7944444444444444,0.6481481481481481,0.81,0.6481481481481481,0.6481481481481481,0.17906738749049556
1,TVAE,16.csv,synthetic,lr,2.0,1228,43299,0.7888720751095796,0.3600301263813183,0.0923584079329818,0.7402597402597403,0.8042592592592591,0.7407407407407407,0.74,0.6060606060606061,0.6666666666666666,0.1969939301316376
1,TVAE,16.csv,synthetic,mlp,2.0,1228,43299,0.7888720751095796,0.3600301263813183,0.0923584079329818,0.7272727272727273,0.8070370370370371,0.7592592592592593,0.71,0.5857142857142857,0.6612903225806451,0.19819744278391152
1,TVAE,16.csv,synthetic,xgb,2.0,1228,43299,0.7888720751095796,0.3600301263813183,0.0923584079329818,0.7532467532467533,0.8277777777777777,0.8333333333333334,0.71,0.6081081081081081,0.703125,0.17678317427635193
1,TVAE,16.csv,synthetic,rfc,2.0,1228,43299,0.7888720751095796,0.3600301263813183,0.0923584079329818,0.7467532467532467,0.8262962962962963,0.7777777777777778,0.73,0.6086956521739131,0.6829268292682927,0.17135315881991176
1,TVAE,16.csv,synthetic,lr,3.0,1842,43299,0.7888720751095796,0.3600301263813183,0.0923584079329818,0.7207792207792207,0.8099999999999999,0.7037037037037037,0.73,0.5846153846153846,0.6386554621848739,0.1971702985126457
1,TVAE,16.csv,synthetic,mlp,3.0,1842,43299,0.7888720751095796,0.3600301263813183,0.0923584079329818,0.7207792207792207,0.807962962962963,0.7222222222222222,0.72,0.582089552238806,0.6446280991735537,0.20370696645747874
1,TVAE,16.csv,synthetic,xgb,3.0,1842,43299,0.7888720751095796,0.3600301263813183,0.0923584079329818,0.7207792207792207,0.807037037037037,0.7037037037037037,0.73,0.5846153846153846,0.6386554621848739,0.1962684839963913
1,TVAE,16.csv,synthetic,rfc,3.0,1842,43299,0.7888720751095796,0.3600301263813183,0.0923584079329818,0.7272727272727273,0.8016666666666666,0.7037037037037037,0.74,0.59375,0.6440677966101694,0.18532956887453983
1,TVAE,17.csv,synthetic,lr,1.0,614,43299,0.8479741710168701,0.351667727428516,0.0954870944671251,0.7337662337662337,0.8074074074074075,0.7222222222222222,0.74,0.6,0.6554621848739496,0.1940747902858472
1,TVAE,17.csv,synthetic,mlp,1.0,614,43299,0.8479741710168701,0.351667727428516,0.0954870944671251,0.7337662337662337,0.8146296296296296,0.6666666666666666,0.77,0.6101694915254238,0.6371681415929203,0.19134017114357835
1,TVAE,17.csv,synthetic,xgb,1.0,614,43299,0.8479741710168701,0.351667727428516,0.0954870944671251,0.7272727272727273,0.8194444444444444,0.6666666666666666,0.76,0.6,0.631578947368421,0.1788312792778015
1,TVAE,17.csv,synthetic,rfc,1.0,614,43299,0.8479741710168701,0.351667727428516,0.0954870944671251,0.7142857142857143,0.8075925925925925,0.6851851851851852,0.73,0.578125,0.6271186440677966,0.17402184772807028
1,TVAE,17.csv,synthetic,lr,2.0,1228,43299,0.8479741710168701,0.351667727428516,0.0954870944671251,0.7532467532467533,0.8131481481481481,0.7037037037037037,0.78,0.6333333333333333,0.6666666666666666,0.189432995874706
1,TVAE,17.csv,synthetic,mlp,2.0,1228,43299,0.8479741710168701,0.351667727428516,0.0954870944671251,0.7142857142857143,0.8096296296296296,0.6481481481481481,0.75,0.5833333333333334,0.6140350877192983,0.19158341094015502
1,TVAE,17.csv,synthetic,xgb,2.0,1228,43299,0.8479741710168701,0.351667727428516,0.0954870944671251,0.7207792207792207,0.8074074074074075,0.7037037037037037,0.73,0.5846153846153846,0.6386554621848739,0.18919478356838226
1,TVAE,17.csv,synthetic,rfc,2.0,1228,43299,0.8479741710168701,0.351667727428516,0.0954870944671251,0.7597402597402597,0.8207407407407408,0.7037037037037037,0.79,0.6440677966101694,0.672566371681416,0.16913167943429475
1,TVAE,17.csv,synthetic,lr,3.0,1842,43299,0.8479741710168701,0.351667727428516,0.0954870944671251,0.7467532467532467,0.8148148148148148,0.7222222222222222,0.76,0.6190476190476191,0.6666666666666666,0.18689473380592894
1,TVAE,17.csv,synthetic,mlp,3.0,1842,43299,0.8479741710168701,0.351667727428516,0.0954870944671251,0.7402597402597403,0.8111111111111111,0.7222222222222222,0.75,0.609375,0.6610169491525424,0.1944440944304103
1,TVAE,17.csv,synthetic,xgb,3.0,1842,43299,0.8479741710168701,0.351667727428516,0.0954870944671251,0.7337662337662337,0.8107407407407407,0.7222222222222222,0.74,0.6,0.6554621848739496,0.18752257525920868
1,TVAE,17.csv,synthetic,rfc,3.0,1842,43299,0.8479741710168701,0.351667727428516,0.0954870944671251,0.7272727272727273,0.7946296296296297,0.6851851851851852,0.75,0.5967741935483871,0.6379310344827587,0.18410871170575613
1,TVAE,18.csv,synthetic,lr,1.0,614,43299,1.1384321852287465,0.3588268061788664,0.0950692174067414,0.7337662337662337,0.8153703703703703,0.6666666666666666,0.77,0.6101694915254238,0.6371681415929203,0.19611935369016478
1,TVAE,18.csv,synthetic,mlp,1.0,614,43299,1.1384321852287465,0.3588268061788664,0.0950692174067414,0.7142857142857143,0.8170370370370371,0.6481481481481481,0.75,0.5833333333333334,0.6140350877192983,0.17435579086054498
1,TVAE,18.csv,synthetic,xgb,1.0,614,43299,1.1384321852287465,0.3588268061788664,0.0950692174067414,0.7142857142857143,0.7985185185185185,0.7407407407407407,0.7,0.5714285714285714,0.6451612903225806,0.2249860167503357
1,TVAE,18.csv,synthetic,rfc,1.0,614,43299,1.1384321852287465,0.3588268061788664,0.0950692174067414,0.7207792207792207,0.7957407407407407,0.7222222222222222,0.72,0.582089552238806,0.6446280991735537,0.19392074214820912
1,TVAE,18.csv,synthetic,lr,2.0,1228,43299,1.1384321852287465,0.3588268061788664,0.0950692174067414,0.7337662337662337,0.8148148148148148,0.7222222222222222,0.74,0.6,0.6554621848739496,0.1948616888966426
1,TVAE,18.csv,synthetic,mlp,2.0,1228,43299,1.1384321852287465,0.3588268061788664,0.0950692174067414,0.7337662337662337,0.8214814814814815,0.7407407407407407,0.73,0.5970149253731343,0.6611570247933884,0.1828198669108076
1,TVAE,18.csv,synthetic,xgb,2.0,1228,43299,1.1384321852287465,0.3588268061788664,0.0950692174067414,0.7142857142857143,0.817962962962963,0.7777777777777778,0.68,0.5675675675675675,0.65625,0.19659368693828583
1,TVAE,18.csv,synthetic,rfc,2.0,1228,43299,1.1384321852287465,0.3588268061788664,0.0950692174067414,0.7077922077922078,0.8010185185185185,0.7777777777777778,0.67,0.56,0.6511627906976745,0.19397217656787344
1,TVAE,18.csv,synthetic,lr,3.0,1842,43299,1.1384321852287465,0.3588268061788664,0.0950692174067414,0.7272727272727273,0.8268518518518517,0.6851851851851852,0.75,0.5967741935483871,0.6379310344827587,0.1820614876162613
1,TVAE,18.csv,synthetic,mlp,3.0,1842,43299,1.1384321852287465,0.3588268061788664,0.0950692174067414,0.7337662337662337,0.832962962962963,0.6666666666666666,0.77,0.6101694915254238,0.6371681415929203,0.1636452400863971
1,TVAE,18.csv,synthetic,xgb,3.0,1842,43299,1.1384321852287465,0.3588268061788664,0.0950692174067414,0.7207792207792207,0.8159259259259259,0.7037037037037037,0.73,0.5846153846153846,0.6386554621848739,0.2000478208065033
1,TVAE,18.csv,synthetic,rfc,3.0,1842,43299,1.1384321852287465,0.3588268061788664,0.0950692174067414,0.6948051948051948,0.8001851851851851,0.6851851851851852,0.7,0.5522388059701493,0.6115702479338843,0.19141714810448593
1,TVAE,19.csv,synthetic,lr,1.0,614,43299,0.9907412763821916,0.3548657372387336,0.0999692184385353,0.7532467532467533,0.8288888888888889,0.6851851851851852,0.79,0.6379310344827587,0.6607142857142857,0.17740066192230006
1,TVAE,19.csv,synthetic,mlp,1.0,614,43299,0.9907412763821916,0.3548657372387336,0.0999692184385353,0.7402597402597403,0.8162962962962963,0.6481481481481481,0.79,0.625,0.6363636363636364,0.16855676395732053
1,TVAE,19.csv,synthetic,xgb,1.0,614,43299,0.9907412763821916,0.3548657372387336,0.0999692184385353,0.7467532467532467,0.8231481481481482,0.7407407407407407,0.75,0.6153846153846154,0.6722689075630253,0.18441985547542572
1,TVAE,19.csv,synthetic,rfc,1.0,614,43299,0.9907412763821916,0.3548657372387336,0.0999692184385353,0.7337662337662337,0.8109259259259259,0.7037037037037037,0.75,0.6031746031746031,0.6495726495726496,0.1767719518744874
1,TVAE,19.csv,synthetic,lr,2.0,1228,43299,0.9907412763821916,0.3548657372387336,0.0999692184385353,0.7402597402597403,0.8124074074074074,0.7222222222222222,0.75,0.609375,0.6610169491525424,0.19210510613615905
1,TVAE,19.csv,synthetic,mlp,2.0,1228,43299,0.9907412763821916,0.3548657372387336,0.0999692184385353,0.7272727272727273,0.8164814814814815,0.7037037037037037,0.74,0.59375,0.6440677966101694,0.17597748687339146
1,TVAE,19.csv,synthetic,xgb,2.0,1228,43299,0.9907412763821916,0.3548657372387336,0.0999692184385353,0.7337662337662337,0.8224074074074074,0.7407407407407407,0.73,0.5970149253731343,0.6611570247933884,0.18312428891658783
1,TVAE,19.csv,synthetic,rfc,2.0,1228,43299,0.9907412763821916,0.3548657372387336,0.0999692184385353,0.7142857142857143,0.8177777777777778,0.7407407407407407,0.7,0.5714285714285714,0.6451612903225806,0.17603061626737182
1,TVAE,19.csv,synthetic,lr,3.0,1842,43299,0.9907412763821916,0.3548657372387336,0.0999692184385353,0.7597402597402597,0.8246296296296297,0.7407407407407407,0.77,0.6349206349206349,0.6837606837606838,0.18144946937197232
1,TVAE,19.csv,synthetic,mlp,3.0,1842,43299,0.9907412763821916,0.3548657372387336,0.0999692184385353,0.7337662337662337,0.826111111111111,0.7037037037037037,0.75,0.6031746031746031,0.6495726495726496,0.1713341909213373
1,TVAE,19.csv,synthetic,xgb,3.0,1842,43299,0.9907412763821916,0.3548657372387336,0.0999692184385353,0.7857142857142857,0.8340740740740741,0.7407407407407407,0.81,0.6779661016949152,0.7079646017699115,0.17205753922462463
1,TVAE,19.csv,synthetic,rfc,3.0,1842,43299,0.9907412763821916,0.3548657372387336,0.0999692184385353,0.7727272727272727,0.8196296296296296,0.7222222222222222,0.8,0.6610169491525424,0.6902654867256637,0.17284622837108327
1,COPULA,0.csv,synthetic,mlp,1.0,614,12989,1.856049891204883,0.3533083524527094,0.0949577405481331,0.6038961038961039,0.7992592592592592,0.9074074074074074,0.44,0.4666666666666667,0.6163522012578616,0.2830587933333193
1,COPULA,0.csv,synthetic,rfc,1.0,614,12989,1.856049891204883,0.3533083524527094,0.0949577405481331,0.6428571428571429,0.7616666666666667,0.7962962962962963,0.56,0.4942528735632184,0.6099290780141844,0.2425155651658255
1,COPULA,0.csv,synthetic,mlp,2.0,1228,12989,1.856049891204883,0.3533083524527094,0.0949577405481331,0.6493506493506493,0.7853703703703704,0.9259259259259259,0.5,0.5,0.6493506493506493,0.22615449671040103
1,COPULA,0.csv,synthetic,rfc,2.0,1228,12989,1.856049891204883,0.3533083524527094,0.0949577405481331,0.6233766233766234,0.735925925925926,0.8703703703703703,0.49,0.47959183673469385,0.618421052631579,0.28155315042116685
1,COPULA,0.csv,synthetic,mlp,3.0,1842,12989,1.856049891204883,0.3533083524527094,0.0949577405481331,0.6298701298701299,0.8125925925925925,0.9259259259259259,0.47,0.4854368932038835,0.6369426751592356,0.2941369990652306
1,COPULA,0.csv,synthetic,rfc,3.0,1842,12989,1.856049891204883,0.3533083524527094,0.0949577405481331,0.6493506493506493,0.767962962962963,0.8333333333333334,0.55,0.5,0.625,0.2509655656016811
1,COPULA,1.csv,synthetic,mlp,1.0,614,12989,0.8302001500401699,0.3523361808581685,0.0763533351842259,0.7077922077922078,0.7581481481481481,0.42592592592592593,0.86,0.6216216216216216,0.5054945054945055,0.1973909395311476
1,COPULA,1.csv,synthetic,rfc,1.0,614,12989,0.8302001500401699,0.3523361808581685,0.0763533351842259,0.7207792207792207,0.7585185185185185,0.5,0.84,0.627906976744186,0.5567010309278351,0.18591262863662802
1,COPULA,1.csv,synthetic,mlp,2.0,1228,12989,0.8302001500401699,0.3523361808581685,0.0763533351842259,0.7142857142857143,0.8125925925925926,0.5185185185185185,0.82,0.6086956521739131,0.56,0.1652201070130855
1,COPULA,1.csv,synthetic,rfc,2.0,1228,12989,0.8302001500401699,0.3523361808581685,0.0763533351842259,0.7402597402597403,0.7922222222222223,0.6851851851851852,0.77,0.6166666666666667,0.6491228070175439,0.17781626632140318
1,COPULA,1.csv,synthetic,mlp,3.0,1842,12989,0.8302001500401699,0.3523361808581685,0.0763533351842259,0.7207792207792207,0.7924074074074073,0.6111111111111112,0.78,0.6,0.6055045871559633,0.18583963492277006
1,COPULA,1.csv,synthetic,rfc,3.0,1842,12989,0.8302001500401699,0.3523361808581685,0.0763533351842259,0.7272727272727273,0.787962962962963,0.6481481481481481,0.77,0.603448275862069,0.625,0.18005654240238061
1,COPULA,2.csv,synthetic,mlp,1.0,614,12989,1.22957475202247,0.3826691223875634,0.0717022028793656,0.6688311688311688,0.737962962962963,0.05555555555555555,1.0,1.0,0.10526315789473684,0.20894752484366932
1,COPULA,2.csv,synthetic,rfc,1.0,614,12989,1.22957475202247,0.3826691223875634,0.0717022028793656,0.6103896103896104,0.5846296296296296,0.05555555555555555,0.91,0.25,0.09090909090909091,0.22674737399622613
1,COPULA,2.csv,synthetic,mlp,2.0,1228,12989,1.22957475202247,0.3826691223875634,0.0717022028793656,0.6818181818181818,0.7348148148148149,0.1111111111111111,0.99,0.8571428571428571,0.19672131147540983,0.2154594440990751
1,COPULA,2.csv,synthetic,rfc,2.0,1228,12989,1.22957475202247,0.3826691223875634,0.0717022028793656,0.6558441558441559,0.6033333333333334,0.018518518518518517,1.0,1.0,0.03636363636363636,0.2432016820852724
1,COPULA,2.csv,synthetic,mlp,3.0,1842,12989,1.22957475202247,0.3826691223875634,0.0717022028793656,0.6623376623376623,0.7285185185185186,0.05555555555555555,0.99,0.75,0.10344827586206896,0.22238867510508706
1,COPULA,2.csv,synthetic,rfc,3.0,1842,12989,1.22957475202247,0.3826691223875634,0.0717022028793656,0.6493506493506493,0.6324074074074074,0.0,1.0,0.0,0.0,0.23562570211188605
1,COPULA,3.csv,synthetic,mlp,1.0,614,12989,1.7374653184924227,0.3633734522557996,0.1011224718009144,0.6428571428571429,0.41314814814814815,0.0,0.99,0.0,0.0,0.24396262368148008
1,COPULA,3.csv,synthetic,rfc,1.0,614,12989,1.7374653184924227,0.3633734522557996,0.1011224718009144,0.6428571428571429,0.4612962962962963,0.0,0.99,0.0,0.0,0.2353975343888722
1,COPULA,3.csv,synthetic,mlp,2.0,1228,12989,1.7374653184924227,0.3633734522557996,0.1011224718009144,0.6558441558441559,0.5583333333333333,0.018518518518518517,1.0,1.0,0.03636363636363636,0.2317344689948418
1,COPULA,3.csv,synthetic,rfc,2.0,1228,12989,1.7374653184924227,0.3633734522557996,0.1011224718009144,0.6493506493506493,0.5146296296296297,0.12962962962962962,0.93,0.5,0.20588235294117646,0.23206390912193406
1,COPULA,3.csv,synthetic,mlp,3.0,1842,12989,1.7374653184924227,0.3633734522557996,0.1011224718009144,0.487012987012987,0.3664814814814815,0.05555555555555555,0.72,0.0967741935483871,0.07058823529411765,0.25612373793177634
1,COPULA,3.csv,synthetic,rfc,3.0,1842,12989,1.7374653184924227,0.3633734522557996,0.1011224718009144,0.6233766233766234,0.3859259259259259,0.0,0.96,0.0,0.0,0.25113274530732527
1,COPULA,4.csv,synthetic,mlp,1.0,614,43299,1.2419665058633194,0.3476549721981133,0.0838886800854491,0.7402597402597403,0.8042592592592593,0.5555555555555556,0.84,0.6521739130434783,0.6,0.18391999773893938
1,COPULA,4.csv,synthetic,rfc,1.0,614,43299,1.2419665058633194,0.3476549721981133,0.0838886800854491,0.7402597402597403,0.7931481481481482,0.5,0.87,0.675,0.574468085106383,0.17182366817112246
1,COPULA,4.csv,synthetic,mlp,2.0,1228,43299,1.2419665058633194,0.3476549721981133,0.0838886800854491,0.7662337662337663,0.7898148148148147,0.46296296296296297,0.93,0.78125,0.5813953488372093,0.17447196050405378
1,COPULA,4.csv,synthetic,rfc,2.0,1228,43299,1.2419665058633194,0.3476549721981133,0.0838886800854491,0.7532467532467533,0.7892592592592593,0.5370370370370371,0.87,0.6904761904761905,0.6041666666666666,0.17482582464002167
1,COPULA,4.csv,synthetic,mlp,3.0,1842,43299,1.2419665058633194,0.3476549721981133,0.0838886800854491,0.7207792207792207,0.8055555555555556,0.48148148148148145,0.85,0.6341463414634146,0.5473684210526316,0.1787955927825768
1,COPULA,4.csv,synthetic,rfc,3.0,1842,43299,1.2419665058633194,0.3476549721981133,0.0838886800854491,0.7142857142857143,0.7801851851851852,0.5370370370370371,0.81,0.6041666666666666,0.5686274509803921,0.1817094960958308
1,COPULA,5.csv,synthetic,mlp,1.0,614,43299,0.8865213910727072,0.3638779607066574,0.0802379619951178,0.7532467532467533,0.8375925925925927,0.5185185185185185,0.88,0.7,0.5957446808510638,0.16454170508120233
1,COPULA,5.csv,synthetic,rfc,1.0,614,43299,0.8865213910727072,0.3638779607066574,0.0802379619951178,0.7337662337662337,0.8077777777777779,0.5185185185185185,0.85,0.6511627906976745,0.5773195876288659,0.1734392187653636
1,COPULA,5.csv,synthetic,mlp,2.0,1228,43299,0.8865213910727072,0.3638779607066574,0.0802379619951178,0.7662337662337663,0.8372222222222222,0.5555555555555556,0.88,0.7142857142857143,0.625,0.15706715084601097
1,COPULA,5.csv,synthetic,rfc,2.0,1228,43299,0.8865213910727072,0.3638779607066574,0.0802379619951178,0.7532467532467533,0.8088888888888889,0.5370370370370371,0.87,0.6904761904761905,0.6041666666666666,0.16640841495491746
1,COPULA,5.csv,synthetic,mlp,3.0,1842,43299,0.8865213910727072,0.3638779607066574,0.0802379619951178,0.7597402597402597,0.8298148148148148,0.5925925925925926,0.85,0.6808510638297872,0.6336633663366337,0.16025022063552505
1,COPULA,5.csv,synthetic,rfc,3.0,1842,43299,0.8865213910727072,0.3638779607066574,0.0802379619951178,0.7662337662337663,0.8233333333333334,0.5370370370370371,0.89,0.725,0.6170212765957447,0.15892843239338333
1,COPULA,6.csv,synthetic,mlp,1.0,614,43299,1.6541951890174953,0.3502536126175144,0.1037660613155258,0.7272727272727273,0.7948148148148149,0.3888888888888889,0.91,0.7,0.5,0.17861435190352973
1,COPULA,6.csv,synthetic,rfc,1.0,614,43299,1.6541951890174953,0.3502536126175144,0.1037660613155258,0.6883116883116883,0.7407407407407407,0.5370370370370371,0.77,0.5576923076923077,0.5471698113207547,0.1936522359475957
1,COPULA,6.csv,synthetic,mlp,2.0,1228,43299,1.6541951890174953,0.3502536126175144,0.1037660613155258,0.7532467532467533,0.7816666666666666,0.6296296296296297,0.82,0.6538461538461539,0.6415094339622641,0.1939192930320608
1,COPULA,6.csv,synthetic,rfc,2.0,1228,43299,1.6541951890174953,0.3502536126175144,0.1037660613155258,0.7337662337662337,0.7681481481481481,0.5,0.86,0.6585365853658537,0.5684210526315789,0.18057837156696643
1,COPULA,6.csv,synthetic,mlp,3.0,1842,43299,1.6541951890174953,0.3502536126175144,0.1037660613155258,0.7272727272727273,0.7505555555555555,0.5185185185185185,0.84,0.6363636363636364,0.5714285714285714,0.2035678614699935
1,COPULA,6.csv,synthetic,rfc,3.0,1842,43299,1.6541951890174953,0.3502536126175144,0.1037660613155258,0.6883116883116883,0.7464814814814814,0.3888888888888889,0.85,0.5833333333333334,0.4666666666666667,0.1953121088678993
1,COPULA,7.csv,synthetic,mlp,1.0,614,43299,1.1306023730294903,0.3632591173767467,0.1091756296263387,0.7337662337662337,0.8261111111111111,0.5370370370370371,0.84,0.6444444444444445,0.5858585858585859,0.18255591789048461
1,COPULA,7.csv,synthetic,rfc,1.0,614,43299,1.1306023730294903,0.3632591173767467,0.1091756296263387,0.7597402597402597,0.7846296296296298,0.48148148148148145,0.91,0.7428571428571429,0.5842696629213483,0.17597667187413632
1,COPULA,7.csv,synthetic,mlp,2.0,1228,43299,1.1306023730294903,0.3632591173767467,0.1091756296263387,0.7337662337662337,0.830925925925926,0.2962962962962963,0.97,0.8421052631578947,0.4383561643835616,0.17498777491861026
1,COPULA,7.csv,synthetic,rfc,2.0,1228,43299,1.1306023730294903,0.3632591173767467,0.1091756296263387,0.7337662337662337,0.8064814814814815,0.3148148148148148,0.96,0.8095238095238095,0.4533333333333333,0.18114400085639867
1,COPULA,7.csv,synthetic,mlp,3.0,1842,43299,1.1306023730294903,0.3632591173767467,0.1091756296263387,0.7597402597402597,0.847037037037037,0.4074074074074074,0.95,0.8148148148148148,0.5432098765432098,0.15935842403184952
1,COPULA,7.csv,synthetic,rfc,3.0,1842,43299,1.1306023730294903,0.3632591173767467,0.1091756296263387,0.6883116883116883,0.8138888888888889,0.2222222222222222,0.94,0.6666666666666666,0.3333333333333333,0.18043134675803887
1,COPULA,8.csv,synthetic,mlp,1.0,614,43299,1.2596291736806304,0.3724205820128185,0.064153674153077,0.7142857142857143,0.79,0.3148148148148148,0.93,0.7083333333333334,0.4358974358974359,0.18026808897302454
1,COPULA,8.csv,synthetic,rfc,1.0,614,43299,1.2596291736806304,0.3724205820128185,0.064153674153077,0.7597402597402597,0.8085185185185185,0.4074074074074074,0.95,0.8148148148148148,0.5432098765432098,0.16973475907198624
1,COPULA,8.csv,synthetic,mlp,2.0,1228,43299,1.2596291736806304,0.3724205820128185,0.064153674153077,0.6948051948051948,0.820925925925926,0.2037037037037037,0.96,0.7333333333333333,0.3188405797101449,0.18130662566730985
1,COPULA,8.csv,synthetic,rfc,2.0,1228,43299,1.2596291736806304,0.3724205820128185,0.064153674153077,0.7727272727272727,0.8296296296296296,0.48148148148148145,0.93,0.7878787878787878,0.5977011494252874,0.1616837882556943
1,COPULA,8.csv,synthetic,mlp,3.0,1842,43299,1.2596291736806304,0.3724205820128185,0.064153674153077,0.7532467532467533,0.8374074074074075,0.46296296296296297,0.91,0.7352941176470589,0.5681818181818182,0.15794689516931523
1,COPULA,8.csv,synthetic,rfc,3.0,1842,43299,1.2596291736806304,0.3724205820128185,0.064153674153077,0.7207792207792207,0.7839814814814815,0.37037037037037035,0.91,0.6896551724137931,0.4819277108433735,0.17936462098466568
1,COPULA,9.csv,synthetic,mlp,1.0,614,43299,1.8349965884453685,0.351970754105825,0.0595963110360521,0.7012987012987013,0.7922222222222223,0.4074074074074074,0.86,0.6111111111111112,0.4888888888888889,0.20224787725971238
1,COPULA,9.csv,synthetic,rfc,1.0,614,43299,1.8349965884453685,0.351970754105825,0.0595963110360521,0.7402597402597403,0.7696296296296297,0.5,0.87,0.675,0.574468085106383,0.18155123868015371
1,COPULA,9.csv,synthetic,mlp,2.0,1228,43299,1.8349965884453685,0.351970754105825,0.0595963110360521,0.7402597402597403,0.7922222222222223,0.5185185185185185,0.86,0.6666666666666666,0.5833333333333334,0.18216476880940952
1,COPULA,9.csv,synthetic,rfc,2.0,1228,43299,1.8349965884453685,0.351970754105825,0.0595963110360521,0.7207792207792207,0.7853703703703704,0.5185185185185185,0.83,0.6222222222222222,0.5656565656565656,0.17804602381320492
1,COPULA,9.csv,synthetic,mlp,3.0,1842,43299,1.8349965884453685,0.351970754105825,0.0595963110360521,0.7402597402597403,0.7781481481481481,0.46296296296296297,0.89,0.6944444444444444,0.5555555555555556,0.1921025210058608
1,COPULA,9.csv,synthetic,rfc,3.0,1842,43299,1.8349965884453685,0.351970754105825,0.0595963110360521,0.7142857142857143,0.7788888888888889,0.4444444444444444,0.86,0.631578947368421,0.5217391304347826,0.1769565909511171
1,COPULA,10.csv,synthetic,mlp,1.0,614,43299,0.9495603657901992,0.36435430460015,0.0714720539590241,0.7402597402597403,0.7792592592592592,0.4074074074074074,0.92,0.7333333333333333,0.5238095238095238,0.1783901438045182
1,COPULA,10.csv,synthetic,rfc,1.0,614,43299,0.9495603657901992,0.36435430460015,0.0714720539590241,0.7207792207792207,0.7542592592592593,0.3888888888888889,0.9,0.6774193548387096,0.49411764705882355,0.1869613093425652
1,COPULA,10.csv,synthetic,mlp,2.0,1228,43299,0.9495603657901992,0.36435430460015,0.0714720539590241,0.7727272727272727,0.8011111111111111,0.5555555555555556,0.89,0.7317073170731707,0.631578947368421,0.16811819139967385
1,COPULA,10.csv,synthetic,rfc,2.0,1228,43299,0.9495603657901992,0.36435430460015,0.0714720539590241,0.7077922077922078,0.7847222222222222,0.5185185185185185,0.81,0.5957446808510638,0.5544554455445545,0.17545323704330518
1,COPULA,10.csv,synthetic,mlp,3.0,1842,43299,0.9495603657901992,0.36435430460015,0.0714720539590241,0.7662337662337663,0.8138888888888889,0.5,0.91,0.75,0.6,0.1656071100275854
1,COPULA,10.csv,synthetic,rfc,3.0,1842,43299,0.9495603657901992,0.36435430460015,0.0714720539590241,0.7727272727272727,0.8085185185185185,0.6111111111111112,0.86,0.7021276595744681,0.6534653465346535,0.1653664843352745
1,COPULA,11.csv,synthetic,mlp,1.0,614,43299,0.937256748468232,0.3693939971095586,0.0677626213166217,0.7142857142857143,0.7774074074074074,0.3888888888888889,0.89,0.65625,0.4883720930232558,0.19571366912209187
1,COPULA,11.csv,synthetic,rfc,1.0,614,43299,0.937256748468232,0.3693939971095586,0.0677626213166217,0.7727272727272727,0.8453703703703702,0.46296296296296297,0.94,0.8064516129032258,0.5882352941176471,0.15419696670521113
1,COPULA,11.csv,synthetic,mlp,2.0,1228,43299,0.937256748468232,0.3693939971095586,0.0677626213166217,0.7467532467532467,0.846111111111111,0.4444444444444444,0.91,0.7272727272727273,0.5517241379310345,0.16153698825661741
1,COPULA,11.csv,synthetic,rfc,2.0,1228,43299,0.937256748468232,0.3693939971095586,0.0677626213166217,0.7337662337662337,0.7822222222222222,0.4444444444444444,0.89,0.6857142857142857,0.5393258426966292,0.18154224045067313
1,COPULA,11.csv,synthetic,mlp,3.0,1842,43299,0.937256748468232,0.3693939971095586,0.0677626213166217,0.7662337662337663,0.8522222222222223,0.46296296296296297,0.93,0.78125,0.5813953488372093,0.15344941841704393
1,COPULA,11.csv,synthetic,rfc,3.0,1842,43299,0.937256748468232,0.3693939971095586,0.0677626213166217,0.7597402597402597,0.8235185185185185,0.46296296296296297,0.92,0.7575757575757576,0.5747126436781609,0.16101418492520564
1,COPULA,12.csv,synthetic,mlp,1.0,614,43299,1.3958163666400252,0.3452124744807312,0.0754937670521594,0.7532467532467533,0.8105555555555555,0.5370370370370371,0.87,0.6904761904761905,0.6041666666666666,0.16807903070844882
1,COPULA,12.csv,synthetic,rfc,1.0,614,43299,1.3958163666400252,0.3452124744807312,0.0754937670521594,0.7012987012987013,0.765925925925926,0.5370370370370371,0.79,0.58,0.5576923076923077,0.18597373101888662
1,COPULA,12.csv,synthetic,mlp,2.0,1228,43299,1.3958163666400252,0.3452124744807312,0.0754937670521594,0.7467532467532467,0.8185185185185185,0.46296296296296297,0.9,0.7142857142857143,0.5617977528089888,0.16486471188566493
1,COPULA,12.csv,synthetic,rfc,2.0,1228,43299,1.3958163666400252,0.3452124744807312,0.0754937670521594,0.7597402597402597,0.7944444444444444,0.5740740740740741,0.86,0.6888888888888889,0.6262626262626263,0.1735403156125358
1,COPULA,12.csv,synthetic,mlp,3.0,1842,43299,1.3958163666400252,0.3452124744807312,0.0754937670521594,0.7337662337662337,0.8109259259259258,0.5,0.86,0.6585365853658537,0.5684210526315789,0.1695837237353196
1,COPULA,12.csv,synthetic,rfc,3.0,1842,43299,1.3958163666400252,0.3452124744807312,0.0754937670521594,0.7402597402597403,0.7770370370370371,0.5740740740740741,0.83,0.6458333333333334,0.6078431372549019,0.18100502149973
1,COPULA,13.csv,synthetic,mlp,1.0,614,43299,1.1324026275059689,0.3585554665641338,0.0764797206778328,0.7402597402597403,0.8322222222222223,0.6296296296296297,0.8,0.6296296296296297,0.6296296296296297,0.1610013503049931
1,COPULA,13.csv,synthetic,rfc,1.0,614,43299,1.1324026275059689,0.3585554665641338,0.0764797206778328,0.7142857142857143,0.7835185185185186,0.6481481481481481,0.75,0.5833333333333334,0.6140350877192983,0.18437408523972212
1,COPULA,13.csv,synthetic,mlp,2.0,1228,43299,1.1324026275059689,0.3585554665641338,0.0764797206778328,0.7077922077922078,0.8092592592592593,0.6851851851851852,0.72,0.5692307692307692,0.6218487394957983,0.17806012278398325
1,COPULA,13.csv,synthetic,rfc,2.0,1228,43299,1.1324026275059689,0.3585554665641338,0.0764797206778328,0.6753246753246753,0.7712962962962963,0.6851851851851852,0.67,0.5285714285714286,0.5967741935483871,0.195929370477123
1,COPULA,13.csv,synthetic,mlp,3.0,1842,43299,1.1324026275059689,0.3585554665641338,0.0764797206778328,0.7272727272727273,0.8235185185185184,0.6481481481481481,0.77,0.603448275862069,0.625,0.16236677544754596
1,COPULA,13.csv,synthetic,rfc,3.0,1842,43299,1.1324026275059689,0.3585554665641338,0.0764797206778328,0.6883116883116883,0.7937037037037037,0.7222222222222222,0.67,0.5416666666666666,0.6190476190476191,0.18145760871349648
1,COPULA,14.csv,synthetic,mlp,1.0,614,43299,0.8765924381420339,0.373171775339881,0.0642394057059694,0.7662337662337663,0.8385185185185186,0.5925925925925926,0.86,0.6956521739130435,0.64,0.157048683468701
1,COPULA,14.csv,synthetic,rfc,1.0,614,43299,0.8765924381420339,0.373171775339881,0.0642394057059694,0.7077922077922078,0.7816666666666666,0.46296296296296297,0.84,0.6097560975609756,0.5263157894736842,0.18178981864109528
1,COPULA,14.csv,synthetic,mlp,2.0,1228,43299,0.8765924381420339,0.373171775339881,0.0642394057059694,0.7662337662337663,0.8412962962962963,0.6666666666666666,0.82,0.6666666666666666,0.6666666666666666,0.15615927944779612
1,COPULA,14.csv,synthetic,rfc,2.0,1228,43299,0.8765924381420339,0.373171775339881,0.0642394057059694,0.7337662337662337,0.7951851851851851,0.6666666666666666,0.77,0.6101694915254238,0.6371681415929203,0.17382782624229215
1,COPULA,14.csv,synthetic,mlp,3.0,1842,43299,0.8765924381420339,0.373171775339881,0.0642394057059694,0.7792207792207793,0.8437037037037036,0.7222222222222222,0.81,0.6724137931034483,0.6964285714285714,0.15636046855199662
1,COPULA,14.csv,synthetic,rfc,3.0,1842,43299,0.8765924381420339,0.373171775339881,0.0642394057059694,0.7467532467532467,0.805,0.7037037037037037,0.77,0.6229508196721312,0.6608695652173913,0.17135702507110198
1,COPULA,15.csv,synthetic,lr,1.0,614,43299,1.2664933019308022,0.3505109115788615,0.0600662510057632,0.7402597402597403,0.7722222222222223,0.5555555555555556,0.84,0.6521739130434783,0.6,0.18929954207462057
1,COPULA,15.csv,synthetic,mlp,1.0,614,43299,1.2664933019308022,0.3505109115788615,0.0600662510057632,0.7597402597402597,0.8248148148148148,0.6111111111111112,0.84,0.673469387755102,0.6407766990291263,0.18452955209739186
1,COPULA,15.csv,synthetic,xgb,1.0,614,43299,1.2664933019308022,0.3505109115788615,0.0600662510057632,0.7272727272727273,0.775,0.5555555555555556,0.82,0.625,0.5882352941176471,0.19070981442928314
1,COPULA,15.csv,synthetic,rfc,1.0,614,43299,1.2664933019308022,0.3505109115788615,0.0600662510057632,0.7337662337662337,0.7816666666666667,0.5370370370370371,0.84,0.6444444444444445,0.5858585858585859,0.17515166487239886
1,COPULA,15.csv,synthetic,lr,2.0,1228,43299,1.2664933019308022,0.3505109115788615,0.0600662510057632,0.7402597402597403,0.7772222222222223,0.5,0.87,0.675,0.574468085106383,0.18520058045284274
1,COPULA,15.csv,synthetic,mlp,2.0,1228,43299,1.2664933019308022,0.3505109115788615,0.0600662510057632,0.7532467532467533,0.7862962962962963,0.6111111111111112,0.83,0.66,0.6346153846153846,0.18735969817852377
1,COPULA,15.csv,synthetic,xgb,2.0,1228,43299,1.2664933019308022,0.3505109115788615,0.0600662510057632,0.7597402597402597,0.7740740740740739,0.5925925925925926,0.85,0.6808510638297872,0.6336633663366337,0.18598885834217072
1,COPULA,15.csv,synthetic,rfc,2.0,1228,43299,1.2664933019308022,0.3505109115788615,0.0600662510057632,0.7662337662337663,0.7912962962962964,0.5555555555555556,0.88,0.7142857142857143,0.625,0.1756996319159157
1,COPULA,15.csv,synthetic,lr,3.0,1842,43299,1.2664933019308022,0.3505109115788615,0.0600662510057632,0.7532467532467533,0.779074074074074,0.5555555555555556,0.86,0.6818181818181818,0.6122448979591837,0.18470128716084977
1,COPULA,15.csv,synthetic,mlp,3.0,1842,43299,1.2664933019308022,0.3505109115788615,0.0600662510057632,0.7467532467532467,0.7948148148148148,0.5555555555555556,0.85,0.6666666666666666,0.6060606060606061,0.17943751123519375
1,COPULA,15.csv,synthetic,xgb,3.0,1842,43299,1.2664933019308022,0.3505109115788615,0.0600662510057632,0.7467532467532467,0.7927777777777778,0.5740740740740741,0.84,0.6595744680851063,0.6138613861386139,0.18164445459842682
1,COPULA,15.csv,synthetic,rfc,3.0,1842,43299,1.2664933019308022,0.3505109115788615,0.0600662510057632,0.7532467532467533,0.7896296296296296,0.5185185185185185,0.88,0.7,0.5957446808510638,0.1775571870038916
1,COPULA,16.csv,synthetic,lr,1.0,614,43299,1.405962212185293,0.3663901990668875,0.0802224899650711,0.7207792207792207,0.8190740740740741,0.6111111111111112,0.78,0.6,0.6055045871559633,0.1772433969332944
1,COPULA,16.csv,synthetic,mlp,1.0,614,43299,1.405962212185293,0.3663901990668875,0.0802224899650711,0.7337662337662337,0.8340740740740741,0.5185185185185185,0.85,0.6511627906976745,0.5773195876288659,0.1591147509254262
1,COPULA,16.csv,synthetic,xgb,1.0,614,43299,1.405962212185293,0.3663901990668875,0.0802224899650711,0.7272727272727273,0.7974074074074073,0.5925925925925926,0.8,0.6153846153846154,0.6037735849056604,0.17781785130500793
1,COPULA,16.csv,synthetic,rfc,1.0,614,43299,1.405962212185293,0.3663901990668875,0.0802224899650711,0.7142857142857143,0.7794444444444444,0.6296296296296297,0.76,0.5862068965517241,0.6071428571428571,0.17978283431793232
1,COPULA,16.csv,synthetic,lr,2.0,1228,43299,1.405962212185293,0.3663901990668875,0.0802224899650711,0.7337662337662337,0.8294444444444444,0.5740740740740741,0.82,0.6326530612244898,0.6019417475728155,0.1673560889642925
1,COPULA,16.csv,synthetic,mlp,2.0,1228,43299,1.405962212185293,0.3663901990668875,0.0802224899650711,0.7467532467532467,0.8312962962962963,0.5740740740740741,0.84,0.6595744680851063,0.6138613861386139,0.16384111393011655
1,COPULA,16.csv,synthetic,xgb,2.0,1228,43299,1.405962212185293,0.3663901990668875,0.0802224899650711,0.7207792207792207,0.79,0.6111111111111112,0.78,0.6,0.6055045871559633,0.18331719934940338
1,COPULA,16.csv,synthetic,rfc,2.0,1228,43299,1.405962212185293,0.3663901990668875,0.0802224899650711,0.7467532467532467,0.7825925925925925,0.6111111111111112,0.82,0.6470588235294118,0.6285714285714286,0.17819880397837196
1,COPULA,16.csv,synthetic,lr,3.0,1842,43299,1.405962212185293,0.3663901990668875,0.0802224899650711,0.7142857142857143,0.8190740740740741,0.5740740740740741,0.79,0.5961538461538461,0.5849056603773585,0.17454693941310484
1,COPULA,16.csv,synthetic,mlp,3.0,1842,43299,1.405962212185293,0.3663901990668875,0.0802224899650711,0.7402597402597403,0.8233333333333334,0.5925925925925926,0.82,0.64,0.6153846153846154,0.17182261876468335
1,COPULA,16.csv,synthetic,xgb,3.0,1842,43299,1.405962212185293,0.3663901990668875,0.0802224899650711,0.7597402597402597,0.8075925925925926,0.6481481481481481,0.82,0.660377358490566,0.6542056074766355,0.16802050173282623
1,COPULA,16.csv,synthetic,rfc,3.0,1842,43299,1.405962212185293,0.3663901990668875,0.0802224899650711,0.7077922077922078,0.7903703703703704,0.6481481481481481,0.74,0.5737704918032787,0.6086956521739131,0.17665374963131336
1,COPULA,17.csv,synthetic,lr,1.0,614,43299,0.8556280932821108,0.3522456384027458,0.0747751323340026,0.7597402597402597,0.835,0.48148148148148145,0.91,0.7428571428571429,0.5842696629213483,0.1649090644706814
1,COPULA,17.csv,synthetic,mlp,1.0,614,43299,0.8556280932821108,0.3522456384027458,0.0747751323340026,0.7597402597402597,0.8483333333333333,0.48148148148148145,0.91,0.7428571428571429,0.5842696629213483,0.15776317945697
1,COPULA,17.csv,synthetic,xgb,1.0,614,43299,0.8556280932821108,0.3522456384027458,0.0747751323340026,0.7077922077922078,0.774074074074074,0.4074074074074074,0.87,0.6285714285714286,0.4943820224719101,0.18752336502075195
1,COPULA,17.csv,synthetic,rfc,1.0,614,43299,0.8556280932821108,0.3522456384027458,0.0747751323340026,0.7012987012987013,0.7667592592592594,0.3148148148148148,0.91,0.6538461538461539,0.425,0.1907380757761905
1,COPULA,17.csv,synthetic,lr,2.0,1228,43299,0.8556280932821108,0.3522456384027458,0.0747751323340026,0.7467532467532467,0.8396296296296296,0.48148148148148145,0.89,0.7027027027027027,0.5714285714285714,0.15526729163239386
1,COPULA,17.csv,synthetic,mlp,2.0,1228,43299,0.8556280932821108,0.3522456384027458,0.0747751323340026,0.7662337662337663,0.8477777777777779,0.5555555555555556,0.88,0.7142857142857143,0.625,0.15216589268987216
1,COPULA,17.csv,synthetic,xgb,2.0,1228,43299,0.8556280932821108,0.3522456384027458,0.0747751323340026,0.7727272727272727,0.8285185185185184,0.5925925925925926,0.87,0.7111111111111111,0.6464646464646465,0.15867827832698822
1,COPULA,17.csv,synthetic,rfc,2.0,1228,43299,0.8556280932821108,0.3522456384027458,0.0747751323340026,0.7532467532467533,0.8198148148148148,0.5370370370370371,0.87,0.6904761904761905,0.6041666666666666,0.16375351287386947
1,COPULA,17.csv,synthetic,lr,3.0,1842,43299,0.8556280932821108,0.3522456384027458,0.0747751323340026,0.7467532467532467,0.8292592592592593,0.42592592592592593,0.92,0.7419354838709677,0.5411764705882353,0.1633836008686048
1,COPULA,17.csv,synthetic,mlp,3.0,1842,43299,0.8556280932821108,0.3522456384027458,0.0747751323340026,0.7532467532467533,0.8368518518518518,0.5,0.89,0.7105263157894737,0.5869565217391305,0.15896605697030164
1,COPULA,17.csv,synthetic,xgb,3.0,1842,43299,0.8556280932821108,0.3522456384027458,0.0747751323340026,0.7467532467532467,0.8200000000000001,0.46296296296296297,0.9,0.7142857142857143,0.5617977528089888,0.17104002833366394
1,COPULA,17.csv,synthetic,rfc,3.0,1842,43299,0.8556280932821108,0.3522456384027458,0.0747751323340026,0.7272727272727273,0.807962962962963,0.42592592592592593,0.89,0.6764705882352942,0.5227272727272727,0.17163939286197435
1,COPULA,18.csv,synthetic,lr,1.0,614,43299,1.3829416079172416,0.3540648324205986,0.0977780988667146,0.7337662337662337,0.8312962962962963,0.3148148148148148,0.96,0.8095238095238095,0.4533333333333333,0.18871530258814626
1,COPULA,18.csv,synthetic,mlp,1.0,614,43299,1.3829416079172416,0.3540648324205986,0.0977780988667146,0.7337662337662337,0.8194444444444444,0.3888888888888889,0.92,0.7241379310344828,0.5060240963855421,0.17666398812292
1,COPULA,18.csv,synthetic,xgb,1.0,614,43299,1.3829416079172416,0.3540648324205986,0.0977780988667146,0.7337662337662337,0.7894444444444445,0.37037037037037035,0.93,0.7407407407407407,0.49382716049382713,0.20192785561084747
1,COPULA,18.csv,synthetic,rfc,1.0,614,43299,1.3829416079172416,0.3540648324205986,0.0977780988667146,0.7142857142857143,0.7827777777777778,0.3148148148148148,0.93,0.7083333333333334,0.4358974358974359,0.18923160546290876
1,COPULA,18.csv,synthetic,lr,2.0,1228,43299,1.3829416079172416,0.3540648324205986,0.0977780988667146,0.7402597402597403,0.8407407407407408,0.37037037037037035,0.94,0.7692307692307693,0.5,0.17878058170877287
1,COPULA,18.csv,synthetic,mlp,2.0,1228,43299,1.3829416079172416,0.3540648324205986,0.0977780988667146,0.7857142857142857,0.8335185185185185,0.48148148148148145,0.95,0.8387096774193549,0.611764705882353,0.15957735421467809
1,COPULA,18.csv,synthetic,xgb,2.0,1228,43299,1.3829416079172416,0.3540648324205986,0.0977780988667146,0.7077922077922078,0.7844444444444444,0.25925925925925924,0.95,0.7368421052631579,0.3835616438356164,0.21167710423469543
1,COPULA,18.csv,synthetic,rfc,2.0,1228,43299,1.3829416079172416,0.3540648324205986,0.0977780988667146,0.7142857142857143,0.7644444444444445,0.25925925925925924,0.96,0.7777777777777778,0.3888888888888889,0.19861850465268777
1,COPULA,18.csv,synthetic,lr,3.0,1842,43299,1.3829416079172416,0.3540648324205986,0.0977780988667146,0.7207792207792207,0.8296296296296296,0.3148148148148148,0.94,0.7391304347826086,0.44155844155844154,0.18539478972893345
1,COPULA,18.csv,synthetic,mlp,3.0,1842,43299,1.3829416079172416,0.3540648324205986,0.0977780988667146,0.7792207792207793,0.8357407407407407,0.4444444444444444,0.96,0.8571428571428571,0.5853658536585366,0.1626217360613302
1,COPULA,18.csv,synthetic,xgb,3.0,1842,43299,1.3829416079172416,0.3540648324205986,0.0977780988667146,0.7337662337662337,0.82,0.3888888888888889,0.92,0.7241379310344828,0.5060240963855421,0.18756316602230072
1,COPULA,18.csv,synthetic,rfc,3.0,1842,43299,1.3829416079172416,0.3540648324205986,0.0977780988667146,0.7467532467532467,0.8092592592592593,0.42592592592592593,0.92,0.7419354838709677,0.5411764705882353,0.1808065756501764
1,COPULA,19.csv,synthetic,lr,1.0,614,43299,1.101446368197512,0.3618084620307394,0.0987531856364519,0.6428571428571429,0.7396296296296296,0.6296296296296297,0.65,0.4927536231884058,0.5528455284552846,0.23340243991084386
1,COPULA,19.csv,synthetic,mlp,1.0,614,43299,1.101446368197512,0.3618084620307394,0.0987531856364519,0.6688311688311688,0.755,0.6666666666666666,0.67,0.5217391304347826,0.5853658536585366,0.2110657116331742
1,COPULA,19.csv,synthetic,xgb,1.0,614,43299,1.101446368197512,0.3618084620307394,0.0987531856364519,0.5844155844155844,0.6907407407407408,0.6666666666666666,0.54,0.43902439024390244,0.5294117647058824,0.2581271827220917
1,COPULA,19.csv,synthetic,rfc,1.0,614,43299,1.101446368197512,0.3618084620307394,0.0987531856364519,0.6038961038961039,0.6842592592592592,0.5555555555555556,0.63,0.44776119402985076,0.49586776859504134,0.2222332178583239
1,COPULA,19.csv,synthetic,lr,2.0,1228,43299,1.101446368197512,0.3618084620307394,0.0987531856364519,0.6688311688311688,0.7527777777777778,0.5925925925925926,0.71,0.5245901639344263,0.5565217391304348,0.2092633596761963
1,COPULA,19.csv,synthetic,mlp,2.0,1228,43299,1.101446368197512,0.3618084620307394,0.0987531856364519,0.6883116883116883,0.7431481481481482,0.5740740740740741,0.75,0.5535714285714286,0.5636363636363636,0.21282285496711703
1,COPULA,19.csv,synthetic,xgb,2.0,1228,43299,1.101446368197512,0.3618084620307394,0.0987531856364519,0.6168831168831169,0.722037037037037,0.5185185185185185,0.67,0.45901639344262296,0.48695652173913045,0.22132566571235657
1,COPULA,19.csv,synthetic,rfc,2.0,1228,43299,1.101446368197512,0.3618084620307394,0.0987531856364519,0.6493506493506493,0.700925925925926,0.48148148148148145,0.74,0.5,0.49056603773584906,0.21380791245405809
1,COPULA,19.csv,synthetic,lr,3.0,1842,43299,1.101446368197512,0.3618084620307394,0.0987531856364519,0.6883116883116883,0.7553703703703704,0.6111111111111112,0.73,0.55,0.5789473684210527,0.21370624975374225
1,COPULA,19.csv,synthetic,mlp,3.0,1842,43299,1.101446368197512,0.3618084620307394,0.0987531856364519,0.6948051948051948,0.7579629629629631,0.6296296296296297,0.73,0.5573770491803278,0.591304347826087,0.21096474133372697
1,COPULA,19.csv,synthetic,xgb,3.0,1842,43299,1.101446368197512,0.3618084620307394,0.0987531856364519,0.6558441558441559,0.7398148148148148,0.5555555555555556,0.71,0.5084745762711864,0.5309734513274337,0.21126167476177216
1,COPULA,19.csv,synthetic,rfc,3.0,1842,43299,1.101446368197512,0.3618084620307394,0.0987531856364519,0.6428571428571429,0.7287037037037037,0.5,0.72,0.4909090909090909,0.4954128440366973,0.20340059386260664
1,CTGAN,0.csv,synthetic,mlp,1.0,614,12989,1.3069073270846463,0.3571414863992434,0.0988670097610018,0.7402597402597403,0.8253703703703703,0.7777777777777778,0.72,0.6,0.6774193548387096,0.17969046595224714
1,CTGAN,0.csv,synthetic,rfc,1.0,614,12989,1.3069073270846463,0.3571414863992434,0.0988670097610018,0.7142857142857143,0.7872222222222223,0.7592592592592593,0.69,0.5694444444444444,0.6507936507936508,0.195509231670818
1,CTGAN,0.csv,synthetic,mlp,2.0,1228,12989,1.3069073270846463,0.3571414863992434,0.0988670097610018,0.7467532467532467,0.8435185185185184,0.8518518518518519,0.69,0.5974025974025974,0.7022900763358778,0.19585618011268802
1,CTGAN,0.csv,synthetic,rfc,2.0,1228,12989,1.3069073270846463,0.3571414863992434,0.0988670097610018,0.6948051948051948,0.8111111111111111,0.8333333333333334,0.62,0.5421686746987951,0.656934306569343,0.19469143974276665
1,CTGAN,0.csv,synthetic,mlp,3.0,1842,12989,1.3069073270846463,0.3571414863992434,0.0988670097610018,0.7337662337662337,0.8357407407407407,0.8333333333333334,0.68,0.5844155844155844,0.6870229007633588,0.19342278019521603
1,CTGAN,0.csv,synthetic,rfc,3.0,1842,12989,1.3069073270846463,0.3571414863992434,0.0988670097610018,0.6688311688311688,0.7937037037037037,0.7962962962962963,0.6,0.5180722891566265,0.6277372262773723,0.20166520925683587
1,CTGAN,1.csv,synthetic,mlp,1.0,614,12989,1.566710188394349,0.3499009848418428,0.1033843046770663,0.7337662337662337,0.8405555555555556,0.3333333333333333,0.95,0.782608695652174,0.4675324675324675,0.16970095504723515
1,CTGAN,1.csv,synthetic,rfc,1.0,614,12989,1.566710188394349,0.3499009848418428,0.1033843046770663,0.7142857142857143,0.7975925925925926,0.3148148148148148,0.93,0.7083333333333334,0.4358974358974359,0.1877064921674583
1,CTGAN,1.csv,synthetic,mlp,2.0,1228,12989,1.566710188394349,0.3499009848418428,0.1033843046770663,0.7402597402597403,0.8414814814814815,0.35185185185185186,0.95,0.7916666666666666,0.48717948717948717,0.16972525309808859
1,CTGAN,1.csv,synthetic,rfc,2.0,1228,12989,1.566710188394349,0.3499009848418428,0.1033843046770663,0.7142857142857143,0.7699074074074074,0.2777777777777778,0.95,0.75,0.40540540540540543,0.20164471999969122
1,CTGAN,1.csv,synthetic,mlp,3.0,1842,12989,1.566710188394349,0.3499009848418428,0.1033843046770663,0.7142857142857143,0.8394444444444444,0.2777777777777778,0.95,0.75,0.40540540540540543,0.17365140328569326
1,CTGAN,1.csv,synthetic,rfc,3.0,1842,12989,1.566710188394349,0.3499009848418428,0.1033843046770663,0.7077922077922078,0.7783333333333333,0.2777777777777778,0.94,0.7142857142857143,0.4,0.1979841530792211
1,CTGAN,2.csv,synthetic,mlp,1.0,614,12989,2.313428105498676,0.4378212459588175,0.2030751893795,0.6623376623376623,0.5650000000000001,0.037037037037037035,1.0,1.0,0.07142857142857142,0.26257833347027604
1,CTGAN,2.csv,synthetic,rfc,1.0,614,12989,2.313428105498676,0.4378212459588175,0.2030751893795,0.6688311688311688,0.717962962962963,0.05555555555555555,1.0,1.0,0.10526315789473684,0.2151258338104669
1,CTGAN,2.csv,synthetic,mlp,2.0,1228,12989,2.313428105498676,0.4378212459588175,0.2030751893795,0.6493506493506493,0.5427777777777778,0.0,1.0,0.0,0.0,0.26391603586235396
1,CTGAN,2.csv,synthetic,rfc,2.0,1228,12989,2.313428105498676,0.4378212459588175,0.2030751893795,0.6558441558441559,0.6542592592592592,0.018518518518518517,1.0,1.0,0.03636363636363636,0.24894960331493235
1,CTGAN,2.csv,synthetic,mlp,3.0,1842,12989,2.313428105498676,0.4378212459588175,0.2030751893795,0.6493506493506493,0.6753703703703703,0.0,1.0,0.0,0.0,0.24910519035463943
1,CTGAN,2.csv,synthetic,rfc,3.0,1842,12989,2.313428105498676,0.4378212459588175,0.2030751893795,0.6558441558441559,0.6699999999999999,0.018518518518518517,1.0,1.0,0.03636363636363636,0.2393929948121124
1,CTGAN,3.csv,synthetic,mlp,1.0,614,12989,2.547167806540475,0.473923839487773,0.1659526329717392,0.6493506493506493,0.5214814814814815,0.0,1.0,0.0,0.0,0.2293055546450273
1,CTGAN,3.csv,synthetic,rfc,1.0,614,12989,2.547167806540475,0.473923839487773,0.1659526329717392,0.6493506493506493,0.7177777777777777,0.0,1.0,0.0,0.0,0.22768911283786605
1,CTGAN,3.csv,synthetic,mlp,2.0,1228,12989,2.547167806540475,0.473923839487773,0.1659526329717392,0.5974025974025974,0.5781481481481481,0.4074074074074074,0.7,0.4230769230769231,0.41509433962264153,0.23691346073279299
1,CTGAN,3.csv,synthetic,rfc,2.0,1228,12989,2.547167806540475,0.473923839487773,0.1659526329717392,0.6493506493506493,0.6548148148148148,0.0,1.0,0.0,0.0,0.2225267330764136
1,CTGAN,3.csv,synthetic,mlp,3.0,1842,12989,2.547167806540475,0.473923839487773,0.1659526329717392,0.6493506493506493,0.5685185185185185,0.0,1.0,0.0,0.0,0.22790352295972977
1,CTGAN,3.csv,synthetic,rfc,3.0,1842,12989,2.547167806540475,0.473923839487773,0.1659526329717392,0.6493506493506493,0.6048148148148147,0.0,1.0,0.0,0.0,0.2387880234180336
2,REAL,real_train,real_baseline,mlp,1.0,614,614,nan,nan,nan,0.7467532467532467,0.8451851851851853,0.42592592592592593,0.92,0.7419354838709677,0.5411764705882353,0.16905588894323617
2,REAL,real_train,real_baseline,rfc,1.0,614,614,nan,nan,nan,0.7792207792207793,0.8881481481481481,0.5,0.93,0.7941176470588235,0.6136363636363636,0.13994876654712213
2,TVAE,0.csv,synthetic,mlp,1.0,614,12900,2.0617053690812663,0.3617576827460638,0.0852517868540782,0.7727272727272727,0.8724074074074073,0.5555555555555556,0.89,0.7317073170731707,0.631578947368421,0.1568083486258561
2,TVAE,0.csv,synthetic,rfc,1.0,614,12900,2.0617053690812663,0.3617576827460638,0.0852517868540782,0.7857142857142857,0.8835185185185185,0.6666666666666666,0.85,0.7058823529411765,0.6857142857142857,0.13730337935201137
2,TVAE,0.csv,synthetic,mlp,2.0,1228,12900,2.0617053690812663,0.3617576827460638,0.0852517868540782,0.7857142857142857,0.8746296296296296,0.6666666666666666,0.85,0.7058823529411765,0.6857142857142857,0.14426036398638276
2,TVAE,0.csv,synthetic,rfc,2.0,1228,12900,2.0617053690812663,0.3617576827460638,0.0852517868540782,0.7792207792207793,0.8746296296296296,0.5925925925925926,0.88,0.7272727272727273,0.6530612244897959,0.14714315548332735
2,TVAE,0.csv,synthetic,mlp,3.0,1842,12900,2.0617053690812663,0.3617576827460638,0.0852517868540782,0.7987012987012987,0.8705555555555555,0.6296296296296297,0.89,0.7555555555555555,0.6868686868686869,0.14491329882726176
2,TVAE,0.csv,synthetic,rfc,3.0,1842,12900,2.0617053690812663,0.3617576827460638,0.0852517868540782,0.8051948051948052,0.8711111111111112,0.6111111111111112,0.91,0.7857142857142857,0.6875,0.1474023675336353
2,TVAE,1.csv,synthetic,mlp,1.0,614,12900,1.8915409911645336,0.361038173291941,0.1011723639202753,0.7987012987012987,0.8783333333333334,0.6296296296296297,0.89,0.7555555555555555,0.6868686868686869,0.1404571140867779
2,TVAE,1.csv,synthetic,rfc,1.0,614,12900,1.8915409911645336,0.361038173291941,0.1011723639202753,0.8181818181818182,0.8992592592592592,0.6666666666666666,0.9,0.782608695652174,0.72,0.13109029293675742
2,TVAE,1.csv,synthetic,mlp,2.0,1228,12900,1.8915409911645336,0.361038173291941,0.1011723639202753,0.7792207792207793,0.8818518518518519,0.6666666666666666,0.84,0.6923076923076923,0.6792452830188679,0.1345519258546189
2,TVAE,1.csv,synthetic,rfc,2.0,1228,12900,1.8915409911645336,0.361038173291941,0.1011723639202753,0.7922077922077922,0.8833333333333334,0.6111111111111112,0.89,0.75,0.673469387755102,0.1376115011939886
2,TVAE,1.csv,synthetic,mlp,3.0,1842,12900,1.8915409911645336,0.361038173291941,0.1011723639202753,0.7922077922077922,0.8912962962962963,0.6666666666666666,0.86,0.72,0.6923076923076923,0.13852703635650296
2,TVAE,1.csv,synthetic,rfc,3.0,1842,12900,1.8915409911645336,0.361038173291941,0.1011723639202753,0.7857142857142857,0.8848148148148148,0.5925925925925926,0.89,0.7441860465116279,0.6597938144329897,0.13455439027427046
2,TVAE,2.csv,synthetic,mlp,1.0,614,12900,1.8796016358288172,0.365328340847431,0.0907935896497635,0.7792207792207793,0.8633333333333334,0.5740740740740741,0.89,0.7380952380952381,0.6458333333333334,0.14366028104989337
2,TVAE,2.csv,synthetic,rfc,1.0,614,12900,1.8796016358288172,0.365328340847431,0.0907935896497635,0.7727272727272727,0.8616666666666666,0.5740740740740741,0.88,0.7209302325581395,0.6391752577319587,0.15233534782679603
2,TVAE,2.csv,synthetic,mlp,2.0,1228,12900,1.8796016358288172,0.365328340847431,0.0907935896497635,0.7597402597402597,0.8614814814814815,0.6111111111111112,0.84,0.673469387755102,0.6407766990291263,0.16232512327663917
2,TVAE,2.csv,synthetic,rfc,2.0,1228,12900,1.8796016358288172,0.365328340847431,0.0907935896497635,0.7792207792207793,0.8638888888888889,0.7222222222222222,0.81,0.6724137931034483,0.6964285714285714,0.14746948328699716
2,TVAE,2.csv,synthetic,mlp,3.0,1842,12900,1.8796016358288172,0.365328340847431,0.0907935896497635,0.8051948051948052,0.8705555555555555,0.6851851851851852,0.87,0.74,0.7115384615384616,0.16513817960310181
2,TVAE,2.csv,synthetic,rfc,3.0,1842,12900,1.8796016358288172,0.365328340847431,0.0907935896497635,0.7792207792207793,0.8637037037037036,0.5925925925925926,0.88,0.7272727272727273,0.6530612244897959,0.14979242118328062
2,TVAE,3.csv,synthetic,mlp,1.0,614,12900,1.6261657538667558,0.3608366387993026,0.1008475239441298,0.7987012987012987,0.877962962962963,0.5925925925925926,0.91,0.7804878048780488,0.6736842105263158,0.14793012054223376
2,TVAE,3.csv,synthetic,rfc,1.0,614,12900,1.6261657538667558,0.3608366387993026,0.1008475239441298,0.7987012987012987,0.8666666666666667,0.6111111111111112,0.9,0.7674418604651163,0.6804123711340206,0.1434260044964134
2,TVAE,3.csv,synthetic,mlp,2.0,1228,12900,1.6261657538667558,0.3608366387993026,0.1008475239441298,0.8116883116883117,0.8848148148148148,0.7222222222222222,0.86,0.7358490566037735,0.7289719626168224,0.13981920276795684
2,TVAE,3.csv,synthetic,rfc,2.0,1228,12900,1.6261657538667558,0.3608366387993026,0.1008475239441298,0.8051948051948052,0.8937037037037037,0.6111111111111112,0.91,0.7857142857142857,0.6875,0.13293404889716529
2,TVAE,3.csv,synthetic,mlp,3.0,1842,12900,1.6261657538667558,0.3608366387993026,0.1008475239441298,0.7987012987012987,0.8848148148148148,0.6851851851851852,0.86,0.7254901960784313,0.7047619047619048,0.14015757726891667
2,TVAE,3.csv,synthetic,rfc,3.0,1842,12900,1.6261657538667558,0.3608366387993026,0.1008475239441298,0.7922077922077922,0.8840740740740742,0.6111111111111112,0.89,0.75,0.673469387755102,0.13878567630732813
2,TVAE,4.csv,synthetic,mlp,1.0,614,43000,1.764735706947881,0.3590558331962898,0.0865158042727958,0.7987012987012987,0.8737037037037036,0.5925925925925926,0.91,0.7804878048780488,0.6736842105263158,0.16541992863035673
2,TVAE,4.csv,synthetic,rfc,1.0,614,43000,1.764735706947881,0.3590558331962898,0.0865158042727958,0.7857142857142857,0.8711111111111111,0.7222222222222222,0.82,0.6842105263157895,0.7027027027027027,0.14008308793555901
2,TVAE,4.csv,synthetic,mlp,2.0,1228,43000,1.764735706947881,0.3590558331962898,0.0865158042727958,0.7922077922077922,0.8746296296296296,0.5925925925925926,0.9,0.7619047619047619,0.6666666666666666,0.14685348582792065
2,TVAE,4.csv,synthetic,rfc,2.0,1228,43000,1.764735706947881,0.3590558331962898,0.0865158042727958,0.8051948051948052,0.8866666666666667,0.6296296296296297,0.9,0.7727272727272727,0.6938775510204082,0.1394899842459305
2,TVAE,4.csv,synthetic,mlp,3.0,1842,43000,1.764735706947881,0.3590558331962898,0.0865158042727958,0.7662337662337663,0.8635185185185186,0.6481481481481481,0.83,0.6730769230769231,0.660377358490566,0.1507504872037804
2,TVAE,4.csv,synthetic,rfc,3.0,1842,43000,1.764735706947881,0.3590558331962898,0.0865158042727958,0.7922077922077922,0.8757407407407408,0.6111111111111112,0.89,0.75,0.673469387755102,0.14841146233842478
2,TVAE,5.csv,synthetic,mlp,1.0,614,43000,1.8390537707281156,0.3605790564940062,0.0723471542272141,0.7662337662337663,0.8651851851851853,0.5,0.91,0.75,0.6,0.1722723404974153
2,TVAE,5.csv,synthetic,rfc,1.0,614,43000,1.8390537707281156,0.3605790564940062,0.0723471542272141,0.7922077922077922,0.8688888888888889,0.6111111111111112,0.89,0.75,0.673469387755102,0.14859620108555388
2,TVAE,5.csv,synthetic,mlp,2.0,1228,43000,1.8390537707281156,0.3605790564940062,0.0723471542272141,0.7792207792207793,0.8635185185185185,0.6851851851851852,0.83,0.6851851851851852,0.6851851851851852,0.14512326538894252
2,TVAE,5.csv,synthetic,rfc,2.0,1228,43000,1.8390537707281156,0.3605790564940062,0.0723471542272141,0.8051948051948052,0.887962962962963,0.6851851851851852,0.87,0.74,0.7115384615384616,0.1350962231958825
2,TVAE,5.csv,synthetic,mlp,3.0,1842,43000,1.8390537707281156,0.3605790564940062,0.0723471542272141,0.7727272727272727,0.8624074074074074,0.6481481481481481,0.84,0.6862745098039216,0.6666666666666666,0.16053066026833035
2,TVAE,5.csv,synthetic,rfc,3.0,1842,43000,1.8390537707281156,0.3605790564940062,0.0723471542272141,0.7662337662337663,0.8746296296296295,0.6111111111111112,0.85,0.6875,0.6470588235294118,0.14854261134971966
2,TVAE,6.csv,synthetic,mlp,1.0,614,43000,1.9270070671423252,0.3667510798230117,0.0842664935358338,0.7792207792207793,0.8579629629629629,0.6666666666666666,0.84,0.6923076923076923,0.6792452830188679,0.14746238939269882
2,TVAE,6.csv,synthetic,rfc,1.0,614,43000,1.9270070671423252,0.3667510798230117,0.0842664935358338,0.7792207792207793,0.8779629629629631,0.6481481481481481,0.85,0.7,0.6730769230769231,0.13920243777401387
2,TVAE,6.csv,synthetic,mlp,2.0,1228,43000,1.9270070671423252,0.3667510798230117,0.0842664935358338,0.7792207792207793,0.8622222222222222,0.6851851851851852,0.83,0.6851851851851852,0.6851851851851852,0.14751519148771725
2,TVAE,6.csv,synthetic,rfc,2.0,1228,43000,1.9270070671423252,0.3667510798230117,0.0842664935358338,0.7922077922077922,0.877962962962963,0.6296296296296297,0.88,0.7391304347826086,0.68,0.1428005906127091
2,TVAE,6.csv,synthetic,mlp,3.0,1842,43000,1.9270070671423252,0.3667510798230117,0.0842664935358338,0.7727272727272727,0.8753703703703704,0.5185185185185185,0.91,0.7567567567567568,0.6153846153846154,0.15814757642680655
2,TVAE,6.csv,synthetic,rfc,3.0,1842,43000,1.9270070671423252,0.3667510798230117,0.0842664935358338,0.7727272727272727,0.8772222222222221,0.5370370370370371,0.9,0.7435897435897436,0.6236559139784946,0.1538197985094711
2,TVAE,7.csv,synthetic,mlp,1.0,614,43000,1.4099831321688443,0.3589528736908755,0.0791715092101662,0.7727272727272727,0.8683333333333333,0.5555555555555556,0.89,0.7317073170731707,0.631578947368421,0.15067587843521413
2,TVAE,7.csv,synthetic,rfc,1.0,614,43000,1.4099831321688443,0.3589528736908755,0.0791715092101662,0.7727272727272727,0.8701851851851852,0.5555555555555556,0.89,0.7317073170731707,0.631578947368421,0.15729444297097148
2,TVAE,7.csv,synthetic,mlp,2.0,1228,43000,1.4099831321688443,0.3589528736908755,0.0791715092101662,0.7727272727272727,0.8666666666666667,0.5185185185185185,0.91,0.7567567567567568,0.6153846153846154,0.14721279334928494
2,TVAE,7.csv,synthetic,rfc,2.0,1228,43000,1.4099831321688443,0.3589528736908755,0.0791715092101662,0.7792207792207793,0.8863888888888888,0.5370370370370371,0.91,0.7631578947368421,0.6304347826086957,0.14810037302026993
2,TVAE,7.csv,synthetic,mlp,3.0,1842,43000,1.4099831321688443,0.3589528736908755,0.0791715092101662,0.7922077922077922,0.872037037037037,0.6111111111111112,0.89,0.75,0.673469387755102,0.16100227694956531
2,TVAE,7.csv,synthetic,rfc,3.0,1842,43000,1.4099831321688443,0.3589528736908755,0.0791715092101662,0.7662337662337663,0.8696296296296296,0.5370370370370371,0.89,0.725,0.6170212765957447,0.15181344332016716
2,TVAE,8.csv,synthetic,mlp,1.0,614,43000,1.6374117505204075,0.3627858818441037,0.0620549818268783,0.8051948051948052,0.8766666666666666,0.6296296296296297,0.9,0.7727272727272727,0.6938775510204082,0.14626896492082422
2,TVAE,8.csv,synthetic,rfc,1.0,614,43000,1.6374117505204075,0.3627858818441037,0.0620549818268783,0.8181818181818182,0.897037037037037,0.6481481481481481,0.91,0.7954545454545454,0.7142857142857143,0.13286924331770797
2,TVAE,8.csv,synthetic,mlp,2.0,1228,43000,1.6374117505204075,0.3627858818441037,0.0620549818268783,0.7987012987012987,0.8701851851851852,0.7037037037037037,0.85,0.7169811320754716,0.7102803738317757,0.14219510401346222
2,TVAE,8.csv,synthetic,rfc,2.0,1228,43000,1.6374117505204075,0.3627858818441037,0.0620549818268783,0.7922077922077922,0.8868518518518519,0.6296296296296297,0.88,0.7391304347826086,0.68,0.13794544413340576
2,TVAE,8.csv,synthetic,mlp,3.0,1842,43000,1.6374117505204075,0.3627858818441037,0.0620549818268783,0.7922077922077922,0.8677777777777778,0.7222222222222222,0.83,0.6964285714285714,0.7090909090909091,0.14342702907176966
2,TVAE,8.csv,synthetic,rfc,3.0,1842,43000,1.6374117505204075,0.3627858818441037,0.0620549818268783,0.7857142857142857,0.8753703703703704,0.6481481481481481,0.86,0.7142857142857143,0.6796116504854369,0.14056621252655796
2,TVAE,9.csv,synthetic,mlp,1.0,614,43000,1.203261380959116,0.3618238223090409,0.0941574251180083,0.7662337662337663,0.8607407407407407,0.5370370370370371,0.89,0.725,0.6170212765957447,0.15724669915038622
2,TVAE,9.csv,synthetic,rfc,1.0,614,43000,1.203261380959116,0.3618238223090409,0.0941574251180083,0.7857142857142857,0.840925925925926,0.5925925925925926,0.89,0.7441860465116279,0.6597938144329897,0.16257972206222107
2,TVAE,9.csv,synthetic,mlp,2.0,1228,43000,1.203261380959116,0.3618238223090409,0.0941574251180083,0.8051948051948052,0.8729629629629629,0.6296296296296297,0.9,0.7727272727272727,0.6938775510204082,0.15663585372245808
2,TVAE,9.csv,synthetic,rfc,2.0,1228,43000,1.203261380959116,0.3618238223090409,0.0941574251180083,0.7922077922077922,0.8651851851851853,0.5555555555555556,0.92,0.7894736842105263,0.6521739130434783,0.15702086813771624
2,TVAE,9.csv,synthetic,mlp,3.0,1842,43000,1.203261380959116,0.3618238223090409,0.0941574251180083,0.7987012987012987,0.8659259259259259,0.6296296296296297,0.89,0.7555555555555555,0.6868686868686869,0.1484770746343697
2,TVAE,9.csv,synthetic,rfc,3.0,1842,43000,1.203261380959116,0.3618238223090409,0.0941574251180083,0.7922077922077922,0.8709259259259259,0.6111111111111112,0.89,0.75,0.673469387755102,0.1459283587337636
2,TVAE,10.csv,synthetic,mlp,1.0,614,43000,1.138215641585382,0.3535153503257018,0.0915665784884392,0.7857142857142857,0.8651851851851852,0.6296296296296297,0.87,0.723404255319149,0.6732673267326733,0.145526853451797
2,TVAE,10.csv,synthetic,rfc,1.0,614,43000,1.138215641585382,0.3535153503257018,0.0915665784884392,0.8051948051948052,0.8618518518518519,0.6296296296296297,0.9,0.7727272727272727,0.6938775510204082,0.15112799557219322
2,TVAE,10.csv,synthetic,mlp,2.0,1228,43000,1.138215641585382,0.3535153503257018,0.0915665784884392,0.7922077922077922,0.8724074074074074,0.6296296296296297,0.88,0.7391304347826086,0.68,0.14256076881635915
2,TVAE,10.csv,synthetic,rfc,2.0,1228,43000,1.138215641585382,0.3535153503257018,0.0915665784884392,0.7987012987012987,0.8769444444444444,0.6481481481481481,0.88,0.7446808510638298,0.693069306930693,0.14313177359454532
2,TVAE,10.csv,synthetic,mlp,3.0,1842,43000,1.138215641585382,0.3535153503257018,0.0915665784884392,0.7597402597402597,0.8696296296296296,0.6111111111111112,0.84,0.673469387755102,0.6407766990291263,0.1418200727498176
2,TVAE,10.csv,synthetic,rfc,3.0,1842,43000,1.138215641585382,0.3535153503257018,0.0915665784884392,0.7987012987012987,0.8742592592592593,0.6296296296296297,0.89,0.7555555555555555,0.6868686868686869,0.14825311047565673
2,TVAE,11.csv,synthetic,mlp,1.0,614,43000,1.2440584300124222,0.3582326945579384,0.0816525239386632,0.7792207792207793,0.875,0.6296296296296297,0.86,0.7083333333333334,0.6666666666666666,0.1454514589442814
2,TVAE,11.csv,synthetic,rfc,1.0,614,43000,1.2440584300124222,0.3582326945579384,0.0816525239386632,0.7922077922077922,0.8777777777777778,0.6111111111111112,0.89,0.75,0.673469387755102,0.1442742738219476
2,TVAE,11.csv,synthetic,mlp,2.0,1228,43000,1.2440584300124222,0.3582326945579384,0.0816525239386632,0.7987012987012987,0.8748148148148148,0.6481481481481481,0.88,0.7446808510638298,0.693069306930693,0.15318405123294487
2,TVAE,11.csv,synthetic,rfc,2.0,1228,43000,1.2440584300124222,0.3582326945579384,0.0816525239386632,0.7727272727272727,0.8629629629629629,0.5555555555555556,0.89,0.7317073170731707,0.631578947368421,0.15286301466220656
2,TVAE,11.csv,synthetic,mlp,3.0,1842,43000,1.2440584300124222,0.3582326945579384,0.0816525239386632,0.7987012987012987,0.8683333333333334,0.6296296296296297,0.89,0.7555555555555555,0.6868686868686869,0.1481588052789929
2,TVAE,11.csv,synthetic,rfc,3.0,1842,43000,1.2440584300124222,0.3582326945579384,0.0816525239386632,0.7792207792207793,0.8653703703703703,0.6296296296296297,0.86,0.7083333333333334,0.6666666666666666,0.14956033348810183
2,TVAE,12.csv,synthetic,mlp,1.0,614,43000,1.1901919446984224,0.3548170625911366,0.0735397691692656,0.7792207792207793,0.8692592592592593,0.5370370370370371,0.91,0.7631578947368421,0.6304347826086957,0.15131635039122063
2,TVAE,12.csv,synthetic,rfc,1.0,614,43000,1.1901919446984224,0.3548170625911366,0.0735397691692656,0.7792207792207793,0.8637037037037036,0.5185185185185185,0.92,0.7777777777777778,0.6222222222222222,0.1570228427725332
2,TVAE,12.csv,synthetic,mlp,2.0,1228,43000,1.1901919446984224,0.3548170625911366,0.0735397691692656,0.7922077922077922,0.8683333333333333,0.6481481481481481,0.87,0.7291666666666666,0.6862745098039216,0.1426177052502555
2,TVAE,12.csv,synthetic,rfc,2.0,1228,43000,1.1901919446984224,0.3548170625911366,0.0735397691692656,0.8116883116883117,0.9055555555555554,0.6296296296296297,0.91,0.7906976744186046,0.7010309278350515,0.13228535503403202
2,TVAE,12.csv,synthetic,mlp,3.0,1842,43000,1.1901919446984224,0.3548170625911366,0.0735397691692656,0.7662337662337663,0.877962962962963,0.6296296296296297,0.84,0.68,0.6538461538461539,0.14884350907896945
2,TVAE,12.csv,synthetic,rfc,3.0,1842,43000,1.1901919446984224,0.3548170625911366,0.0735397691692656,0.7987012987012987,0.8787037037037037,0.6111111111111112,0.9,0.7674418604651163,0.6804123711340206,0.14337700685603638
2,TVAE,13.csv,synthetic,mlp,1.0,614,43000,1.2552915323408356,0.3567261755103907,0.099582543193472,0.7922077922077922,0.8809259259259259,0.6851851851851852,0.85,0.7115384615384616,0.6981132075471698,0.14049384500357268
2,TVAE,13.csv,synthetic,rfc,1.0,614,43000,1.2552915323408356,0.3567261755103907,0.099582543193472,0.7922077922077922,0.8796296296296297,0.5925925925925926,0.9,0.7619047619047619,0.6666666666666666,0.1448204126934023
2,TVAE,13.csv,synthetic,mlp,2.0,1228,43000,1.2552915323408356,0.3567261755103907,0.099582543193472,0.7467532467532467,0.8755555555555555,0.37037037037037035,0.95,0.8,0.5063291139240507,0.1708491129654393
2,TVAE,13.csv,synthetic,rfc,2.0,1228,43000,1.2552915323408356,0.3567261755103907,0.099582543193472,0.7792207792207793,0.8792592592592593,0.6111111111111112,0.87,0.717391304347826,0.66,0.14540238944003528
2,TVAE,13.csv,synthetic,mlp,3.0,1842,43000,1.2552915323408356,0.3567261755103907,0.099582543193472,0.7727272727272727,0.8675925925925926,0.6666666666666666,0.83,0.6792452830188679,0.6728971962616822,0.15992742454871386
2,TVAE,13.csv,synthetic,rfc,3.0,1842,43000,1.2552915323408356,0.3567261755103907,0.099582543193472,0.7857142857142857,0.8790740740740741,0.6481481481481481,0.86,0.7142857142857143,0.6796116504854369,0.14184553221276788
2,TVAE,14.csv,synthetic,mlp,1.0,614,43000,1.0974285955663583,0.3511543258669533,0.0861738538312281,0.7922077922077922,0.8772222222222222,0.6296296296296297,0.88,0.7391304347826086,0.68,0.14791994788551144
2,TVAE,14.csv,synthetic,rfc,1.0,614,43000,1.0974285955663583,0.3511543258669533,0.0861738538312281,0.7727272727272727,0.8425925925925926,0.5925925925925926,0.87,0.7111111111111111,0.6464646464646465,0.1608982369080582
2,TVAE,14.csv,synthetic,mlp,2.0,1228,43000,1.0974285955663583,0.3511543258669533,0.0861738538312281,0.7792207792207793,0.8816666666666666,0.5185185185185185,0.92,0.7777777777777778,0.6222222222222222,0.15636604533450066
2,TVAE,14.csv,synthetic,rfc,2.0,1228,43000,1.0974285955663583,0.3511543258669533,0.0861738538312281,0.7922077922077922,0.8683333333333333,0.5740740740740741,0.91,0.775,0.6595744680851063,0.14705047868300758
2,TVAE,14.csv,synthetic,mlp,3.0,1842,43000,1.0974285955663583,0.3511543258669533,0.0861738538312281,0.7922077922077922,0.8766666666666667,0.6111111111111112,0.89,0.75,0.673469387755102,0.1616496915862182
2,TVAE,14.csv,synthetic,rfc,3.0,1842,43000,1.0974285955663583,0.3511543258669533,0.0861738538312281,0.7857142857142857,0.8564814814814814,0.5740740740740741,0.9,0.7560975609756098,0.6526315789473685,0.15659183713974556
2,TVAE,15.csv,synthetic,lr,1.0,614,43000,1.1342621019963377,0.35019554213263,0.0832854174426373,0.7662337662337663,0.8635185185185185,0.5925925925925926,0.86,0.6956521739130435,0.64,0.16082809959169578
2,TVAE,15.csv,synthetic,mlp,1.0,614,43000,1.1342621019963377,0.35019554213263,0.0832854174426373,0.7792207792207793,0.8749999999999999,0.5370370370370371,0.91,0.7631578947368421,0.6304347826086957,0.1554754898570037
2,TVAE,15.csv,synthetic,xgb,1.0,614,43000,1.1342621019963377,0.35019554213263,0.0832854174426373,0.8051948051948052,0.8887037037037038,0.5925925925925926,0.92,0.8,0.6808510638297872,0.14974072575569153
2,TVAE,15.csv,synthetic,rfc,1.0,614,43000,1.1342621019963377,0.35019554213263,0.0832854174426373,0.7987012987012987,0.885,0.6111111111111112,0.9,0.7674418604651163,0.6804123711340206,0.14000748456445017
2,TVAE,15.csv,synthetic,lr,2.0,1228,43000,1.1342621019963377,0.35019554213263,0.0832854174426373,0.7532467532467533,0.875925925925926,0.5740740740740741,0.85,0.6739130434782609,0.62,0.15632921716294698
2,TVAE,15.csv,synthetic,mlp,2.0,1228,43000,1.1342621019963377,0.35019554213263,0.0832854174426373,0.7792207792207793,0.8825925925925927,0.6481481481481481,0.85,0.7,0.6730769230769231,0.14515097296166837
2,TVAE,15.csv,synthetic,xgb,2.0,1228,43000,1.1342621019963377,0.35019554213263,0.0832854174426373,0.8051948051948052,0.8757407407407407,0.6111111111111112,0.91,0.7857142857142857,0.6875,0.15317335724830627
2,TVAE,15.csv,synthetic,rfc,2.0,1228,43000,1.1342621019963377,0.35019554213263,0.0832854174426373,0.7857142857142857,0.8742592592592593,0.6111111111111112,0.88,0.7333333333333333,0.6666666666666666,0.14437069616659795
2,TVAE,15.csv,synthetic,lr,3.0,1842,43000,1.1342621019963377,0.35019554213263,0.0832854174426373,0.7597402597402597,0.872037037037037,0.5740740740740741,0.86,0.6888888888888889,0.6262626262626263,0.16001854477536304
2,TVAE,15.csv,synthetic,mlp,3.0,1842,43000,1.1342621019963377,0.35019554213263,0.0832854174426373,0.7727272727272727,0.8755555555555554,0.6111111111111112,0.86,0.7021276595744681,0.6534653465346535,0.14488976086226132
2,TVAE,15.csv,synthetic,xgb,3.0,1842,43000,1.1342621019963377,0.35019554213263,0.0832854174426373,0.7922077922077922,0.8690740740740741,0.6111111111111112,0.89,0.75,0.673469387755102,0.16401250660419464
2,TVAE,15.csv,synthetic,rfc,3.0,1842,43000,1.1342621019963377,0.35019554213263,0.0832854174426373,0.7857142857142857,0.8770370370370371,0.5925925925925926,0.89,0.7441860465116279,0.6597938144329897,0.14736772877623722
2,TVAE,16.csv,synthetic,lr,1.0,614,43000,1.0467914369934088,0.3528000554068189,0.0981865064045118,0.7597402597402597,0.8622222222222222,0.5555555555555556,0.87,0.6976744186046512,0.6185567010309279,0.16623559364456894
2,TVAE,16.csv,synthetic,mlp,1.0,614,43000,1.0467914369934088,0.3528000554068189,0.0981865064045118,0.7727272727272727,0.8738888888888889,0.6296296296296297,0.85,0.6938775510204082,0.6601941747572816,0.14085263199305761
2,TVAE,16.csv,synthetic,xgb,1.0,614,43000,1.0467914369934088,0.3528000554068189,0.0981865064045118,0.7922077922077922,0.8722222222222222,0.6666666666666666,0.86,0.72,0.6923076923076923,0.1498766988515854
2,TVAE,16.csv,synthetic,rfc,1.0,614,43000,1.0467914369934088,0.3528000554068189,0.0981865064045118,0.7727272727272727,0.8696296296296296,0.5740740740740741,0.88,0.7209302325581395,0.6391752577319587,0.14373812012063392
2,TVAE,16.csv,synthetic,lr,2.0,1228,43000,1.0467914369934088,0.3528000554068189,0.0981865064045118,0.7532467532467533,0.8698148148148148,0.6111111111111112,0.83,0.66,0.6346153846153846,0.15739647114988659
2,TVAE,16.csv,synthetic,mlp,2.0,1228,43000,1.0467914369934088,0.3528000554068189,0.0981865064045118,0.8051948051948052,0.8718518518518518,0.7222222222222222,0.85,0.7222222222222222,0.7222222222222222,0.14257501312251455
2,TVAE,16.csv,synthetic,xgb,2.0,1228,43000,1.0467914369934088,0.3528000554068189,0.0981865064045118,0.7987012987012987,0.885,0.6481481481481481,0.88,0.7446808510638298,0.693069306930693,0.1463424116373062
2,TVAE,16.csv,synthetic,rfc,2.0,1228,43000,1.0467914369934088,0.3528000554068189,0.0981865064045118,0.7987012987012987,0.8835185185185186,0.6296296296296297,0.89,0.7555555555555555,0.6868686868686869,0.1402708459985801
2,TVAE,16.csv,synthetic,lr,3.0,1842,43000,1.0467914369934088,0.3528000554068189,0.0981865064045118,0.7727272727272727,0.8566666666666667,0.5740740740740741,0.88,0.7209302325581395,0.6391752577319587,0.17031272847351628
2,TVAE,16.csv,synthetic,mlp,3.0,1842,43000,1.0467914369934088,0.3528000554068189,0.0981865064045118,0.7597402597402597,0.8712962962962962,0.6296296296296297,0.83,0.6666666666666666,0.6476190476190476,0.14555666726229927
2,TVAE,16.csv,synthetic,xgb,3.0,1842,43000,1.0467914369934088,0.3528000554068189,0.0981865064045118,0.7857142857142857,0.867037037037037,0.5740740740740741,0.9,0.7560975609756098,0.6526315789473685,0.1612187623977661
2,TVAE,16.csv,synthetic,rfc,3.0,1842,43000,1.0467914369934088,0.3528000554068189,0.0981865064045118,0.7922077922077922,0.8685185185185185,0.5555555555555556,0.92,0.7894736842105263,0.6521739130434783,0.14893050323741186
2,TVAE,17.csv,synthetic,lr,1.0,614,43000,0.9748299982891668,0.3564846342244856,0.0821315845219249,0.7662337662337663,0.8707407407407407,0.5925925925925926,0.86,0.6956521739130435,0.64,0.15752427800869445
2,TVAE,17.csv,synthetic,mlp,1.0,614,43000,0.9748299982891668,0.3564846342244856,0.0821315845219249,0.7857142857142857,0.8766666666666667,0.6296296296296297,0.87,0.723404255319149,0.6732673267326733,0.13979365965921534
2,TVAE,17.csv,synthetic,xgb,1.0,614,43000,0.9748299982891668,0.3564846342244856,0.0821315845219249,0.7857142857142857,0.8729629629629629,0.5925925925925926,0.89,0.7441860465116279,0.6597938144329897,0.15906734764575958
2,TVAE,17.csv,synthetic,rfc,1.0,614,43000,0.9748299982891668,0.3564846342244856,0.0821315845219249,0.7792207792207793,0.8766666666666667,0.5555555555555556,0.9,0.75,0.6382978723404256,0.14702473329461566
2,TVAE,17.csv,synthetic,lr,2.0,1228,43000,0.9748299982891668,0.3564846342244856,0.0821315845219249,0.7662337662337663,0.8751851851851853,0.5925925925925926,0.86,0.6956521739130435,0.64,0.15047651620467506
2,TVAE,17.csv,synthetic,mlp,2.0,1228,43000,0.9748299982891668,0.3564846342244856,0.0821315845219249,0.7987012987012987,0.883888888888889,0.7037037037037037,0.85,0.7169811320754716,0.7102803738317757,0.1353878077390722
2,TVAE,17.csv,synthetic,xgb,2.0,1228,43000,0.9748299982891668,0.3564846342244856,0.0821315845219249,0.7857142857142857,0.902962962962963,0.6481481481481481,0.86,0.7142857142857143,0.6796116504854369,0.13900598883628845
2,TVAE,17.csv,synthetic,rfc,2.0,1228,43000,0.9748299982891668,0.3564846342244856,0.0821315845219249,0.8051948051948052,0.8918518518518518,0.6481481481481481,0.89,0.7608695652173914,0.7,0.13651460281964345
2,TVAE,17.csv,synthetic,lr,3.0,1842,43000,0.9748299982891668,0.3564846342244856,0.0821315845219249,0.7792207792207793,0.8625925925925926,0.5925925925925926,0.88,0.7272727272727273,0.6530612244897959,0.16253473743960992
2,TVAE,17.csv,synthetic,mlp,3.0,1842,43000,0.9748299982891668,0.3564846342244856,0.0821315845219249,0.7662337662337663,0.8735185185185186,0.5925925925925926,0.86,0.6956521739130435,0.64,0.1490324763899967
2,TVAE,17.csv,synthetic,xgb,3.0,1842,43000,0.9748299982891668,0.3564846342244856,0.0821315845219249,0.7987012987012987,0.8798148148148148,0.6296296296296297,0.89,0.7555555555555555,0.6868686868686869,0.15040422976016998
2,TVAE,17.csv,synthetic,rfc,3.0,1842,43000,0.9748299982891668,0.3564846342244856,0.0821315845219249,0.7987012987012987,0.8833333333333334,0.6296296296296297,0.89,0.7555555555555555,0.6868686868686869,0.1382531518887347
2,TVAE,18.csv,synthetic,lr,1.0,614,43000,1.214396320149881,0.3593111278443996,0.094035211337426,0.7532467532467533,0.8492592592592592,0.5740740740740741,0.85,0.6739130434782609,0.62,0.17743474315884236
2,TVAE,18.csv,synthetic,mlp,1.0,614,43000,1.214396320149881,0.3593111278443996,0.094035211337426,0.7597402597402597,0.8672222222222222,0.48148148148148145,0.91,0.7428571428571429,0.5842696629213483,0.15933338444224196
2,TVAE,18.csv,synthetic,xgb,1.0,614,43000,1.214396320149881,0.3593111278443996,0.094035211337426,0.7792207792207793,0.8466666666666667,0.5740740740740741,0.89,0.7380952380952381,0.6458333333333334,0.18111972510814667
2,TVAE,18.csv,synthetic,rfc,1.0,614,43000,1.214396320149881,0.3593111278443996,0.094035211337426,0.7857142857142857,0.8455555555555556,0.5740740740740741,0.9,0.7560975609756098,0.6526315789473685,0.16081435063042995
2,TVAE,18.csv,synthetic,lr,2.0,1228,43000,1.214396320149881,0.3593111278443996,0.094035211337426,0.7532467532467533,0.8592592592592593,0.5925925925925926,0.84,0.6666666666666666,0.6274509803921569,0.16535439344263245
2,TVAE,18.csv,synthetic,mlp,2.0,1228,43000,1.214396320149881,0.3593111278443996,0.094035211337426,0.7727272727272727,0.8624074074074074,0.6296296296296297,0.85,0.6938775510204082,0.6601941747572816,0.14697362881788797
2,TVAE,18.csv,synthetic,xgb,2.0,1228,43000,1.214396320149881,0.3593111278443996,0.094035211337426,0.7857142857142857,0.875,0.6111111111111112,0.88,0.7333333333333333,0.6666666666666666,0.1627800613641739
2,TVAE,18.csv,synthetic,rfc,2.0,1228,43000,1.214396320149881,0.3593111278443996,0.094035211337426,0.7857142857142857,0.8701851851851852,0.6111111111111112,0.88,0.7333333333333333,0.6666666666666666,0.1487390393459723
2,TVAE,18.csv,synthetic,lr,3.0,1842,43000,1.214396320149881,0.3593111278443996,0.094035211337426,0.7532467532467533,0.8592592592592593,0.5925925925925926,0.84,0.6666666666666666,0.6274509803921569,0.16772478801853044
2,TVAE,18.csv,synthetic,mlp,3.0,1842,43000,1.214396320149881,0.3593111278443996,0.094035211337426,0.7662337662337663,0.8683333333333334,0.5925925925925926,0.86,0.6956521739130435,0.64,0.16634973589530405
2,TVAE,18.csv,synthetic,xgb,3.0,1842,43000,1.214396320149881,0.3593111278443996,0.094035211337426,0.7857142857142857,0.8764814814814815,0.5925925925925926,0.89,0.7441860465116279,0.6597938144329897,0.16024315357208252
2,TVAE,18.csv,synthetic,rfc,3.0,1842,43000,1.214396320149881,0.3593111278443996,0.094035211337426,0.7467532467532467,0.87,0.5555555555555556,0.85,0.6666666666666666,0.6060606060606061,0.14944241785165693
2,TVAE,19.csv,synthetic,lr,1.0,614,43000,1.3466853655070627,0.3587242753116215,0.0860264684620612,0.7467532467532467,0.8448148148148148,0.5740740740740741,0.84,0.6595744680851063,0.6138613861386139,0.1753947900389752
2,TVAE,19.csv,synthetic,mlp,1.0,614,43000,1.3466853655070627,0.3587242753116215,0.0860264684620612,0.7987012987012987,0.8755555555555555,0.5740740740740741,0.92,0.7948717948717948,0.6666666666666666,0.15611549358922155
2,TVAE,19.csv,synthetic,xgb,1.0,614,43000,1.3466853655070627,0.3587242753116215,0.0860264684620612,0.7922077922077922,0.8461111111111111,0.5925925925925926,0.9,0.7619047619047619,0.6666666666666666,0.16662465035915375
2,TVAE,19.csv,synthetic,rfc,1.0,614,43000,1.3466853655070627,0.3587242753116215,0.0860264684620612,0.7987012987012987,0.8553703703703703,0.5925925925925926,0.91,0.7804878048780488,0.6736842105263158,0.15117672297152976
2,TVAE,19.csv,synthetic,lr,2.0,1228,43000,1.3466853655070627,0.3587242753116215,0.0860264684620612,0.7727272727272727,0.8535185185185185,0.6111111111111112,0.86,0.7021276595744681,0.6534653465346535,0.16934976109207872
2,TVAE,19.csv,synthetic,mlp,2.0,1228,43000,1.3466853655070627,0.3587242753116215,0.0860264684620612,0.7792207792207793,0.8583333333333333,0.6296296296296297,0.86,0.7083333333333334,0.6666666666666666,0.1663637228948366
2,TVAE,19.csv,synthetic,xgb,2.0,1228,43000,1.3466853655070627,0.3587242753116215,0.0860264684620612,0.7792207792207793,0.8475925925925926,0.5555555555555556,0.9,0.75,0.6382978723404256,0.17252428829669952
2,TVAE,19.csv,synthetic,rfc,2.0,1228,43000,1.3466853655070627,0.3587242753116215,0.0860264684620612,0.7922077922077922,0.8559259259259259,0.6111111111111112,0.89,0.75,0.673469387755102,0.15638149594838388
2,TVAE,19.csv,synthetic,lr,3.0,1842,43000,1.3466853655070627,0.3587242753116215,0.0860264684620612,0.7467532467532467,0.8477777777777777,0.5740740740740741,0.84,0.6595744680851063,0.6138613861386139,0.1780405666652125
2,TVAE,19.csv,synthetic,mlp,3.0,1842,43000,1.3466853655070627,0.3587242753116215,0.0860264684620612,0.7922077922077922,0.8633333333333334,0.6111111111111112,0.89,0.75,0.673469387755102,0.14876188707268795
2,TVAE,19.csv,synthetic,xgb,3.0,1842,43000,1.3466853655070627,0.3587242753116215,0.0860264684620612,0.7987012987012987,0.8679629629629629,0.6296296296296297,0.89,0.7555555555555555,0.6868686868686869,0.1605909764766693
2,TVAE,19.csv,synthetic,rfc,3.0,1842,43000,1.3466853655070627,0.3587242753116215,0.0860264684620612,0.7987012987012987,0.8616666666666667,0.6296296296296297,0.89,0.7555555555555555,0.6868686868686869,0.15324355422602998
2,COPULA,0.csv,synthetic,mlp,1.0,614,12900,1.2763156094825592,0.348686717097268,0.1007221085819151,0.7207792207792207,0.8625925925925926,0.24074074074074073,0.98,0.8666666666666667,0.37681159420289856,0.18923788284271584
2,COPULA,0.csv,synthetic,rfc,1.0,614,12900,1.2763156094825592,0.348686717097268,0.1007221085819151,0.6948051948051948,0.7614814814814814,0.24074074074074073,0.94,0.6842105263157895,0.3561643835616438,0.19658266985081518
2,COPULA,0.csv,synthetic,mlp,2.0,1228,12900,1.2763156094825592,0.348686717097268,0.1007221085819151,0.7207792207792207,0.8457407407407408,0.3888888888888889,0.9,0.6774193548387096,0.49411764705882355,0.1857345741578447
2,COPULA,0.csv,synthetic,rfc,2.0,1228,12900,1.2763156094825592,0.348686717097268,0.1007221085819151,0.7142857142857143,0.7929629629629631,0.4074074074074074,0.88,0.6470588235294118,0.5,0.1831790179065313
2,COPULA,0.csv,synthetic,mlp,3.0,1842,12900,1.2763156094825592,0.348686717097268,0.1007221085819151,0.7207792207792207,0.8324074074074074,0.4444444444444444,0.87,0.6486486486486487,0.5274725274725275,0.1912774753091408
2,COPULA,0.csv,synthetic,rfc,3.0,1842,12900,1.2763156094825592,0.348686717097268,0.1007221085819151,0.6753246753246753,0.7606481481481482,0.35185185185185186,0.85,0.5588235294117647,0.4318181818181818,0.20451475435912916
2,COPULA,1.csv,synthetic,mlp,1.0,614,12900,1.410508570879684,0.3578294303403364,0.082865190346018,0.7532467532467533,0.8531481481481482,0.48148148148148145,0.9,0.7222222222222222,0.5777777777777777,0.1545069448344415
2,COPULA,1.csv,synthetic,rfc,1.0,614,12900,1.410508570879684,0.3578294303403364,0.082865190346018,0.7077922077922078,0.8122222222222222,0.48148148148148145,0.83,0.6046511627906976,0.5360824742268041,0.1682615919789693
2,COPULA,1.csv,synthetic,mlp,2.0,1228,12900,1.410508570879684,0.3578294303403364,0.082865190346018,0.7402597402597403,0.8461111111111111,0.5185185185185185,0.86,0.6666666666666666,0.5833333333333334,0.1573941829716654
2,COPULA,1.csv,synthetic,rfc,2.0,1228,12900,1.410508570879684,0.3578294303403364,0.082865190346018,0.7532467532467533,0.8427777777777778,0.5185185185185185,0.88,0.7,0.5957446808510638,0.15857996996691892
2,COPULA,1.csv,synthetic,mlp,3.0,1842,12900,1.410508570879684,0.3578294303403364,0.082865190346018,0.7467532467532467,0.8512962962962963,0.5555555555555556,0.85,0.6666666666666666,0.6060606060606061,0.1540987186566333
2,COPULA,1.csv,synthetic,rfc,3.0,1842,12900,1.410508570879684,0.3578294303403364,0.082865190346018,0.7597402597402597,0.8272222222222223,0.6296296296296297,0.83,0.6666666666666666,0.6476190476190476,0.16337744663018974
2,COPULA,2.csv,synthetic,mlp,1.0,614,12900,0.8130512331112659,0.3581783513403758,0.0847690024339947,0.6493506493506493,0.6927777777777777,0.0,1.0,0.0,0.0,0.21643680039705404
2,COPULA,2.csv,synthetic,rfc,1.0,614,12900,0.8130512331112659,0.3581783513403758,0.0847690024339947,0.6363636363636364,0.7441666666666666,0.0,0.98,0.0,0.0,0.19763618760240687
2,COPULA,2.csv,synthetic,mlp,2.0,1228,12900,0.8130512331112659,0.3581783513403758,0.0847690024339947,0.6493506493506493,0.8144444444444444,0.2037037037037037,0.89,0.5,0.2894736842105263,0.1864473124338314
2,COPULA,2.csv,synthetic,rfc,2.0,1228,12900,0.8130512331112659,0.3581783513403758,0.0847690024339947,0.7467532467532467,0.832962962962963,0.5740740740740741,0.84,0.6595744680851063,0.6138613861386139,0.17116359602360665
2,COPULA,2.csv,synthetic,mlp,3.0,1842,12900,0.8130512331112659,0.3581783513403758,0.0847690024339947,0.6428571428571429,0.8159259259259259,0.12962962962962962,0.92,0.4666666666666667,0.2028985507246377,0.1905283316988504
2,COPULA,2.csv,synthetic,rfc,3.0,1842,12900,0.8130512331112659,0.3581783513403758,0.0847690024339947,0.6753246753246753,0.8001851851851852,0.2222222222222222,0.92,0.6,0.32432432432432434,0.18985819078438257
2,COPULA,3.csv,synthetic,mlp,1.0,614,12900,1.3482669488014385,0.3873566923724152,0.0681331566422582,0.6168831168831169,0.677037037037037,0.3888888888888889,0.74,0.44680851063829785,0.4158415841584158,0.22479225909106362
2,COPULA,3.csv,synthetic,rfc,1.0,614,12900,1.3482669488014385,0.3873566923724152,0.0681331566422582,0.5974025974025974,0.5898148148148148,0.4074074074074074,0.7,0.4230769230769231,0.41509433962264153,0.23453787683809824
2,COPULA,3.csv,synthetic,mlp,2.0,1228,12900,1.3482669488014385,0.3873566923724152,0.0681331566422582,0.6428571428571429,0.4340740740740741,0.0,0.99,0.0,0.0,0.23861710534288508
2,COPULA,3.csv,synthetic,rfc,2.0,1228,12900,1.3482669488014385,0.3873566923724152,0.0681331566422582,0.5844155844155844,0.3814814814814815,0.018518518518518517,0.89,0.08333333333333333,0.030303030303030304,0.2491429821699086
2,COPULA,3.csv,synthetic,mlp,3.0,1842,12900,1.3482669488014385,0.3873566923724152,0.0681331566422582,0.564935064935065,0.5737037037037037,0.4074074074074074,0.65,0.38596491228070173,0.3963963963963964,0.23748133839819324
2,COPULA,3.csv,synthetic,rfc,3.0,1842,12900,1.3482669488014385,0.3873566923724152,0.0681331566422582,0.5714285714285714,0.5883333333333333,0.46296296296296297,0.63,0.4032258064516129,0.43103448275862066,0.23617731636921366
2,COPULA,4.csv,synthetic,mlp,1.0,614,43000,0.8090507226398702,0.3555648434287197,0.0644484949522252,0.7987012987012987,0.8592592592592593,0.7962962962962963,0.8,0.6825396825396826,0.7350427350427351,0.1476032401336781
2,COPULA,4.csv,synthetic,rfc,1.0,614,43000,0.8090507226398702,0.3555648434287197,0.0644484949522252,0.7857142857142857,0.8542592592592593,0.7592592592592593,0.8,0.6721311475409836,0.7130434782608696,0.15372829879795363
2,COPULA,4.csv,synthetic,mlp,2.0,1228,43000,0.8090507226398702,0.3555648434287197,0.0644484949522252,0.8181818181818182,0.8683333333333333,0.6666666666666666,0.9,0.782608695652174,0.72,0.146190879683998
2,COPULA,4.csv,synthetic,rfc,2.0,1228,43000,0.8090507226398702,0.3555648434287197,0.0644484949522252,0.7792207792207793,0.8772222222222223,0.6851851851851852,0.83,0.6851851851851852,0.6851851851851852,0.14108648867373094
2,COPULA,4.csv,synthetic,mlp,3.0,1842,43000,0.8090507226398702,0.3555648434287197,0.0644484949522252,0.7987012987012987,0.882962962962963,0.7777777777777778,0.81,0.6885245901639344,0.7304347826086957,0.13719189950171715
2,COPULA,4.csv,synthetic,rfc,3.0,1842,43000,0.8090507226398702,0.3555648434287197,0.0644484949522252,0.7987012987012987,0.8700000000000001,0.7592592592592593,0.82,0.6949152542372882,0.7256637168141593,0.1490899336664139
2,COPULA,5.csv,synthetic,mlp,1.0,614,43000,0.8299400822492463,0.3603613754160659,0.0618840812823429,0.7532467532467533,0.8429629629629629,0.5,0.89,0.7105263157894737,0.5869565217391305,0.16240925854132662
2,COPULA,5.csv,synthetic,rfc,1.0,614,43000,0.8299400822492463,0.3603613754160659,0.0618840812823429,0.7922077922077922,0.8377777777777778,0.5555555555555556,0.92,0.7894736842105263,0.6521739130434783,0.16192827056340967
2,COPULA,5.csv,synthetic,mlp,2.0,1228,43000,0.8299400822492463,0.3603613754160659,0.0618840812823429,0.7597402597402597,0.866111111111111,0.48148148148148145,0.91,0.7428571428571429,0.5842696629213483,0.15297170313028546
2,COPULA,5.csv,synthetic,rfc,2.0,1228,43000,0.8299400822492463,0.3603613754160659,0.0618840812823429,0.7532467532467533,0.8459259259259259,0.48148148148148145,0.9,0.7222222222222222,0.5777777777777777,0.15935751450831123
2,COPULA,5.csv,synthetic,mlp,3.0,1842,43000,0.8299400822492463,0.3603613754160659,0.0618840812823429,0.7922077922077922,0.8827777777777779,0.5,0.95,0.84375,0.627906976744186,0.1452026182145184
2,COPULA,5.csv,synthetic,rfc,3.0,1842,43000,0.8299400822492463,0.3603613754160659,0.0618840812823429,0.7662337662337663,0.8605555555555556,0.46296296296296297,0.93,0.78125,0.5813953488372093,0.15150795066467845
2,COPULA,6.csv,synthetic,mlp,1.0,614,43000,1.3069993645797084,0.3508514758468313,0.0786198137266289,0.7272727272727273,0.8679629629629629,0.2962962962962963,0.96,0.8,0.43243243243243246,0.17114136938573318
2,COPULA,6.csv,synthetic,rfc,1.0,614,43000,1.3069993645797084,0.3508514758468313,0.0786198137266289,0.7012987012987013,0.84,0.3333333333333333,0.9,0.6428571428571429,0.43902439024390244,0.18069982935168413
2,COPULA,6.csv,synthetic,mlp,2.0,1228,43000,1.3069993645797084,0.3508514758468313,0.0786198137266289,0.7597402597402597,0.8703703703703705,0.42592592592592593,0.94,0.7931034482758621,0.5542168674698795,0.17102997529129974
2,COPULA,6.csv,synthetic,rfc,2.0,1228,43000,1.3069993645797084,0.3508514758468313,0.0786198137266289,0.7077922077922078,0.8653703703703703,0.3148148148148148,0.92,0.68,0.43037974683544306,0.16315315689285703
2,COPULA,6.csv,synthetic,mlp,3.0,1842,43000,1.3069993645797084,0.3508514758468313,0.0786198137266289,0.7467532467532467,0.8672222222222222,0.3888888888888889,0.94,0.7777777777777778,0.5185185185185185,0.18408456287674516
2,COPULA,6.csv,synthetic,rfc,3.0,1842,43000,1.3069993645797084,0.3508514758468313,0.0786198137266289,0.7337662337662337,0.8407407407407407,0.35185185185185186,0.94,0.76,0.4810126582278481,0.17908557216152454
2,COPULA,7.csv,synthetic,mlp,1.0,614,43000,1.1811407704610144,0.369479152450194,0.1035616552063581,0.7727272727272727,0.8770370370370371,0.4444444444444444,0.95,0.8275862068965517,0.5783132530120482,0.15255916957357232
2,COPULA,7.csv,synthetic,rfc,1.0,614,43000,1.1811407704610144,0.369479152450194,0.1035616552063581,0.7077922077922078,0.77,0.4074074074074074,0.87,0.6285714285714286,0.4943820224719101,0.18265181523162566
2,COPULA,7.csv,synthetic,mlp,2.0,1228,43000,1.1811407704610144,0.369479152450194,0.1035616552063581,0.7597402597402597,0.8224074074074075,0.7777777777777778,0.75,0.6268656716417911,0.6942148760330579,0.17723301358528096
2,COPULA,7.csv,synthetic,rfc,2.0,1228,43000,1.1811407704610144,0.369479152450194,0.1035616552063581,0.7272727272727273,0.7861111111111111,0.5555555555555556,0.82,0.625,0.5882352941176471,0.17515687494393953
2,COPULA,7.csv,synthetic,mlp,3.0,1842,43000,1.1811407704610144,0.369479152450194,0.1035616552063581,0.7792207792207793,0.8494444444444444,0.6666666666666666,0.84,0.6923076923076923,0.6792452830188679,0.15445523395304048
2,COPULA,7.csv,synthetic,rfc,3.0,1842,43000,1.1811407704610144,0.369479152450194,0.1035616552063581,0.7077922077922078,0.7855555555555556,0.37037037037037035,0.89,0.6451612903225806,0.47058823529411764,0.1779676742615203
2,COPULA,8.csv,synthetic,mlp,1.0,614,43000,0.9863198493617468,0.3690876193444487,0.0712029253229176,0.7402597402597403,0.8937037037037037,0.35185185185185186,0.95,0.7916666666666666,0.48717948717948717,0.15900927887690625
2,COPULA,8.csv,synthetic,rfc,1.0,614,43000,0.9863198493617468,0.3690876193444487,0.0712029253229176,0.7532467532467533,0.8572222222222222,0.42592592592592593,0.93,0.7666666666666667,0.5476190476190477,0.15442788476140065
2,COPULA,8.csv,synthetic,mlp,2.0,1228,43000,0.9863198493617468,0.3690876193444487,0.0712029253229176,0.7532467532467533,0.8768518518518519,0.4444444444444444,0.92,0.75,0.5581395348837209,0.15859226269332538
2,COPULA,8.csv,synthetic,rfc,2.0,1228,43000,0.9863198493617468,0.3690876193444487,0.0712029253229176,0.7727272727272727,0.8409259259259259,0.46296296296296297,0.94,0.8064516129032258,0.5882352941176471,0.17004097925682868
2,COPULA,8.csv,synthetic,mlp,3.0,1842,43000,0.9863198493617468,0.3690876193444487,0.0712029253229176,0.7597402597402597,0.8953703703703704,0.42592592592592593,0.94,0.7931034482758621,0.5542168674698795,0.15023062419808572
2,COPULA,8.csv,synthetic,rfc,3.0,1842,43000,0.9863198493617468,0.3690876193444487,0.0712029253229176,0.7532467532467533,0.8861111111111111,0.4074074074074074,0.94,0.7857142857142857,0.5365853658536586,0.15840485695399492
2,COPULA,9.csv,synthetic,mlp,1.0,614,43000,1.816153570543644,0.3685519502872835,0.0718788821314589,0.6818181818181818,0.7542592592592593,0.24074074074074073,0.92,0.6190476190476191,0.3466666666666667,0.20060630393234632
2,COPULA,9.csv,synthetic,rfc,1.0,614,43000,1.816153570543644,0.3685519502872835,0.0718788821314589,0.6883116883116883,0.7903703703703704,0.2962962962962963,0.9,0.6153846153846154,0.4,0.1852340222214502
2,COPULA,9.csv,synthetic,mlp,2.0,1228,43000,1.816153570543644,0.3685519502872835,0.0718788821314589,0.7467532467532467,0.8303703703703704,0.46296296296296297,0.9,0.7142857142857143,0.5617977528089888,0.16870044169388318
2,COPULA,9.csv,synthetic,rfc,2.0,1228,43000,1.816153570543644,0.3685519502872835,0.0718788821314589,0.7467532467532467,0.8387037037037037,0.48148148148148145,0.89,0.7027027027027027,0.5714285714285714,0.1608807301545122
2,COPULA,9.csv,synthetic,mlp,3.0,1842,43000,1.816153570543644,0.3685519502872835,0.0718788821314589,0.7597402597402597,0.8316666666666667,0.48148148148148145,0.91,0.7428571428571429,0.5842696629213483,0.16489750967340508
2,COPULA,9.csv,synthetic,rfc,3.0,1842,43000,1.816153570543644,0.3685519502872835,0.0718788821314589,0.7012987012987013,0.8218518518518518,0.4444444444444444,0.84,0.6,0.5106382978723404,0.1638888713316581
2,COPULA,10.csv,synthetic,mlp,1.0,614,43000,1.03774673936131,0.3637823374963226,0.0584967496843808,0.7662337662337663,0.8746296296296296,0.5555555555555556,0.88,0.7142857142857143,0.625,0.14635867020871832
2,COPULA,10.csv,synthetic,rfc,1.0,614,43000,1.03774673936131,0.3637823374963226,0.0584967496843808,0.7857142857142857,0.8624074074074074,0.5370370370370371,0.92,0.7837837837837838,0.6373626373626373,0.1512170848302735
2,COPULA,10.csv,synthetic,mlp,2.0,1228,43000,1.03774673936131,0.3637823374963226,0.0584967496843808,0.7597402597402597,0.8738888888888889,0.5,0.9,0.7297297297297297,0.5934065934065934,0.15151445807017236
2,COPULA,10.csv,synthetic,rfc,2.0,1228,43000,1.03774673936131,0.3637823374963226,0.0584967496843808,0.7727272727272727,0.8640740740740741,0.5185185185185185,0.91,0.7567567567567568,0.6153846153846154,0.15215959016816202
2,COPULA,10.csv,synthetic,mlp,3.0,1842,43000,1.03774673936131,0.3637823374963226,0.0584967496843808,0.7597402597402597,0.8727777777777779,0.5555555555555556,0.87,0.6976744186046512,0.6185567010309279,0.1492042474585253
2,COPULA,10.csv,synthetic,rfc,3.0,1842,43000,1.03774673936131,0.3637823374963226,0.0584967496843808,0.7597402597402597,0.862037037037037,0.5555555555555556,0.87,0.6976744186046512,0.6185567010309279,0.15430596442718203
2,COPULA,11.csv,synthetic,mlp,1.0,614,43000,0.919779621429654,0.37089423119158,0.0690155671123966,0.7272727272727273,0.8824074074074074,0.2962962962962963,0.96,0.8,0.43243243243243246,0.16374073075899778
2,COPULA,11.csv,synthetic,rfc,1.0,614,43000,0.919779621429654,0.37089423119158,0.0690155671123966,0.7402597402597403,0.8566666666666666,0.3888888888888889,0.93,0.75,0.5121951219512195,0.16240933227137955
2,COPULA,11.csv,synthetic,mlp,2.0,1228,43000,0.919779621429654,0.37089423119158,0.0690155671123966,0.7597402597402597,0.8731481481481482,0.42592592592592593,0.94,0.7931034482758621,0.5542168674698795,0.15729841885935228
2,COPULA,11.csv,synthetic,rfc,2.0,1228,43000,0.919779621429654,0.37089423119158,0.0690155671123966,0.7337662337662337,0.855925925925926,0.37037037037037035,0.93,0.7407407407407407,0.49382716049382713,0.1628813895413685
2,COPULA,11.csv,synthetic,mlp,3.0,1842,43000,0.919779621429654,0.37089423119158,0.0690155671123966,0.7597402597402597,0.8709259259259259,0.42592592592592593,0.94,0.7931034482758621,0.5542168674698795,0.1605219703205871
2,COPULA,11.csv,synthetic,rfc,3.0,1842,43000,0.919779621429654,0.37089423119158,0.0690155671123966,0.7272727272727273,0.846851851851852,0.37037037037037035,0.92,0.7142857142857143,0.4878048780487805,0.17183532991850087
2,COPULA,12.csv,synthetic,mlp,1.0,614,43000,1.519533864375505,0.3772313095465545,0.0666070693197093,0.7792207792207793,0.8540740740740742,0.6851851851851852,0.83,0.6851851851851852,0.6851851851851852,0.15309048765047795
2,COPULA,12.csv,synthetic,rfc,1.0,614,43000,1.519533864375505,0.3772313095465545,0.0666070693197093,0.7792207792207793,0.8590740740740741,0.7037037037037037,0.82,0.6785714285714286,0.6909090909090909,0.15131951736105997
2,COPULA,12.csv,synthetic,mlp,2.0,1228,43000,1.519533864375505,0.3772313095465545,0.0666070693197093,0.7597402597402597,0.835,0.5370370370370371,0.88,0.7073170731707317,0.6105263157894737,0.1593936740159666
2,COPULA,12.csv,synthetic,rfc,2.0,1228,43000,1.519533864375505,0.3772313095465545,0.0666070693197093,0.7532467532467533,0.8272222222222223,0.6851851851851852,0.79,0.6379310344827587,0.6607142857142857,0.16412443436393492
2,COPULA,12.csv,synthetic,mlp,3.0,1842,43000,1.519533864375505,0.3772313095465545,0.0666070693197093,0.7467532467532467,0.8027777777777777,0.7222222222222222,0.76,0.6190476190476191,0.6666666666666666,0.1895735094672139
2,COPULA,12.csv,synthetic,rfc,3.0,1842,43000,1.519533864375505,0.3772313095465545,0.0666070693197093,0.7142857142857143,0.8101851851851851,0.6851851851851852,0.73,0.578125,0.6271186440677966,0.17655555633680908
2,COPULA,13.csv,synthetic,mlp,1.0,614,43000,1.3715074144096575,0.3705899053036717,0.072264347589294,0.6753246753246753,0.8416666666666667,0.9814814814814815,0.51,0.5196078431372549,0.6794871794871795,0.22983283264091367
2,COPULA,13.csv,synthetic,rfc,1.0,614,43000,1.3715074144096575,0.3705899053036717,0.072264347589294,0.6753246753246753,0.8490740740740741,0.9629629629629629,0.52,0.52,0.6753246753246753,0.20338097722129375
2,COPULA,13.csv,synthetic,mlp,2.0,1228,43000,1.3715074144096575,0.3705899053036717,0.072264347589294,0.6688311688311688,0.721111111111111,0.35185185185185186,0.84,0.5428571428571428,0.42696629213483145,0.19733359713456858
2,COPULA,13.csv,synthetic,rfc,2.0,1228,43000,1.3715074144096575,0.3705899053036717,0.072264347589294,0.6883116883116883,0.8124074074074075,0.8333333333333334,0.61,0.5357142857142857,0.6521739130434783,0.20000689783697
2,COPULA,13.csv,synthetic,mlp,3.0,1842,43000,1.3715074144096575,0.3705899053036717,0.072264347589294,0.6623376623376623,0.8514814814814814,0.9629629629629629,0.5,0.5098039215686274,0.6666666666666666,0.23913015038684146
2,COPULA,13.csv,synthetic,rfc,3.0,1842,43000,1.3715074144096575,0.3705899053036717,0.072264347589294,0.6688311688311688,0.8053703703703703,0.9444444444444444,0.52,0.5151515151515151,0.6666666666666666,0.21092249788976342
2,COPULA,14.csv,synthetic,mlp,1.0,614,43000,0.9417604422074756,0.3568625372541054,0.0835950185007623,0.6883116883116883,0.879074074074074,0.14814814814814814,0.98,0.8,0.25,0.18065221233341533
2,COPULA,14.csv,synthetic,rfc,1.0,614,43000,0.9417604422074756,0.3568625372541054,0.0835950185007623,0.7272727272727273,0.8566666666666667,0.3148148148148148,0.95,0.7727272727272727,0.4473684210526316,0.1679252273825731
2,COPULA,14.csv,synthetic,mlp,2.0,1228,43000,0.9417604422074756,0.3568625372541054,0.0835950185007623,0.7402597402597403,0.8724074074074074,0.3148148148148148,0.97,0.85,0.4594594594594595,0.1772083773595615
2,COPULA,14.csv,synthetic,rfc,2.0,1228,43000,0.9417604422074756,0.3568625372541054,0.0835950185007623,0.7402597402597403,0.8568518518518519,0.3333333333333333,0.96,0.8181818181818182,0.47368421052631576,0.17887733439175935
2,COPULA,14.csv,synthetic,mlp,3.0,1842,43000,0.9417604422074756,0.3568625372541054,0.0835950185007623,0.7532467532467533,0.8803703703703702,0.37037037037037035,0.96,0.8333333333333334,0.5128205128205128,0.16035996290915072
2,COPULA,14.csv,synthetic,rfc,3.0,1842,43000,0.9417604422074756,0.3568625372541054,0.0835950185007623,0.7532467532467533,0.8662962962962963,0.37037037037037035,0.96,0.8333333333333334,0.5128205128205128,0.16285616243880585
2,COPULA,15.csv,synthetic,lr,1.0,614,43000,1.7899959173011557,0.3580912170441619,0.0557089295910846,0.7467532467532467,0.8716666666666667,0.48148148148148145,0.89,0.7027027027027027,0.5714285714285714,0.14744860661684914
2,COPULA,15.csv,synthetic,mlp,1.0,614,43000,1.7899959173011557,0.3580912170441619,0.0557089295910846,0.7987012987012987,0.8911111111111112,0.6296296296296297,0.89,0.7555555555555555,0.6868686868686869,0.13409602530815112
2,COPULA,15.csv,synthetic,xgb,1.0,614,43000,1.7899959173011557,0.3580912170441619,0.0557089295910846,0.7402597402597403,0.85,0.6111111111111112,0.81,0.6346153846153846,0.6226415094339622,0.15370923280715942
2,COPULA,15.csv,synthetic,rfc,1.0,614,43000,1.7899959173011557,0.3580912170441619,0.0557089295910846,0.7597402597402597,0.8572222222222222,0.6296296296296297,0.83,0.6666666666666666,0.6476190476190476,0.14524224415490852
2,COPULA,15.csv,synthetic,lr,2.0,1228,43000,1.7899959173011557,0.3580912170441619,0.0557089295910846,0.7727272727272727,0.8716666666666666,0.5555555555555556,0.89,0.7317073170731707,0.631578947368421,0.15296652788703805
2,COPULA,15.csv,synthetic,mlp,2.0,1228,43000,1.7899959173011557,0.3580912170441619,0.0557089295910846,0.7727272727272727,0.885,0.6111111111111112,0.86,0.7021276595744681,0.6534653465346535,0.13917354413968924
2,COPULA,15.csv,synthetic,xgb,2.0,1228,43000,1.7899959173011557,0.3580912170441619,0.0557089295910846,0.7987012987012987,0.8800000000000001,0.6481481481481481,0.88,0.7446808510638298,0.693069306930693,0.1366170197725296
2,COPULA,15.csv,synthetic,rfc,2.0,1228,43000,1.7899959173011557,0.3580912170441619,0.0557089295910846,0.8051948051948052,0.8768518518518519,0.6296296296296297,0.9,0.7727272727272727,0.6938775510204082,0.13838620532120244
2,COPULA,15.csv,synthetic,lr,3.0,1842,43000,1.7899959173011557,0.3580912170441619,0.0557089295910846,0.7532467532467533,0.8635185185185186,0.5740740740740741,0.85,0.6739130434782609,0.62,0.15772693834114732
2,COPULA,15.csv,synthetic,mlp,3.0,1842,43000,1.7899959173011557,0.3580912170441619,0.0557089295910846,0.7597402597402597,0.8762962962962964,0.6111111111111112,0.84,0.673469387755102,0.6407766990291263,0.1422517298892585
2,COPULA,15.csv,synthetic,xgb,3.0,1842,43000,1.7899959173011557,0.3580912170441619,0.0557089295910846,0.7532467532467533,0.8664814814814815,0.5,0.89,0.7105263157894737,0.5869565217391305,0.1493901163339615
2,COPULA,15.csv,synthetic,rfc,3.0,1842,43000,1.7899959173011557,0.3580912170441619,0.0557089295910846,0.7467532467532467,0.857962962962963,0.5,0.88,0.6923076923076923,0.5806451612903226,0.14886798250693073
2,COPULA,16.csv,synthetic,lr,1.0,614,43000,1.259540572582602,0.3451716798667161,0.0868723264109266,0.7597402597402597,0.8394444444444444,0.46296296296296297,0.92,0.7575757575757576,0.5747126436781609,0.1799456428158847
2,COPULA,16.csv,synthetic,mlp,1.0,614,43000,1.259540572582602,0.3451716798667161,0.0868723264109266,0.7532467532467533,0.845925925925926,0.3888888888888889,0.95,0.8076923076923077,0.525,0.17555291419178096
2,COPULA,16.csv,synthetic,xgb,1.0,614,43000,1.259540572582602,0.3451716798667161,0.0868723264109266,0.7727272727272727,0.8581481481481481,0.46296296296296297,0.94,0.8064516129032258,0.5882352941176471,0.17266389727592468
2,COPULA,16.csv,synthetic,rfc,1.0,614,43000,1.259540572582602,0.3451716798667161,0.0868723264109266,0.7662337662337663,0.8505555555555555,0.4074074074074074,0.96,0.8461538461538461,0.55,0.16888027856760943
2,COPULA,16.csv,synthetic,lr,2.0,1228,43000,1.259540572582602,0.3451716798667161,0.0868723264109266,0.7402597402597403,0.8418518518518519,0.42592592592592593,0.91,0.71875,0.5348837209302325,0.1738059739970227
2,COPULA,16.csv,synthetic,mlp,2.0,1228,43000,1.259540572582602,0.3451716798667161,0.0868723264109266,0.7467532467532467,0.842037037037037,0.4074074074074074,0.93,0.7586206896551724,0.5301204819277109,0.17404445160946486
2,COPULA,16.csv,synthetic,xgb,2.0,1228,43000,1.259540572582602,0.3451716798667161,0.0868723264109266,0.7337662337662337,0.8501851851851852,0.4074074074074074,0.91,0.7096774193548387,0.5176470588235295,0.17034994065761566
2,COPULA,16.csv,synthetic,rfc,2.0,1228,43000,1.259540572582602,0.3451716798667161,0.0868723264109266,0.7467532467532467,0.8351851851851853,0.42592592592592593,0.92,0.7419354838709677,0.5411764705882353,0.17022268874337704
2,COPULA,16.csv,synthetic,lr,3.0,1842,43000,1.259540572582602,0.3451716798667161,0.0868723264109266,0.7402597402597403,0.8414814814814814,0.4074074074074074,0.92,0.7333333333333333,0.5238095238095238,0.17886360206078916
2,COPULA,16.csv,synthetic,mlp,3.0,1842,43000,1.259540572582602,0.3451716798667161,0.0868723264109266,0.7402597402597403,0.8411111111111111,0.35185185185185186,0.95,0.7916666666666666,0.48717948717948717,0.18441012873518417
2,COPULA,16.csv,synthetic,xgb,3.0,1842,43000,1.259540572582602,0.3451716798667161,0.0868723264109266,0.7337662337662337,0.8322222222222222,0.3888888888888889,0.92,0.7241379310344828,0.5060240963855421,0.17843332886695862
2,COPULA,16.csv,synthetic,rfc,3.0,1842,43000,1.259540572582602,0.3451716798667161,0.0868723264109266,0.7467532467532467,0.8201851851851852,0.3888888888888889,0.94,0.7777777777777778,0.5185185185185185,0.17595754460508864
2,COPULA,17.csv,synthetic,lr,1.0,614,43000,0.91867290945556,0.3706332508163059,0.0500664236595382,0.7727272727272727,0.8727777777777778,0.5,0.92,0.7714285714285715,0.6067415730337079,0.15374041865226434
2,COPULA,17.csv,synthetic,mlp,1.0,614,43000,0.91867290945556,0.3706332508163059,0.0500664236595382,0.7727272727272727,0.8846296296296295,0.5,0.92,0.7714285714285715,0.6067415730337079,0.14506045768873807
2,COPULA,17.csv,synthetic,xgb,1.0,614,43000,0.91867290945556,0.3706332508163059,0.0500664236595382,0.7402597402597403,0.8457407407407407,0.4074074074074074,0.92,0.7333333333333333,0.5238095238095238,0.16495920717716217
2,COPULA,17.csv,synthetic,rfc,1.0,614,43000,0.91867290945556,0.3706332508163059,0.0500664236595382,0.7337662337662337,0.8208333333333333,0.4074074074074074,0.91,0.7096774193548387,0.5176470588235295,0.17165812091476804
2,COPULA,17.csv,synthetic,lr,2.0,1228,43000,0.91867290945556,0.3706332508163059,0.0500664236595382,0.7532467532467533,0.856851851851852,0.42592592592592593,0.93,0.7666666666666667,0.5476190476190477,0.16352019166584533
2,COPULA,17.csv,synthetic,mlp,2.0,1228,43000,0.91867290945556,0.3706332508163059,0.0500664236595382,0.7402597402597403,0.8853703703703704,0.37037037037037035,0.94,0.7692307692307693,0.5,0.159317745671397
2,COPULA,17.csv,synthetic,xgb,2.0,1228,43000,0.91867290945556,0.3706332508163059,0.0500664236595382,0.7597402597402597,0.8649999999999999,0.42592592592592593,0.94,0.7931034482758621,0.5542168674698795,0.1557113081216812
2,COPULA,17.csv,synthetic,rfc,2.0,1228,43000,0.91867290945556,0.3706332508163059,0.0500664236595382,0.7272727272727273,0.8501851851851852,0.3888888888888889,0.91,0.7,0.5,0.16162798977303913
2,COPULA,17.csv,synthetic,lr,3.0,1842,43000,0.91867290945556,0.3706332508163059,0.0500664236595382,0.7662337662337663,0.8705555555555556,0.48148148148148145,0.92,0.7647058823529411,0.5909090909090909,0.15642307602142977
2,COPULA,17.csv,synthetic,mlp,3.0,1842,43000,0.91867290945556,0.3706332508163059,0.0500664236595382,0.7727272727272727,0.877962962962963,0.5,0.92,0.7714285714285715,0.6067415730337079,0.14613661572482733
2,COPULA,17.csv,synthetic,xgb,3.0,1842,43000,0.91867290945556,0.3706332508163059,0.0500664236595382,0.7662337662337663,0.8772222222222222,0.48148148148148145,0.92,0.7647058823529411,0.5909090909090909,0.15084512531757355
2,COPULA,17.csv,synthetic,rfc,3.0,1842,43000,0.91867290945556,0.3706332508163059,0.0500664236595382,0.7532467532467533,0.8477777777777777,0.4444444444444444,0.92,0.75,0.5581395348837209,0.16196386134412127
2,COPULA,18.csv,synthetic,lr,1.0,614,43000,1.3576830938784603,0.345952656833514,0.1047272536124011,0.7532467532467533,0.8574074074074074,0.6111111111111112,0.83,0.66,0.6346153846153846,0.16737251265541947
2,COPULA,18.csv,synthetic,mlp,1.0,614,43000,1.3576830938784603,0.345952656833514,0.1047272536124011,0.7337662337662337,0.8731481481481481,0.2962962962962963,0.97,0.8421052631578947,0.4383561643835616,0.16518316375202555
2,COPULA,18.csv,synthetic,xgb,1.0,614,43000,1.3576830938784603,0.345952656833514,0.1047272536124011,0.7532467532467533,0.8505555555555555,0.5185185185185185,0.88,0.7,0.5957446808510638,0.1649598777294159
2,COPULA,18.csv,synthetic,rfc,1.0,614,43000,1.3576830938784603,0.345952656833514,0.1047272536124011,0.7597402597402597,0.8418518518518519,0.5185185185185185,0.89,0.717948717948718,0.6021505376344086,0.1563661599351043
2,COPULA,18.csv,synthetic,lr,2.0,1228,43000,1.3576830938784603,0.345952656833514,0.1047272536124011,0.7597402597402597,0.8653703703703705,0.5925925925925926,0.85,0.6808510638297872,0.6336633663366337,0.15892736566850596
2,COPULA,18.csv,synthetic,mlp,2.0,1228,43000,1.3576830938784603,0.345952656833514,0.1047272536124011,0.7467532467532467,0.8748148148148148,0.35185185185185186,0.96,0.8260869565217391,0.4935064935064935,0.15984318813793003
2,COPULA,18.csv,synthetic,xgb,2.0,1228,43000,1.3576830938784603,0.345952656833514,0.1047272536124011,0.7662337662337663,0.8605555555555555,0.5,0.91,0.75,0.6,0.16221563518047333
2,COPULA,18.csv,synthetic,rfc,2.0,1228,43000,1.3576830938784603,0.345952656833514,0.1047272536124011,0.7337662337662337,0.8457407407407408,0.42592592592592593,0.9,0.696969696969697,0.5287356321839081,0.1631103017176748
2,COPULA,18.csv,synthetic,lr,3.0,1842,43000,1.3576830938784603,0.345952656833514,0.1047272536124011,0.7597402597402597,0.8633333333333334,0.6296296296296297,0.83,0.6666666666666666,0.6476190476190476,0.1600355799405809
2,COPULA,18.csv,synthetic,mlp,3.0,1842,43000,1.3576830938784603,0.345952656833514,0.1047272536124011,0.7662337662337663,0.8779629629629631,0.5555555555555556,0.88,0.7142857142857143,0.625,0.14363243511298057
2,COPULA,18.csv,synthetic,xgb,3.0,1842,43000,1.3576830938784603,0.345952656833514,0.1047272536124011,0.7467532467532467,0.8624074074074074,0.5740740740740741,0.84,0.6595744680851063,0.6138613861386139,0.16005706787109375
2,COPULA,18.csv,synthetic,rfc,3.0,1842,43000,1.3576830938784603,0.345952656833514,0.1047272536124011,0.7402597402597403,0.8566666666666667,0.5370370370370371,0.85,0.6590909090909091,0.5918367346938775,0.152344894942373
2,COPULA,19.csv,synthetic,lr,1.0,614,43000,1.221489901726801,0.3678291618734708,0.0782151802504824,0.7597402597402597,0.8646296296296296,0.8333333333333334,0.72,0.6164383561643836,0.7086614173228346,0.16266763851453414
2,COPULA,19.csv,synthetic,mlp,1.0,614,43000,1.221489901726801,0.3678291618734708,0.0782151802504824,0.8181818181818182,0.887037037037037,0.6111111111111112,0.93,0.825,0.7021276595744681,0.1635174660479549
2,COPULA,19.csv,synthetic,xgb,1.0,614,43000,1.221489901726801,0.3678291618734708,0.0782151802504824,0.7467532467532467,0.8312962962962963,0.7962962962962963,0.72,0.6056338028169014,0.688,0.17063665390014648
2,COPULA,19.csv,synthetic,rfc,1.0,614,43000,1.221489901726801,0.3678291618734708,0.0782151802504824,0.7272727272727273,0.8435185185185186,0.8148148148148148,0.68,0.5789473684210527,0.676923076923077,0.16838360247301018
2,COPULA,19.csv,synthetic,lr,2.0,1228,43000,1.221489901726801,0.3678291618734708,0.0782151802504824,0.7662337662337663,0.8525925925925926,0.7962962962962963,0.75,0.6323529411764706,0.7049180327868853,0.16604968125200734
2,COPULA,19.csv,synthetic,mlp,2.0,1228,43000,1.221489901726801,0.3678291618734708,0.0782151802504824,0.7597402597402597,0.8729629629629629,0.8518518518518519,0.71,0.6133333333333333,0.7131782945736435,0.15775400636299464
2,COPULA,19.csv,synthetic,xgb,2.0,1228,43000,1.221489901726801,0.3678291618734708,0.0782151802504824,0.7727272727272727,0.8527777777777779,0.8518518518518519,0.73,0.6301369863013698,0.7244094488188977,0.16760315001010895
2,COPULA,19.csv,synthetic,rfc,2.0,1228,43000,1.221489901726801,0.3678291618734708,0.0782151802504824,0.7792207792207793,0.8657407407407407,0.8148148148148148,0.76,0.6470588235294118,0.7213114754098361,0.1574931856215816
2,COPULA,19.csv,synthetic,lr,3.0,1842,43000,1.221489901726801,0.3678291618734708,0.0782151802504824,0.7597402597402597,0.8512962962962963,0.8518518518518519,0.71,0.6133333333333333,0.7131782945736435,0.17101133086193865
2,COPULA,19.csv,synthetic,mlp,3.0,1842,43000,1.221489901726801,0.3678291618734708,0.0782151802504824,0.7532467532467533,0.8566666666666667,0.9074074074074074,0.67,0.5975609756097561,0.7205882352941176,0.17433436487501403
2,COPULA,19.csv,synthetic,xgb,3.0,1842,43000,1.221489901726801,0.3678291618734708,0.0782151802504824,0.7402597402597403,0.8401851851851851,0.8703703703703703,0.67,0.5875,0.7014925373134329,0.17442400753498077
2,COPULA,19.csv,synthetic,rfc,3.0,1842,43000,1.221489901726801,0.3678291618734708,0.0782151802504824,0.7207792207792207,0.8381481481481481,0.8148148148148148,0.67,0.5714285714285714,0.6717557251908397,0.17002717706321113
2,CTGAN,0.csv,synthetic,mlp,1.0,614,12900,1.447885802086836,0.360236180772318,0.0792514843218451,0.7662337662337663,0.8483333333333334,0.5370370370370371,0.89,0.725,0.6170212765957447,0.15192370049968876
2,CTGAN,0.csv,synthetic,rfc,1.0,614,12900,1.447885802086836,0.360236180772318,0.0792514843218451,0.7922077922077922,0.8638888888888889,0.8518518518518519,0.76,0.6571428571428571,0.7419354838709677,0.15730890665359457
2,CTGAN,0.csv,synthetic,mlp,2.0,1228,12900,1.447885802086836,0.360236180772318,0.0792514843218451,0.7857142857142857,0.8577777777777778,0.8333333333333334,0.76,0.6521739130434783,0.7317073170731707,0.16205311582110316
2,CTGAN,0.csv,synthetic,rfc,2.0,1228,12900,1.447885802086836,0.360236180772318,0.0792514843218451,0.8051948051948052,0.8922222222222222,0.9259259259259259,0.74,0.6578947368421053,0.7692307692307693,0.1530487454401584
2,CTGAN,0.csv,synthetic,mlp,3.0,1842,12900,1.447885802086836,0.360236180772318,0.0792514843218451,0.8051948051948052,0.8738888888888889,0.8888888888888888,0.76,0.6666666666666666,0.7619047619047619,0.15743078861497847
2,CTGAN,0.csv,synthetic,rfc,3.0,1842,12900,1.447885802086836,0.360236180772318,0.0792514843218451,0.7792207792207793,0.8985185185185185,0.9444444444444444,0.69,0.6219512195121951,0.75,0.15490481242732332
2,CTGAN,1.csv,synthetic,mlp,1.0,614,12900,1.9548422206390528,0.3436123599900789,0.0857094754066501,0.7142857142857143,0.8761111111111111,0.2222222222222222,0.98,0.8571428571428571,0.35294117647058826,0.17470576089535006
2,CTGAN,1.csv,synthetic,rfc,1.0,614,12900,1.9548422206390528,0.3436123599900789,0.0857094754066501,0.7272727272727273,0.8048148148148149,0.3148148148148148,0.95,0.7727272727272727,0.4473684210526316,0.18148013452386574
2,CTGAN,1.csv,synthetic,mlp,2.0,1228,12900,1.9548422206390528,0.3436123599900789,0.0857094754066501,0.7337662337662337,0.8772222222222222,0.2962962962962963,0.97,0.8421052631578947,0.4383561643835616,0.16680129297913876
2,CTGAN,1.csv,synthetic,rfc,2.0,1228,12900,1.9548422206390528,0.3436123599900789,0.0857094754066501,0.7597402597402597,0.8329629629629629,0.4074074074074074,0.95,0.8148148148148148,0.5432098765432098,0.16913131018168298
2,CTGAN,1.csv,synthetic,mlp,3.0,1842,12900,1.9548422206390528,0.3436123599900789,0.0857094754066501,0.7272727272727273,0.8711111111111111,0.25925925925925924,0.98,0.875,0.4,0.16708793686622603
2,CTGAN,1.csv,synthetic,rfc,3.0,1842,12900,1.9548422206390528,0.3436123599900789,0.0857094754066501,0.7402597402597403,0.7966666666666666,0.3148148148148148,0.97,0.85,0.4594594594594595,0.17827304483143816
2,CTGAN,2.csv,synthetic,mlp,1.0,614,12900,2.4714430681791764,0.4718538707609746,0.131072329449417,0.7987012987012987,0.8012962962962964,0.7407407407407407,0.83,0.7017543859649122,0.7207207207207207,0.1893437103234799
2,CTGAN,2.csv,synthetic,rfc,1.0,614,12900,2.4714430681791764,0.4718538707609746,0.131072329449417,0.6753246753246753,0.6090740740740741,0.24074074074074073,0.91,0.5909090909090909,0.34210526315789475,0.22147981467138206
2,CTGAN,2.csv,synthetic,mlp,2.0,1228,12900,2.4714430681791764,0.4718538707609746,0.131072329449417,0.7597402597402597,0.8011111111111111,0.5185185185185185,0.89,0.717948717948718,0.6021505376344086,0.17265799343949553
2,CTGAN,2.csv,synthetic,rfc,2.0,1228,12900,2.4714430681791764,0.4718538707609746,0.131072329449417,0.6948051948051948,0.7783333333333333,0.14814814814814814,0.99,0.8888888888888888,0.25396825396825395,0.19710008630192596
2,CTGAN,2.csv,synthetic,mlp,3.0,1842,12900,2.4714430681791764,0.4718538707609746,0.131072329449417,0.7337662337662337,0.8368518518518518,0.3888888888888889,0.92,0.7241379310344828,0.5060240963855421,0.1699449295892243
2,CTGAN,2.csv,synthetic,rfc,3.0,1842,12900,2.4714430681791764,0.4718538707609746,0.131072329449417,0.6818181818181818,0.8044444444444444,0.14814814814814814,0.97,0.7272727272727273,0.24615384615384617,0.18828333931154403
2,CTGAN,3.csv,synthetic,mlp,1.0,614,12900,2.573281917444933,0.4340675524640001,0.111321747933668,0.7142857142857143,0.6853703703703705,0.24074074074074073,0.97,0.8125,0.37142857142857144,0.23056625925599913
2,CTGAN,3.csv,synthetic,rfc,1.0,614,12900,2.573281917444933,0.4340675524640001,0.111321747933668,0.6298701298701299,0.507037037037037,0.07407407407407407,0.93,0.36363636363636365,0.12307692307692308,0.23448539054304382
2,CTGAN,3.csv,synthetic,mlp,2.0,1228,12900,2.573281917444933,0.4340675524640001,0.111321747933668,0.7272727272727273,0.6964814814814814,0.3148148148148148,0.95,0.7727272727272727,0.4473684210526316,0.22721049291756604
2,CTGAN,3.csv,synthetic,rfc,2.0,1228,12900,2.573281917444933,0.4340675524640001,0.111321747933668,0.5714285714285714,0.5274074074074074,0.4444444444444444,0.64,0.4,0.42105263157894735,0.2531757739601335
2,CTGAN,3.csv,synthetic,mlp,3.0,1842,12900,2.573281917444933,0.4340675524640001,0.111321747933668,0.7207792207792207,0.6951851851851851,0.24074074074074073,0.98,0.8666666666666667,0.37681159420289856,0.22502087715249688
2,CTGAN,3.csv,synthetic,rfc,3.0,1842,12900,2.573281917444933,0.4340675524640001,0.111321747933668,0.551948051948052,0.4088888888888889,0.12962962962962962,0.78,0.2413793103448276,0.1686746987951807,0.2588217041709068
