row_index,feature,original_value,replacement_value,removed_suffix,target
5,A1Cresult,__MISSING__MISSING__RARE__RARE__RARE__,__MISSING__,MISSING__RARE__RARE__RARE__,0
7,A1Cresult,__MISSING__MISSING__MISSING__MISSING__MISSING__MISSING__MISSING__,__MISSING__,MISSING__MISSING__MISSING__MISSING__MISSING__MISSING__,0
39,A1Cresult,__MISSING__MISSING__MISSING__MISSING__MISSING__3,__MISSING__,MISSING__MISSING__MISSING__MISSING__3,0
156,A1Cresult,__MISSING__MISSING__MISSING__MISSING__MISSING__RARE__MISSING__MISSING__MISSING__,__MISSING__,MISSING__MISSING__MISSING__MISSING__RARE__MISSING__MISSING__MISSING__,0
209,A1Cresult,__MISSING__MISSING__MISSING__MISSING__MISSING__MISSING__MISSING__RARE__,__MISSING__,MISSING__MISSING__MISSING__MISSING__MISSING__MISSING__RARE__,0
253,A1Cresult,__MISSING__MISSING__MISSING__MISSING__MISSING__MISSING__,__MISSING__,MISSING__MISSING__MISSING__MISSING__MISSING__,0
270,A1Cresult,__MISSING__MISSING__MISSING__MISSING__MISSING__MISSING__,__MISSING__,MISSING__MISSING__MISSING__MISSING__MISSING__,0
432,A1Cresult,__MISSING__MISSING__MISSING__MISSING__,__MISSING__,MISSING__MISSING__MISSING__,0
464,A1Cresult,__MISSING__MISSING__RARE__MISSING__MISSING__MISSING__,__MISSING__,MISSING__RARE__MISSING__MISSING__MISSING__,0
494,A1Cresult,__MISSING__MISSING__MISSING__MISSING__MISSING__MISSING__MISSING__inspatient,__MISSING__,MISSING__MISSING__MISSING__MISSING__MISSING__MISSING__inspatient,0
627,A1Cresult,__MISSING__MISSING__MISSING__MISSING__,__MISSING__,MISSING__MISSING__MISSING__,0
698,A1Cresult,__MISSING__MISSING__MISSING__MISSING__MISSING__MISSING__RARE__MISSING__,__MISSING__,MISSING__MISSING__MISSING__MISSING__MISSING__RARE__MISSING__,1
723,A1Cresult,__MISSING__MISSING__MISSING__RARE__MISSING__,__MISSING__,MISSING__MISSING__RARE__MISSING__,0
733,A1Cresult,__MISSING__MISSING__MISSING__MISSING__MISSING__RARE__MISSING__,__MISSING__,MISSING__MISSING__MISSING__MISSING__RARE__MISSING__,0
818,A1Cresult,__MISSING__MISSING__MISSING__RARE__MISSING__MISSING__MISSING__,__MISSING__,MISSING__MISSING__RARE__MISSING__MISSING__MISSING__,0
936,A1Cresult,__MISSING__MISSING__MISSING__MISSING__RARE__RARE__MISSING__RARE__,__MISSING__,MISSING__MISSING__MISSING__RARE__RARE__MISSING__RARE__,0
1001,A1Cresult,__MISSING__MISSING__0,__MISSING__,MISSING__0,0
1031,A1Cresult,__MISSING__MISSING__RARE__RARE__MISSING__RARE__,__MISSING__,MISSING__RARE__RARE__MISSING__RARE__,0
1049,A1Cresult,__MISSING__RARE__MISSING__MISSING__MISSING__MISSING__MISSING__MISSING__,__MISSING__,RARE__MISSING__MISSING__MISSING__MISSING__MISSING__MISSING__,0
1060,A1Cresult,__MISSING__MISSING__MISSING__MISSING__3,__MISSING__,MISSING__MISSING__MISSING__3,0
1163,A1Cresult,__MISSING__MISSING__MISSING__MISSING__MISSING__,__MISSING__,MISSING__MISSING__MISSING__MISSING__,0
1228,A1Cresult,__MISSING__RARE__MISSING__RARE__MISSING__MISSING__,__MISSING__,RARE__MISSING__RARE__MISSING__MISSING__,0
1288,A1Cresult,__MISSING__MISSING__MISSING__RARE__MISSING__,__MISSING__,MISSING__MISSING__RARE__MISSING__,1
1293,A1Cresult,__MISSING__MISSING__MISSING__MISSING__,__MISSING__,MISSING__MISSING__MISSING__,0
1301,A1Cresult,__MISSING__MISSING__MISSING__MISSING__MISSING__,__MISSING__,MISSING__MISSING__MISSING__MISSING__,0
1309,A1Cresult,__MISSING__MISSING__MISSING__MISSING__MISSING__3,__MISSING__,MISSING__MISSING__MISSING__MISSING__3,1
1325,A1Cresult,__MISSING__MISSING__MISSING__RARE__MISSING__RARE__MISSING__MISSING__,__MISSING__,MISSING__MISSING__RARE__MISSING__RARE__MISSING__MISSING__,0
1377,A1Cresult,__MISSING__MISSING__MISSING__MISSING__RARE__MISSING__MISSING__RARE__,__MISSING__,MISSING__MISSING__MISSING__RARE__MISSING__MISSING__RARE__,0
1425,A1Cresult,__MISSING__MISSING__MISSING__MISSING__MISSING__MISSING__RARE__,__MISSING__,MISSING__MISSING__MISSING__MISSING__MISSING__RARE__,0
1489,A1Cresult,__MISSING__MISSING__RARE__RARE__MISSING__MISSING__,__MISSING__,MISSING__RARE__RARE__MISSING__MISSING__,0
1519,A1Cresult,__MISSING__MISSING__MISSING__,__MISSING__,MISSING__MISSING__,0
1533,A1Cresult,__MISSING__MISSING__MISSING__MISSING__,__MISSING__,MISSING__MISSING__MISSING__,1
1593,A1Cresult,__MISSING__MISSING__MISSING__RARE__MISSING__3,__MISSING__,MISSING__MISSING__RARE__MISSING__3,0
1640,A1Cresult,__MISSING__MISSING__MISSING__MISSING__MISSING__RARE__MISSING__MISSING__,__MISSING__,MISSING__MISSING__MISSING__MISSING__RARE__MISSING__MISSING__,0
1642,A1Cresult,__MISSING__MISSING__MISSING__MISSING__MISSING__RARE__MISSING__MISSING__MISSING__,__MISSING__,MISSING__MISSING__MISSING__MISSING__RARE__MISSING__MISSING__MISSING__,0
1645,A1Cresult,__MISSING__RARE__MISSING__MISSING__MISSING__MISSING__RARE__,__MISSING__,RARE__MISSING__MISSING__MISSING__MISSING__RARE__,0
1647,A1Cresult,__MISSING__1,__MISSING__,1,0
1651,A1Cresult,__MISSING__MISSING__RARE__MISSING__MISSING__MISSING__MISSING__RARE__,__MISSING__,MISSING__RARE__MISSING__MISSING__MISSING__MISSING__RARE__,0
1689,A1Cresult,__MISSING__MISSING__RARE__MISSING__MISSING__RARE__MISSING__,__MISSING__,MISSING__RARE__MISSING__MISSING__RARE__MISSING__,0
1707,A1Cresult,__MISSING__MISSING__,__MISSING__,MISSING__,0
1726,A1Cresult,__MISSING__MISSING__MISSING__MISSING__MISSING__RARE__MISSING__,__MISSING__,MISSING__MISSING__MISSING__MISSING__RARE__MISSING__,0
1748,A1Cresult,__MISSING__MISSING__MISSING__MISSING__RARE__MISSING__,__MISSING__,MISSING__MISSING__MISSING__RARE__MISSING__,0
1863,A1Cresult,__MISSING__MISSING__MISSING__MISSING__MISSING__RARE__MISSING__MISSING__,__MISSING__,MISSING__MISSING__MISSING__MISSING__RARE__MISSING__MISSING__,1
1881,A1Cresult,__MISSING__MISSING__RARE__MISSING__MISSING__RARE__MISSING__MISSING__,__MISSING__,MISSING__RARE__MISSING__MISSING__RARE__MISSING__MISSING__,0
2064,A1Cresult,__MISSING__MISSING__MISSING__MISSING__,__MISSING__,MISSING__MISSING__MISSING__,0
2166,A1Cresult,__MISSING__RARE__MISSING__MISSING__MISSING__MISSING__MISSING__,__MISSING__,RARE__MISSING__MISSING__MISSING__MISSING__MISSING__,0
2233,A1Cresult,__MISSING__MISSING__MISSING__RARE__MISSING__MISSING__RARE__,__MISSING__,MISSING__MISSING__RARE__MISSING__MISSING__RARE__,1
2403,A1Cresult,__MISSING__MISSING__RARE__MISSING__3,__MISSING__,MISSING__RARE__MISSING__3,0
2569,A1Cresult,__MISSING__MISSING__MISSING__MISSING__MISSING__MISSING__3,__MISSING__,MISSING__MISSING__MISSING__MISSING__MISSING__3,0
2643,A1Cresult,__MISSING__MISSING__MISSING__MISSING__RARE__MISSING__,__MISSING__,MISSING__MISSING__MISSING__RARE__MISSING__,0
2671,A1Cresult,__MISSING__MISSING__RARE__MISSING__MISSING__,__MISSING__,MISSING__RARE__MISSING__MISSING__,0
2690,A1Cresult,__MISSING__MISSING__MISSING__MISSING__MISSING__MISSING__RARE__MISSING__,__MISSING__,MISSING__MISSING__MISSING__MISSING__MISSING__RARE__MISSING__,0
2702,A1Cresult,__MISSING__MISSING__MISSING__RARE__,__MISSING__,MISSING__MISSING__RARE__,0
2735,A1Cresult,__MISSING__MISSING__MISSING__MISSING__2,__MISSING__,MISSING__MISSING__MISSING__2,0
2737,A1Cresult,__MISSING__MISSING__MISSING__RARE__MISSING__MISSING__MISSING__MISSING__MISSING__,__MISSING__,MISSING__MISSING__RARE__MISSING__MISSING__MISSING__MISSING__MISSING__,0
2770,A1Cresult,__MISSING__MISSING__RARE__MISSING__,__MISSING__,MISSING__RARE__MISSING__,0
2782,A1Cresult,__MISSING__RARE__,__MISSING__,RARE__,0
2822,A1Cresult,__MISSING__MISSING__MISSING__MISSING__MISSING__RARE__MISSING__,__MISSING__,MISSING__MISSING__MISSING__MISSING__RARE__MISSING__,0
2830,A1Cresult,__MISSING__RARE__MISSING__RARE__MISSING__MISSING__,__MISSING__,RARE__MISSING__RARE__MISSING__MISSING__,0
2854,A1Cresult,__MISSING__MISSING__RARE__MISSING__MISSING__MISSING__MISSING__,__MISSING__,MISSING__RARE__MISSING__MISSING__MISSING__MISSING__,0
2895,A1Cresult,__MISSING__MISSING__MISSING__MISSING__MISSING__MISSING__MISSING__MISSING__,__MISSING__,MISSING__MISSING__MISSING__MISSING__MISSING__MISSING__MISSING__,0
2960,A1Cresult,__MISSING__MISSING__MISSING__MISSING__MISSING__MISSING__MISSING__,__MISSING__,MISSING__MISSING__MISSING__MISSING__MISSING__MISSING__,0
2975,A1Cresult,__MISSING__MISSING__RARE__MISSING__MISSING__MISSING__2,__MISSING__,MISSING__RARE__MISSING__MISSING__MISSING__2,0
2978,A1Cresult,__MISSING__MISSING__MISSING__MISSING__MISSING__MISSING__1,__MISSING__,MISSING__MISSING__MISSING__MISSING__MISSING__1,0
3013,A1Cresult,__MISSING__MISSING__MISSING__MISSING__MISSING__,__MISSING__,MISSING__MISSING__MISSING__MISSING__,0
3028,A1Cresult,__MISSING__MISSING__MISSING__RARE__MISSING__MISSING__MISSING__,__MISSING__,MISSING__MISSING__RARE__MISSING__MISSING__MISSING__,0
3123,A1Cresult,__MISSING__MISSING__MISSING__MISSING__RARE__MISSING__2,__MISSING__,MISSING__MISSING__MISSING__RARE__MISSING__2,1
3151,A1Cresult,__MISSING__MISSING__MISSING__,__MISSING__,MISSING__MISSING__,0
3320,A1Cresult,__MISSING__MISSING__MISSING__MISSING__MISSING__RARE__,__MISSING__,MISSING__MISSING__MISSING__MISSING__RARE__,0
3456,A1Cresult,__MISSING__MISSING__MISSING__MISSING__MISSING__MISSING__RARE__,__MISSING__,MISSING__MISSING__MISSING__MISSING__MISSING__RARE__,0
3462,A1Cresult,__MISSING__MISSING__,__MISSING__,MISSING__,1
3523,A1Cresult,__MISSING__MISSING__MISSING__MISSING__MISSING__,__MISSING__,MISSING__MISSING__MISSING__MISSING__,0
3530,A1Cresult,__MISSING__MISSING__MISSING__,__MISSING__,MISSING__MISSING__,0
3561,A1Cresult,__MISSING__MISSING__MISSING__MISSING__,__MISSING__,MISSING__MISSING__MISSING__,0
3589,A1Cresult,__MISSING__RARE__MISSING__MISSING__MISSING__RARE__MISSING__MISSING__,__MISSING__,RARE__MISSING__MISSING__MISSING__RARE__MISSING__MISSING__,0
3690,A1Cresult,__MISSING__MISSING__MISSING__MISSING__RARE__MISSING__MISSING__,__MISSING__,MISSING__MISSING__MISSING__RARE__MISSING__MISSING__,0
3706,A1Cresult,__MISSING__MISSING__MISSING__MISSING__MISSING__MISSING__MISSING__MISSING__MISSING__,__MISSING__,MISSING__MISSING__MISSING__MISSING__MISSING__MISSING__MISSING__MISSING__,0
3830,A1Cresult,__MISSING__MISSING__MISSING__MISSING__MISSING__RARE__MISSING__MISSING__,__MISSING__,MISSING__MISSING__MISSING__MISSING__RARE__MISSING__MISSING__,0
3867,A1Cresult,__MISSING__MISSING__MISSING__RARE__MISSING__MISSING__RARE__MISSING__,__MISSING__,MISSING__MISSING__RARE__MISSING__MISSING__RARE__MISSING__,0
3890,A1Cresult,__MISSING__MISSING__MISSING__MISSING__MISSING__1,__MISSING__,MISSING__MISSING__MISSING__MISSING__1,0
3995,A1Cresult,__MISSING__MISSING__RARE__RARE__MISSING__MISSING__,__MISSING__,MISSING__RARE__RARE__MISSING__MISSING__,0
4051,A1Cresult,__MISSING__MISSING__MISSING__,__MISSING__,MISSING__MISSING__,1
4080,A1Cresult,__MISSING__MISSING__MISSING__MISSING__MISSING__RARE__,__MISSING__,MISSING__MISSING__MISSING__MISSING__RARE__,1
4117,A1Cresult,__MISSING__MISSING__RARE__2,__MISSING__,MISSING__RARE__2,0
4163,A1Cresult,__MISSING__MISSING__MISSING__RARE__MISSING__RARE__MISSING__MISSING__MISSING__,__MISSING__,MISSING__MISSING__RARE__MISSING__RARE__MISSING__MISSING__MISSING__,0
4225,A1Cresult,__MISSING__MISSING__RARE__RARE__MISSING__MISSING__RARE__,__MISSING__,MISSING__RARE__RARE__MISSING__MISSING__RARE__,0
4246,A1Cresult,__MISSING__MISSING__MISSING__RARE__MISSING__MISSING__,__MISSING__,MISSING__MISSING__RARE__MISSING__MISSING__,0
4290,A1Cresult,__MISSING__MISSING__MISSING__RARE__MISSING__RARE__MISSING__,__MISSING__,MISSING__MISSING__RARE__MISSING__RARE__MISSING__,1
4366,A1Cresult,__MISSING__MISSING__MISSING__RARE__MISSING__,__MISSING__,MISSING__MISSING__RARE__MISSING__,0
4456,A1Cresult,__MISSING__MISSING__,__MISSING__,MISSING__,0
4470,A1Cresult,__MISSING__MISSING__MISSING__RARE__MISSING__RARE__MISSING__RARE__,__MISSING__,MISSING__MISSING__RARE__MISSING__RARE__MISSING__RARE__,0
4562,A1Cresult,__MISSING__MISSING__MISSING__MISSING__MISSING__3,__MISSING__,MISSING__MISSING__MISSING__MISSING__3,0
4631,A1Cresult,__MISSING__MISSING__MISSING__MISSING__RARE__MISSING__,__MISSING__,MISSING__MISSING__MISSING__RARE__MISSING__,0
4650,A1Cresult,__MISSING__MISSING__MISSING__RARE__MISSING__MISSING__,__MISSING__,MISSING__MISSING__RARE__MISSING__MISSING__,0
4664,A1Cresult,__MISSING__MISSING__MISSING__MISSING__MISSING__MISSING__MISSING__MISSING__MISSING__MISSING__,__MISSING__,MISSING__MISSING__MISSING__MISSING__MISSING__MISSING__MISSING__MISSING__MISSING__,0
4679,A1Cresult,__MISSING__MISSING__MISSING__RARE__MISSING__MISSING__RARE__,__MISSING__,MISSING__MISSING__RARE__MISSING__MISSING__RARE__,0
4770,A1Cresult,__MISSING__MISSING__MISSING__RARE__MISSING__MISSING__MISSING__,__MISSING__,MISSING__MISSING__RARE__MISSING__MISSING__MISSING__,0
4803,A1Cresult,__MISSING__MISSING__MISSING__RARE__MISSING__RARE__,__MISSING__,MISSING__MISSING__RARE__MISSING__RARE__,0
4906,A1Cresult,__MISSING__MISSING__MISSING__MISSING__MISSING__MISSING__MISSING__RARE__,__MISSING__,MISSING__MISSING__MISSING__MISSING__MISSING__MISSING__RARE__,0
4956,A1Cresult,__MISSING__MISSING__MISSING__MISSING__RARE__RARE__MISSING__,__MISSING__,MISSING__MISSING__MISSING__RARE__RARE__MISSING__,0
5150,A1Cresult,__MISSING__MISSING__MISSING__MISSING__RARE__MISSING__RARE__MISSING__,__MISSING__,MISSING__MISSING__MISSING__RARE__MISSING__RARE__MISSING__,0
5158,A1Cresult,__MISSING__RARE__MISSING__MISSING__RARE__RARE__MISSING__MISSING__MISSING__,__MISSING__,RARE__MISSING__MISSING__RARE__RARE__MISSING__MISSING__MISSING__,0
5185,A1Cresult,__MISSING__MISSING__MISSING__RARE__MISSING__MISSING__RARE__MISSING__,__MISSING__,MISSING__MISSING__RARE__MISSING__MISSING__RARE__MISSING__,0
5248,A1Cresult,__MISSING__MISSING__RARE__MISSING__,__MISSING__,MISSING__RARE__MISSING__,0
5283,A1Cresult,__MISSING__MISSING__MISSING__MISSING__,__MISSING__,MISSING__MISSING__MISSING__,1
5315,A1Cresult,__MISSING__MISSING__RARE__MISSING__MISSING__,__MISSING__,MISSING__RARE__MISSING__MISSING__,0
5334,A1Cresult,__MISSING__MISSING__MISSING__,__MISSING__,MISSING__MISSING__,0
5351,A1Cresult,__MISSING__MISSING__MISSING__MISSING__MISSING__MISSING__MISSING__MISSING__,__MISSING__,MISSING__MISSING__MISSING__MISSING__MISSING__MISSING__MISSING__,0
5435,A1Cresult,__MISSING__MISSING__MISSING__MISSING__MISSING__MISSING__MISSING__MISSING__,__MISSING__,MISSING__MISSING__MISSING__MISSING__MISSING__MISSING__MISSING__,0
5478,A1Cresult,__MISSING__MISSING__MISSING__MISSING__MISSING__RARE__,__MISSING__,MISSING__MISSING__MISSING__MISSING__RARE__,0
5512,A1Cresult,__MISSING__MISSING__MISSING__MISSING__MISSING__,__MISSING__,MISSING__MISSING__MISSING__MISSING__,1
5524,A1Cresult,__MISSING__MISSING__MISSING__MISSING__MISSING__MISSING__MISSING__RARE__,__MISSING__,MISSING__MISSING__MISSING__MISSING__MISSING__MISSING__RARE__,0
5537,A1Cresult,__MISSING__MISSING__RARE__MISSING__,__MISSING__,MISSING__RARE__MISSING__,0
5623,A1Cresult,__MISSING__MISSING__MISSING__RARE__MISSING__RARE__MISSING__MISSING__,__MISSING__,MISSING__MISSING__RARE__MISSING__RARE__MISSING__MISSING__,0
5655,A1Cresult,__MISSING__RARE__MISSING__MISSING__,__MISSING__,RARE__MISSING__MISSING__,0
5711,A1Cresult,__MISSING__MISSING__MISSING__3,__MISSING__,MISSING__MISSING__3,0
5767,A1Cresult,__MISSING__MISSING__RARE__MISSING__MISSING__,__MISSING__,MISSING__RARE__MISSING__MISSING__,0
5788,A1Cresult,__MISSING__MISSING__MISSING__MISSING__MISSING__MISSING__MISSING__num_procedures,__MISSING__,MISSING__MISSING__MISSING__MISSING__MISSING__MISSING__num_procedures,0
5816,A1Cresult,__MISSING__MISSING__RARE__MISSING__MISSING__MISSING__,__MISSING__,MISSING__RARE__MISSING__MISSING__MISSING__,0
5851,A1Cresult,__MISSING__RARE__MISSING__MISSING__RARE__,__MISSING__,RARE__MISSING__MISSING__RARE__,0
5905,A1Cresult,__MISSING__MISSING__MISSING__MISSING__RARE__MISSING__RARE__,__MISSING__,MISSING__MISSING__MISSING__RARE__MISSING__RARE__,0
5962,A1Cresult,__MISSING__MISSING__,__MISSING__,MISSING__,0
5977,A1Cresult,__MISSING__MISSING__RARE__MISSING__MISSING__,__MISSING__,MISSING__RARE__MISSING__MISSING__,0
6008,A1Cresult,__MISSING__MISSING__RARE__MISSING__MISSING__MISSING__MISSING__MISSING__,__MISSING__,MISSING__RARE__MISSING__MISSING__MISSING__MISSING__MISSING__,0
6009,A1Cresult,__MISSING__MISSING__MISSING__MISSING__MISSING__3,__MISSING__,MISSING__MISSING__MISSING__MISSING__3,0
6189,A1Cresult,__MISSING__MISSING__MISSING__MISSING__RARE__MISSING__MISSING__RARE__,__MISSING__,MISSING__MISSING__MISSING__RARE__MISSING__MISSING__RARE__,1
6227,A1Cresult,__MISSING__MISSING__MISSING__MISSING__3,__MISSING__,MISSING__MISSING__MISSING__3,0
6229,A1Cresult,__MISSING__MISSING__MISSING__MISSING__MISSING__3,__MISSING__,MISSING__MISSING__MISSING__MISSING__3,0
6257,A1Cresult,__MISSING__MISSING__RARE__MISSING__MISSING__MISSING__MISSING__RARE__MISSING__,__MISSING__,MISSING__RARE__MISSING__MISSING__MISSING__MISSING__RARE__MISSING__,0
6278,A1Cresult,__MISSING__MISSING__MISSING__MISSING__MISSING__MISSING__RARE__MISSING__,__MISSING__,MISSING__MISSING__MISSING__MISSING__MISSING__RARE__MISSING__,0
6317,A1Cresult,__MISSING__MISSING__MISSING__RARE__MISSING__MISSING__,__MISSING__,MISSING__MISSING__RARE__MISSING__MISSING__,0
6320,A1Cresult,__MISSING__MISSING__MISSING__MISSING__,__MISSING__,MISSING__MISSING__MISSING__,0
6358,A1Cresult,__MISSING__MISSING__MISSING__RARE__RARE__MISSING__MISSING__MISSING__,__MISSING__,MISSING__MISSING__RARE__RARE__MISSING__MISSING__MISSING__,0
6435,A1Cresult,__MISSING__MISSING__MISSING__MISSING__MISSING__RARE__,__MISSING__,MISSING__MISSING__MISSING__MISSING__RARE__,0
6461,A1Cresult,__MISSING__RARE__MISSING__RARE__MISSING__RARE__MISSING__MISSING__,__MISSING__,RARE__MISSING__RARE__MISSING__RARE__MISSING__MISSING__,0
6479,A1Cresult,__MISSING__MISSING__MISSING__MISSING__3,__MISSING__,MISSING__MISSING__MISSING__3,0
6497,A1Cresult,__MISSING__1,__MISSING__,1,0
6687,A1Cresult,__MISSING__RARE__MISSING__MISSING__RARE__MISSING__MISSING__MISSING__,__MISSING__,RARE__MISSING__MISSING__RARE__MISSING__MISSING__MISSING__,0
6703,A1Cresult,__MISSING__MISSING__MISSING__RARE__MISSING__MISSING__MISSING__,__MISSING__,MISSING__MISSING__RARE__MISSING__MISSING__MISSING__,0
6708,A1Cresult,__MISSING__MISSING__MISSING__MISSING__MISSING__RARE__MISSING__RARE__,__MISSING__,MISSING__MISSING__MISSING__MISSING__RARE__MISSING__RARE__,0
6743,A1Cresult,__MISSING__MISSING__MISSING__RARE__RARE__MISSING__,__MISSING__,MISSING__MISSING__RARE__RARE__MISSING__,1
6827,A1Cresult,__MISSING__RARE__MISSING__MISSING__MISSING__MISSING__MISSING__,__MISSING__,RARE__MISSING__MISSING__MISSING__MISSING__MISSING__,0
6885,A1Cresult,__MISSING__MISSING__MISSING__,__MISSING__,MISSING__MISSING__,0
6903,A1Cresult,__MISSING__RARE__MISSING__1,__MISSING__,RARE__MISSING__1,1
6916,A1Cresult,__MISSING__MISSING__MISSING__RARE__MISSING__MISSING__,__MISSING__,MISSING__MISSING__RARE__MISSING__MISSING__,0
6920,A1Cresult,__MISSING__MISSING__MISSING__MISSING__,__MISSING__,MISSING__MISSING__MISSING__,0
6923,A1Cresult,__MISSING__MISSING__MISSING__MISSING__MISSING__,__MISSING__,MISSING__MISSING__MISSING__MISSING__,0
6962,A1Cresult,__MISSING__MISSING__MISSING__MISSING__RARE__MISSING__MISSING__,__MISSING__,MISSING__MISSING__MISSING__RARE__MISSING__MISSING__,1
7045,A1Cresult,__MISSING__MISSING__MISSING__MISSING__MISSING__RARE__RARE__MISSING__,__MISSING__,MISSING__MISSING__MISSING__MISSING__RARE__RARE__MISSING__,0
7069,A1Cresult,__MISSING__MISSING__MISSING__MISSING__MISSING__RARE__MISSING__MISSING__,__MISSING__,MISSING__MISSING__MISSING__MISSING__RARE__MISSING__MISSING__,0
7070,A1Cresult,__MISSING__MISSING__RARE__RARE__RARE__MISSING__MISSING__,__MISSING__,MISSING__RARE__RARE__RARE__MISSING__MISSING__,0
7090,A1Cresult,__MISSING__MISSING__MISSING__MISSING__MISSING__MISSING__MISSING__MISSING__,__MISSING__,MISSING__MISSING__MISSING__MISSING__MISSING__MISSING__MISSING__,0
7091,A1Cresult,__MISSING__MISSING__MISSING__RARE__MISSING__MISSING__MISSING__RARE__,__MISSING__,MISSING__MISSING__RARE__MISSING__MISSING__MISSING__RARE__,0
7114,A1Cresult,__MISSING__MISSING__MISSING__RARE__MISSING__MISSING__RARE__,__MISSING__,MISSING__MISSING__RARE__MISSING__MISSING__RARE__,0
7174,A1Cresult,__MISSING__MISSING__RARE__MISSING__MISSING__,__MISSING__,MISSING__RARE__MISSING__MISSING__,0
7202,A1Cresult,__MISSING__MISSING__MISSING__MISSING__MISSING__RARE__MISSING__RARE__,__MISSING__,MISSING__MISSING__MISSING__MISSING__RARE__MISSING__RARE__,0
7260,A1Cresult,__MISSING__MISSING__RARE__MISSING__MISSING__RARE__MISSING__,__MISSING__,MISSING__RARE__MISSING__MISSING__RARE__MISSING__,0
7274,A1Cresult,__MISSING__MISSING__MISSING__MISSING__MISSING__3,__MISSING__,MISSING__MISSING__MISSING__MISSING__3,0
7317,A1Cresult,__MISSING__MISSING__MISSING__,__MISSING__,MISSING__MISSING__,0
7453,A1Cresult,__MISSING__RARE__RARE__MISSING__MISSING__RARE__MISSING__MISSING__,__MISSING__,RARE__RARE__MISSING__MISSING__RARE__MISSING__MISSING__,0
7580,A1Cresult,__MISSING__MISSING__MISSING__MISSING__MISSING__MISSING__MISSING__,__MISSING__,MISSING__MISSING__MISSING__MISSING__MISSING__MISSING__,0
7599,A1Cresult,__MISSING__RARE__MISSING__MISSING__MISSING__,__MISSING__,RARE__MISSING__MISSING__MISSING__,0
7727,A1Cresult,__MISSING__MISSING__MISSING__MISSING__,__MISSING__,MISSING__MISSING__MISSING__,0
7731,A1Cresult,__MISSING__2,__MISSING__,2,0
7861,A1Cresult,__MISSING__MISSING__MISSING__RARE__RARE__MISSING__RARE__,__MISSING__,MISSING__MISSING__RARE__RARE__MISSING__RARE__,1
7913,A1Cresult,__MISSING__RARE__MISSING__RARE__MISSING__MISSING__,__MISSING__,RARE__MISSING__RARE__MISSING__MISSING__,1
7916,A1Cresult,__MISSING__RARE__MISSING__MISSING__MISSING__RARE__,__MISSING__,RARE__MISSING__MISSING__MISSING__RARE__,0
7929,A1Cresult,__MISSING__MISSING__RARE__MISSING__MISSING__MISSING__MISSING__,__MISSING__,MISSING__RARE__MISSING__MISSING__MISSING__MISSING__,0
7955,A1Cresult,__MISSING__MISSING__MISSING__MISSING__C,__MISSING__,MISSING__MISSING__MISSING__C,0
7973,A1Cresult,__MISSING__MISSING__RARE__MISSING__MISSING__,__MISSING__,MISSING__RARE__MISSING__MISSING__,0
8005,A1Cresult,__MISSING__RARE__MISSING__MISSING__MISSING__,__MISSING__,RARE__MISSING__MISSING__MISSING__,1
8021,A1Cresult,__MISSING__MISSING__MISSING__RARE__MISSING__MISSING__MISSING__RARE__,__MISSING__,MISSING__MISSING__RARE__MISSING__MISSING__MISSING__RARE__,0
8078,A1Cresult,__MISSING__MISSING__MISSING__MISSING__RARE__,__MISSING__,MISSING__MISSING__MISSING__RARE__,0
8181,A1Cresult,__MISSING__MISSING__MISSING__MISSING__,__MISSING__,MISSING__MISSING__MISSING__,0
8226,A1Cresult,__MISSING__MISSING__2,__MISSING__,MISSING__2,0
8258,A1Cresult,__MISSING__MISSING__MISSING__RARE__MISSING__RARE__,__MISSING__,MISSING__MISSING__RARE__MISSING__RARE__,0
8318,A1Cresult,__MISSING__MISSING__MISSING__MISSING__,__MISSING__,MISSING__MISSING__MISSING__,0
8374,A1Cresult,__MISSING__MISSING__MISSING__MISSING__MISSING__RARE__MISSING__MISSING__,__MISSING__,MISSING__MISSING__MISSING__MISSING__RARE__MISSING__MISSING__,0
8451,A1Cresult,__MISSING__MISSING__MISSING__MISSING__MISSING__RARE__MISSING__MISSING__,__MISSING__,MISSING__MISSING__MISSING__MISSING__RARE__MISSING__MISSING__,0
8584,A1Cresult,__MISSING__MISSING__MISSING__MISSING__3,__MISSING__,MISSING__MISSING__MISSING__3,0
8614,A1Cresult,__MISSING__MISSING__MISSING__RARE__MISSING__RARE__MISSING__2,__MISSING__,MISSING__MISSING__RARE__MISSING__RARE__MISSING__2,0
8714,A1Cresult,__MISSING__MISSING__RARE__MISSING__MISSING__MISSING__MISSING__MISSING__,__MISSING__,MISSING__RARE__MISSING__MISSING__MISSING__MISSING__MISSING__,0
8756,A1Cresult,__MISSING__MISSING__MISSING__2,__MISSING__,MISSING__MISSING__2,0
8778,A1Cresult,__MISSING__MISSING__MISSING__RARE__MISSING__MISSING__MISSING__3,__MISSING__,MISSING__MISSING__RARE__MISSING__MISSING__MISSING__3,1
8791,A1Cresult,__MISSING__MISSING__MISSING__MISSING__RARE__MISSING__MISSING__MISSING__,__MISSING__,MISSING__MISSING__MISSING__RARE__MISSING__MISSING__MISSING__,0
8818,A1Cresult,__MISSING__MISSING__RARE__MISSING__MISSING__,__MISSING__,MISSING__RARE__MISSING__MISSING__,0
8882,A1Cresult,__MISSING__MISSING__MISSING__3,__MISSING__,MISSING__MISSING__3,0
8908,A1Cresult,__MISSING__MISSING__MISSING__MISSING__MISSING__MISSING__RARE__,__MISSING__,MISSING__MISSING__MISSING__MISSING__MISSING__RARE__,0
8953,A1Cresult,__MISSING__MISSING__RARE__MISSING__MISSING__,__MISSING__,MISSING__RARE__MISSING__MISSING__,0
8960,A1Cresult,__MISSING__MISSING__MISSING__MISSING__MISSING__MISSING__3,__MISSING__,MISSING__MISSING__MISSING__MISSING__MISSING__3,1
8979,A1Cresult,__MISSING__MISSING__MISSING__MISSING__RARE__RARE__MISSING__MISSING__,__MISSING__,MISSING__MISSING__MISSING__RARE__RARE__MISSING__MISSING__,0
9022,A1Cresult,__MISSING__MISSING__RARE__MISSING__RARE__MISSING__RARE__,__MISSING__,MISSING__RARE__MISSING__RARE__MISSING__RARE__,0
9050,A1Cresult,__MISSING__MISSING__MISSING__MISSING__RARE__,__MISSING__,MISSING__MISSING__MISSING__RARE__,0
9085,A1Cresult,__MISSING__MISSING__MISSING__,__MISSING__,MISSING__MISSING__,0
9109,A1Cresult,__MISSING__MISSING__RARE__MISSING__MISSING__RARE__MISSING__,__MISSING__,MISSING__RARE__MISSING__MISSING__RARE__MISSING__,0
9133,A1Cresult,__MISSING__MISSING__RARE__MISSING__RARE__MISSING__MISSING__,__MISSING__,MISSING__RARE__MISSING__RARE__MISSING__MISSING__,0
9166,A1Cresult,__MISSING__MISSING__MISSING__RARE__MISSING__RARE__,__MISSING__,MISSING__MISSING__RARE__MISSING__RARE__,0
9179,A1Cresult,__MISSING__MISSING__MISSING__RARE__MISSING__,__MISSING__,MISSING__MISSING__RARE__MISSING__,0
9299,A1Cresult,__MISSING__MISSING__MISSING__RARE__MISSING__MISSING__,__MISSING__,MISSING__MISSING__RARE__MISSING__MISSING__,0
9315,A1Cresult,__MISSING__25,__MISSING__,25,0
9435,A1Cresult,__MISSING__MISSING__MISSING__MISSING__MISSING__MISSING__MISSING__RARE__,__MISSING__,MISSING__MISSING__MISSING__MISSING__MISSING__MISSING__RARE__,0
9437,A1Cresult,__MISSING__MISSING__RARE__MISSING__MISSING__,__MISSING__,MISSING__RARE__MISSING__MISSING__,0
9474,A1Cresult,__MISSING__MISSING__MISSING__MISSING__MISSING__RARE__MISSING__,__MISSING__,MISSING__MISSING__MISSING__MISSING__RARE__MISSING__,0
9503,A1Cresult,__MISSING__MISSING__MISSING__MISSING__RARE__MISSING__,__MISSING__,MISSING__MISSING__MISSING__RARE__MISSING__,0
9504,A1Cresult,__MISSING__MISSING__RARE__MISSING__MISSING__RARE__MISSING__RARE__,__MISSING__,MISSING__RARE__MISSING__MISSING__RARE__MISSING__RARE__,1
9515,A1Cresult,__MISSING__RARE__MISSING__MISSING__MISSING__RARE__,__MISSING__,RARE__MISSING__MISSING__MISSING__RARE__,0
9535,A1Cresult,__MISSING__MISSING__RARE__MISSING__MISSING__MISSING__MISSING__,__MISSING__,MISSING__RARE__MISSING__MISSING__MISSING__MISSING__,1
9563,A1Cresult,__MISSING__RARE__MISSING__MISSING__MISSING__RARE__MISSING__MISSING__,__MISSING__,RARE__MISSING__MISSING__MISSING__RARE__MISSING__MISSING__,0
9665,A1Cresult,__MISSING__MISSING__MISSING__MISSING__MISSING__1,__MISSING__,MISSING__MISSING__MISSING__MISSING__1,0
9704,A1Cresult,__MISSING__MISSING__MISSING__RARE__,__MISSING__,MISSING__MISSING__RARE__,0
9754,A1Cresult,__MISSING__MISSING__MISSING__MISSING__MISSING__RARE__,__MISSING__,MISSING__MISSING__MISSING__MISSING__RARE__,0
9786,A1Cresult,__MISSING__RARE__MISSING__MISSING__MISSING__MISSING__3,__MISSING__,RARE__MISSING__MISSING__MISSING__MISSING__3,0
9838,A1Cresult,__MISSING__MISSING__MISSING__RARE__MISSING__MISSING__1,__MISSING__,MISSING__MISSING__RARE__MISSING__MISSING__1,0
9878,A1Cresult,__MISSING__MISSING__RARE__MISSING__MISSING__RARE__RARE__MISSING__,__MISSING__,MISSING__RARE__MISSING__MISSING__RARE__RARE__MISSING__,0
10001,A1Cresult,__MISSING__MISSING__MISSING__MISSING__MISSING__MISSING__MISSING__,__MISSING__,MISSING__MISSING__MISSING__MISSING__MISSING__MISSING__,0
10005,A1Cresult,__MISSING__MISSING__MISSING__MISSING__MISSING__MISSING__MISSING__,__MISSING__,MISSING__MISSING__MISSING__MISSING__MISSING__MISSING__,0
10020,A1Cresult,__MISSING__MISSING__MISSING__RARE__MISSING__,__MISSING__,MISSING__MISSING__RARE__MISSING__,0
10085,A1Cresult,__MISSING__MISSING__RARE__MISSING__MISSING__MISSING__MISSING__,__MISSING__,MISSING__RARE__MISSING__MISSING__MISSING__MISSING__,0
10090,A1Cresult,__MISSING__MISSING__MISSING__MISSING__MISSING__MISSING__,__MISSING__,MISSING__MISSING__MISSING__MISSING__MISSING__,0
10114,A1Cresult,__MISSING__2,__MISSING__,2,0
10126,A1Cresult,__MISSING__MISSING__MISSING__MISSING__RARE__MISSING__MISSING__RARE__,__MISSING__,MISSING__MISSING__MISSING__RARE__MISSING__MISSING__RARE__,0
10185,A1Cresult,__MISSING__MISSING__MISSING__MISSING__2,__MISSING__,MISSING__MISSING__MISSING__2,1
10206,A1Cresult,__MISSING__MISSING__MISSING__MISSING__RARE__RARE__MISSING__MISSING__,__MISSING__,MISSING__MISSING__MISSING__RARE__RARE__MISSING__MISSING__,0
10233,A1Cresult,__MISSING__MISSING__RARE__MISSING__MISSING__MISSING__,__MISSING__,MISSING__RARE__MISSING__MISSING__MISSING__,0
10320,A1Cresult,__MISSING__MISSING__MISSING__MISSING__RARE__MISSING__MISSING__MISSING__,__MISSING__,MISSING__MISSING__MISSING__RARE__MISSING__MISSING__MISSING__,0
10390,A1Cresult,__MISSING__MISSING__MISSING__MISSING__MISSING__3,__MISSING__,MISSING__MISSING__MISSING__MISSING__3,0
10392,A1Cresult,__MISSING__MISSING__RARE__MISSING__MISSING__MISSING__RARE__,__MISSING__,MISSING__RARE__MISSING__MISSING__MISSING__RARE__,0
10443,A1Cresult,__MISSING__RARE__MISSING__MISSING__MISSING__MISSING__MISSING__,__MISSING__,RARE__MISSING__MISSING__MISSING__MISSING__MISSING__,0
10463,A1Cresult,__MISSING__MISSING__MISSING__RARE__MISSING__MISSING__,__MISSING__,MISSING__MISSING__RARE__MISSING__MISSING__,0
10497,A1Cresult,__MISSING__MISSING__MISSING__C race,__MISSING__,MISSING__MISSING__C race,1
10582,A1Cresult,__MISSING__MISSING__MISSING__RARE__MISSING__MISSING__MISSING__MISSING__,__MISSING__,MISSING__MISSING__RARE__MISSING__MISSING__MISSING__MISSING__,1
10666,A1Cresult,__MISSING__MISSING__MISSING__MISSING__RARE__,__MISSING__,MISSING__MISSING__MISSING__RARE__,0
10684,A1Cresult,__MISSING__RARE__MISSING__MISSING__,__MISSING__,RARE__MISSING__MISSING__,0
10716,A1Cresult,__MISSING__MISSING__MISSING__RARE__MISSING__MISSING__MISSING__,__MISSING__,MISSING__MISSING__RARE__MISSING__MISSING__MISSING__,0
10767,A1Cresult,__MISSING__MISSING__MISSING__MISSING__MISSING__3,__MISSING__,MISSING__MISSING__MISSING__MISSING__3,0
10872,A1Cresult,__MISSING__MISSING__MISSING__MISSING__MISSING__MISSING__MISSING__MISSING__,__MISSING__,MISSING__MISSING__MISSING__MISSING__MISSING__MISSING__MISSING__,0
10915,A1Cresult,__MISSING__MISSING__MISSING__RARE__MISSING__MISSING__RARE__,__MISSING__,MISSING__MISSING__RARE__MISSING__MISSING__RARE__,0
10928,A1Cresult,__MISSING__MISSING__MISSING__MISSING__MISSING__MISSING__MISSING__RARE__,__MISSING__,MISSING__MISSING__MISSING__MISSING__MISSING__MISSING__RARE__,0
11003,A1Cresult,__MISSING__RARE__MISSING__RARE__MISSING__MISSING__MISSING__,__MISSING__,RARE__MISSING__RARE__MISSING__MISSING__MISSING__,1
11025,A1Cresult,__MISSING__MISSING__MISSING__MISSING__MISSING__,__MISSING__,MISSING__MISSING__MISSING__MISSING__,0
11060,A1Cresult,__MISSING__MISSING__MISSING__MISSING__,__MISSING__,MISSING__MISSING__MISSING__,0
11098,A1Cresult,__MISSING__MISSING__MISSING__RARE__MISSING__MISSING__RARE__,__MISSING__,MISSING__MISSING__RARE__MISSING__MISSING__RARE__,0
11122,A1Cresult,__MISSING__MISSING__RARE__MISSING__MISSING__MISSING__MISSING__,__MISSING__,MISSING__RARE__MISSING__MISSING__MISSING__MISSING__,0
11196,A1Cresult,__MISSING__MISSING__RARE__MISSING__MISSING__MISSING__RARE__,__MISSING__,MISSING__RARE__MISSING__MISSING__MISSING__RARE__,0
11202,A1Cresult,__MISSING__MISSING__MISSING__MISSING__MISSING__MISSING__3,__MISSING__,MISSING__MISSING__MISSING__MISSING__MISSING__3,0
11277,A1Cresult,__MISSING__MISSING__MISSING__MISSING__MISSING__MISSING__,__MISSING__,MISSING__MISSING__MISSING__MISSING__MISSING__,0
11427,A1Cresult,__MISSING__MISSING__RARE__MISSING__RARE__MISSING__MISSING__,__MISSING__,MISSING__RARE__MISSING__RARE__MISSING__MISSING__,0
11429,A1Cresult,__MISSING__MISSING__3,__MISSING__,MISSING__3,0
11543,A1Cresult,__MISSING__MISSING__MISSING__MISSING__1,__MISSING__,MISSING__MISSING__MISSING__1,0
11675,A1Cresult,__MISSING__MISSING__MISSING__MISSING__MISSING__MISSING__MISSING__,__MISSING__,MISSING__MISSING__MISSING__MISSING__MISSING__MISSING__,0
11797,A1Cresult,__MISSING__RARE__MISSING__MISSING__RARE__MISSING__,__MISSING__,RARE__MISSING__MISSING__RARE__MISSING__,1
11806,A1Cresult,__MISSING__MISSING__RARE__MISSING__MISSING__MISSING__MISSING__MISSING__RARE__,__MISSING__,MISSING__RARE__MISSING__MISSING__MISSING__MISSING__MISSING__RARE__,0
11893,A1Cresult,__MISSING__MISSING__MISSING__MISSING__MISSING__RARE__MISSING__RARE__,__MISSING__,MISSING__MISSING__MISSING__MISSING__RARE__MISSING__RARE__,0
11977,A1Cresult,__MISSING__MISSING__MISSING__RARE__MISSING__3,__MISSING__,MISSING__MISSING__RARE__MISSING__3,1
11986,A1Cresult,__MISSING__MISSING__RARE__MISSING__MISSING__,__MISSING__,MISSING__RARE__MISSING__MISSING__,0
12007,A1Cresult,__MISSING__RARE__MISSING__MISSING__MISSING__,__MISSING__,RARE__MISSING__MISSING__MISSING__,0
12068,A1Cresult,__MISSING__MISSING__RARE__MISSING__MISSING__MISSING__3,__MISSING__,MISSING__RARE__MISSING__MISSING__MISSING__3,0
12087,A1Cresult,__MISSING__MISSING__MISSING__RARE__MISSING__,__MISSING__,MISSING__MISSING__RARE__MISSING__,0
12120,A1Cresult,__MISSING__MISSING__MISSING__MISSING__MISSING__MISSING__MISSING__3,__MISSING__,MISSING__MISSING__MISSING__MISSING__MISSING__MISSING__3,0
12122,A1Cresult,__MISSING__MISSING__MISSING__RARE__MISSING__MISSING__,__MISSING__,MISSING__MISSING__RARE__MISSING__MISSING__,1
12178,A1Cresult,__MISSING__MISSING__MISSING__MISSING__MISSING__MISSING__MISSING__,__MISSING__,MISSING__MISSING__MISSING__MISSING__MISSING__MISSING__,0
12180,A1Cresult,__MISSING__MISSING__MISSING__RARE__MISSING__,__MISSING__,MISSING__MISSING__RARE__MISSING__,0
12182,A1Cresult,__MISSING__MISSING__MISSING__RARE__,__MISSING__,MISSING__MISSING__RARE__,0
12196,A1Cresult,__MISSING__MISSING__MISSING__MISSING__MISSING__MISSING__MISSING__,__MISSING__,MISSING__MISSING__MISSING__MISSING__MISSING__MISSING__,0
12342,A1Cresult,__MISSING__MISSING__MISSING__RARE__,__MISSING__,MISSING__MISSING__RARE__,0
12376,A1Cresult,__MISSING__MISSING__MISSING__MISSING__RARE__MISSING__RARE__MISSING__,__MISSING__,MISSING__MISSING__MISSING__RARE__MISSING__RARE__MISSING__,0
12380,A1Cresult,__MISSING__MISSING__MISSING__MISSING__MISSING__MISSING__MISSING__3,__MISSING__,MISSING__MISSING__MISSING__MISSING__MISSING__MISSING__3,0
12463,A1Cresult,__MISSING__MISSING__MISSING__MISSING__MISSING__RARE__MISSING__MISSING__MISSING__,__MISSING__,MISSING__MISSING__MISSING__MISSING__RARE__MISSING__MISSING__MISSING__,0
12472,A1Cresult,__MISSING__RARE__MISSING__RARE__MISSING__RARE__MISSING__MISSING__,__MISSING__,RARE__MISSING__RARE__MISSING__RARE__MISSING__MISSING__,0
12482,A1Cresult,__MISSING__MISSING__MISSING__MISSING__RARE__MISSING__MISSING__,__MISSING__,MISSING__MISSING__MISSING__RARE__MISSING__MISSING__,0
12579,A1Cresult,__MISSING__MISSING__MISSING__MISSING__MISSING__MISSING__RARE__,__MISSING__,MISSING__MISSING__MISSING__MISSING__MISSING__RARE__,0
12669,A1Cresult,__MISSING__MISSING__MISSING__,__MISSING__,MISSING__MISSING__,0
12760,A1Cresult,__MISSING__RARE__MISSING__MISSING__MISSING__,__MISSING__,RARE__MISSING__MISSING__MISSING__,0
12805,A1Cresult,__MISSING__MISSING__RARE__MISSING__,__MISSING__,MISSING__RARE__MISSING__,0
12816,A1Cresult,__MISSING__MISSING__MISSING__3,__MISSING__,MISSING__MISSING__3,0
12874,A1Cresult,__MISSING__MISSING__MISSING__MISSING__MISSING__RARE__MISSING__,__MISSING__,MISSING__MISSING__MISSING__MISSING__RARE__MISSING__,0
12968,A1Cresult,__MISSING__RARE__MISSING__MISSING__MISSING__,__MISSING__,RARE__MISSING__MISSING__MISSING__,0
13023,A1Cresult,__MISSING__MISSING__RARE__MISSING__RARE__MISSING__,__MISSING__,MISSING__RARE__MISSING__RARE__MISSING__,0
13067,A1Cresult,__MISSING__RARE__MISSING__MISSING__MISSING__RARE__MISSING__MISSING__,__MISSING__,RARE__MISSING__MISSING__MISSING__RARE__MISSING__MISSING__,1
13114,A1Cresult,__MISSING__MISSING__MISSING__MISSING__MISSING__RARE__RARE__MISSING__MISSING__,__MISSING__,MISSING__MISSING__MISSING__MISSING__RARE__RARE__MISSING__MISSING__,0
13118,A1Cresult,__MISSING__MISSING__MISSING__MISSING__MISSING__MISSING__3,__MISSING__,MISSING__MISSING__MISSING__MISSING__MISSING__3,0
13135,A1Cresult,__MISSING__MISSING__MISSING__RARE__MISSING__RARE__MISSING__,__MISSING__,MISSING__MISSING__RARE__MISSING__RARE__MISSING__,0
13140,A1Cresult,__MISSING__RARE__MISSING__2,__MISSING__,RARE__MISSING__2,0
13191,A1Cresult,__MISSING__MISSING__MISSING__,__MISSING__,MISSING__MISSING__,1
13677,A1Cresult,__MISSING__MISSING__MISSING__MISSING__MISSING__3,__MISSING__,MISSING__MISSING__MISSING__MISSING__3,1
13684,A1Cresult,__MISSING__MISSING__RARE__RARE__RARE__MISSING__,__MISSING__,MISSING__RARE__RARE__RARE__MISSING__,0
13811,A1Cresult,__MISSING__MISSING__MISSING__MISSING__MISSING__MISSING__MISSING__,__MISSING__,MISSING__MISSING__MISSING__MISSING__MISSING__MISSING__,0
13957,A1Cresult,__MISSING__RARE__MISSING__MISSING__,__MISSING__,RARE__MISSING__MISSING__,0
13973,A1Cresult,__MISSING__MISSING__MISSING__MISSING__MISSING__2,__MISSING__,MISSING__MISSING__MISSING__MISSING__2,0
13994,A1Cresult,__MISSING__MISSING__MISSING__MISSING__MISSING__MISSING__,__MISSING__,MISSING__MISSING__MISSING__MISSING__MISSING__,0
14172,A1Cresult,__MISSING__MISSING__MISSING__2,__MISSING__,MISSING__MISSING__2,0
14433,A1Cresult,__MISSING__MISSING__MISSING__RARE__MISSING__MISSING__RARE__,__MISSING__,MISSING__MISSING__RARE__MISSING__MISSING__RARE__,0
14458,A1Cresult,__MISSING__MISSING__MISSING__MISSING__MISSING__,__MISSING__,MISSING__MISSING__MISSING__MISSING__,0
14494,A1Cresult,__MISSING__RARE__MISSING__MISSING__MISSING__,__MISSING__,RARE__MISSING__MISSING__MISSING__,0
14665,A1Cresult,__MISSING__MISSING__MISSING__RARE__MISSING__MISSING__RARE__,__MISSING__,MISSING__MISSING__RARE__MISSING__MISSING__RARE__,0
14667,A1Cresult,__MISSING__MISSING__RARE__MISSING__MISSING__RARE__,__MISSING__,MISSING__RARE__MISSING__MISSING__RARE__,0
14683,A1Cresult,__MISSING__RARE__MISSING__MISSING__MISSING__MISSING__RARE__RARE__MISSING__MISSING__,__MISSING__,RARE__MISSING__MISSING__MISSING__MISSING__RARE__RARE__MISSING__MISSING__,0
14756,A1Cresult,__MISSING__RARE__MISSING__MISSING__MISSING__MISSING__MISSING__MISSING__,__MISSING__,RARE__MISSING__MISSING__MISSING__MISSING__MISSING__MISSING__,0
14809,A1Cresult,__MISSING__MISSING__MISSING__MISSING__MISSING__RARE__MISSING__,__MISSING__,MISSING__MISSING__MISSING__MISSING__RARE__MISSING__,0
14876,A1Cresult,__MISSING__MISSING__MISSING__MISSING__,__MISSING__,MISSING__MISSING__MISSING__,0
14902,A1Cresult,__MISSING__MISSING__MISSING__RARE__RARE__MISSING__RARE__,__MISSING__,MISSING__MISSING__RARE__RARE__MISSING__RARE__,0
14914,A1Cresult,__MISSING__MISSING__RARE__MISSING__MISSING__,__MISSING__,MISSING__RARE__MISSING__MISSING__,0
15130,A1Cresult,__MISSING__MISSING__MISSING__roslitazone,__MISSING__,MISSING__MISSING__roslitazone,0
15141,A1Cresult,__MISSING__RARE__RARE__MISSING__MISSING__MISSING__RARE__,__MISSING__,RARE__RARE__MISSING__MISSING__MISSING__RARE__,0
15173,A1Cresult,__MISSING__MISSING__MISSING__MISSING__RARE__MISSING__,__MISSING__,MISSING__MISSING__MISSING__RARE__MISSING__,0
15183,A1Cresult,__MISSING__MISSING__RARE__MISSING__RARE__,__MISSING__,MISSING__RARE__MISSING__RARE__,0
15244,A1Cresult,__MISSING__3,__MISSING__,3,0
15371,A1Cresult,__MISSING__RARE__MISSING__RARE__MISSING__RARE__RARE,__MISSING__,RARE__MISSING__RARE__MISSING__RARE__RARE,0
15411,A1Cresult,__MISSING__MISSING__MISSING__MISSING__RARE__MISSING__MISSING__,__MISSING__,MISSING__MISSING__MISSING__RARE__MISSING__MISSING__,0
15576,A1Cresult,__MISSING__MISSING__RARE__RARE__MISSING__MISSING__MISSING__MISSING__,__MISSING__,MISSING__RARE__RARE__MISSING__MISSING__MISSING__MISSING__,0
15578,A1Cresult,__MISSING__MISSING__RARE__RARE__MISSING__,__MISSING__,MISSING__RARE__RARE__MISSING__,0
15582,A1Cresult,__MISSING__MISSING__MISSING__,__MISSING__,MISSING__MISSING__,0
15583,A1Cresult,__MISSING__MISSING__RARE__MISSING__MISSING__3,__MISSING__,MISSING__RARE__MISSING__MISSING__3,0
15633,A1Cresult,__MISSING__MISSING__MISSING__3,__MISSING__,MISSING__MISSING__3,0
15689,A1Cresult,__MISSING__MISSING__RARE__MISSING__MISSING__MISSING__,__MISSING__,MISSING__RARE__MISSING__MISSING__MISSING__,0
15726,A1Cresult,__MISSING__MISSING__MISSING__MISSING__,__MISSING__,MISSING__MISSING__MISSING__,0
15820,A1Cresult,__MISSING__MISSING__RARE__MISSING__MISSING__RARE__,__MISSING__,MISSING__RARE__MISSING__MISSING__RARE__,0
15895,A1Cresult,__MISSING__RARE__MISSING__,__MISSING__,RARE__MISSING__,0
15927,A1Cresult,__MISSING__MISSING__MISSING__MISSING__MISSING__RARE__MISSING__,__MISSING__,MISSING__MISSING__MISSING__MISSING__RARE__MISSING__,0
15946,A1Cresult,__MISSING__MISSING__RARE__MISSING__MISSING__MISSING__,__MISSING__,MISSING__RARE__MISSING__MISSING__MISSING__,1
16102,A1Cresult,__MISSING__MISSING__RARE__MISSING__MISSING__RARE__MISSING__RARE__MISSING__,__MISSING__,MISSING__RARE__MISSING__MISSING__RARE__MISSING__RARE__MISSING__,0
16139,A1Cresult,__MISSING__MISSING__MISSING__MISSING__MISSING__3,__MISSING__,MISSING__MISSING__MISSING__MISSING__3,0
16154,A1Cresult,__MISSING__MISSING__MISSING__MISSING__MISSING__3,__MISSING__,MISSING__MISSING__MISSING__MISSING__3,1
16233,A1Cresult,__MISSING__MISSING__RARE__MISSING__MISSING__MISSING__MISSING__,__MISSING__,MISSING__RARE__MISSING__MISSING__MISSING__MISSING__,1
16250,A1Cresult,__MISSING__MISSING__MISSING__MISSING__MISSING__1,__MISSING__,MISSING__MISSING__MISSING__MISSING__1,0
16275,A1Cresult,__MISSING__MISSING__MISSING__MISSING__MISSING__RARE__,__MISSING__,MISSING__MISSING__MISSING__MISSING__RARE__,0
16318,A1Cresult,__MISSING__MISSING__MISSING__,__MISSING__,MISSING__MISSING__,0
16358,A1Cresult,__MISSING__MISSING__RARE__MISSING__MISSING__RARE__MISSING__MISSING__,__MISSING__,MISSING__RARE__MISSING__MISSING__RARE__MISSING__MISSING__,0
16510,A1Cresult,__MISSING__MISSING__MISSING__MISSING__3,__MISSING__,MISSING__MISSING__MISSING__3,0
16551,A1Cresult,__MISSING__MISSING__MISSING__MISSING__MISSING__MISSING__2,__MISSING__,MISSING__MISSING__MISSING__MISSING__MISSING__2,0
16595,A1Cresult,__MISSING__MISSING__RARE__MISSING__RARE__RARE__MISSING__,__MISSING__,MISSING__RARE__MISSING__RARE__RARE__MISSING__,1
16618,A1Cresult,__MISSING__MISSING__MISSING__,__MISSING__,MISSING__MISSING__,1
16621,A1Cresult,__MISSING__RARE__MISSING__MISSING__RARE__,__MISSING__,RARE__MISSING__MISSING__RARE__,1
16688,A1Cresult,__MISSING__MISSING__RARE__MISSING__RARE__MISSING__,__MISSING__,MISSING__RARE__MISSING__RARE__MISSING__,0
16815,A1Cresult,__MISSING__MISSING__MISSING__MISSING__RARE__MISSING__A1Cresult,__MISSING__,MISSING__MISSING__MISSING__RARE__MISSING__A1Cresult,0
16833,A1Cresult,__MISSING__MISSING__MISSING__,__MISSING__,MISSING__MISSING__,0
16849,A1Cresult,__MISSING__MISSING__MISSING__MISSING__MISSING__MISSING__,__MISSING__,MISSING__MISSING__MISSING__MISSING__MISSING__,0
16906,A1Cresult,__MISSING__MISSING__RARE__MISSING__MISSING__,__MISSING__,MISSING__RARE__MISSING__MISSING__,0
16934,A1Cresult,__MISSING__RARE__MISSING__MISSING__MISSING__RARE__,__MISSING__,RARE__MISSING__MISSING__MISSING__RARE__,0
17176,A1Cresult,__MISSING__MISSING__MISSING__RARE__RARE__MISSING__MISSING__MISSING__RARE__,__MISSING__,MISSING__MISSING__RARE__RARE__MISSING__MISSING__MISSING__RARE__,0
17215,A1Cresult,__MISSING__MISSING__MISSING__MISSING__MISSING__3,__MISSING__,MISSING__MISSING__MISSING__MISSING__3,0
17230,A1Cresult,__MISSING__MISSING__MISSING__MISSING__MISSING__MISSING__MISSING__MISSING__,__MISSING__,MISSING__MISSING__MISSING__MISSING__MISSING__MISSING__MISSING__,0
17254,A1Cresult,__MISSING__RARE__MISSING__MISSING__RARE__MISSING__RARE__MISSING__,__MISSING__,RARE__MISSING__MISSING__RARE__MISSING__RARE__MISSING__,0
17271,A1Cresult,__MISSING__MISSING__MISSING__RARE__MISSING__MISSING__,__MISSING__,MISSING__MISSING__RARE__MISSING__MISSING__,0
17272,A1Cresult,__MISSING__RARE__RARE__MISSING__RARE__MISSING__MISSING__RARE__MISSING__,__MISSING__,RARE__RARE__MISSING__RARE__MISSING__MISSING__RARE__MISSING__,0
17294,A1Cresult,__MISSING__MISSING__MISSING__,__MISSING__,MISSING__MISSING__,0
17303,A1Cresult,__MISSING__MISSING__MISSING__MISSING__RARE__MISSING__MISSING__RARE__,__MISSING__,MISSING__MISSING__MISSING__RARE__MISSING__MISSING__RARE__,1
17373,A1Cresult,__MISSING__MISSING__MISSING__MISSING__RARE__MISSING__MISSING__,__MISSING__,MISSING__MISSING__MISSING__RARE__MISSING__MISSING__,0
17410,A1Cresult,__MISSING__MISSING__MISSING__,__MISSING__,MISSING__MISSING__,0
17444,A1Cresult,__MISSING__MISSING__RARE__MISSING__RARE__,__MISSING__,MISSING__RARE__MISSING__RARE__,0
17608,A1Cresult,__MISSING__RARE__MISSING__MISSING__RARE__MISSING__MISSING__,__MISSING__,RARE__MISSING__MISSING__RARE__MISSING__MISSING__,0
17661,A1Cresult,__MISSING__RARE__RARE__MISSING__MISSING__,__MISSING__,RARE__RARE__MISSING__MISSING__,0
17664,A1Cresult,__MISSING__MISSING__RARE__MISSING__MISSING__RARE__,__MISSING__,MISSING__RARE__MISSING__MISSING__RARE__,0
17853,A1Cresult,__MISSING__MISSING__MISSING__MISSING__MISSING__RARE__MISSING__MISSING__,__MISSING__,MISSING__MISSING__MISSING__MISSING__RARE__MISSING__MISSING__,0
17939,A1Cresult,__MISSING__MISSING__RARE__MISSING__MISSING__,__MISSING__,MISSING__RARE__MISSING__MISSING__,0
18017,A1Cresult,__MISSING__RARE__MISSING__MISSING__MISSING__RARE__MISSING__,__MISSING__,RARE__MISSING__MISSING__MISSING__RARE__MISSING__,0
18038,A1Cresult,__MISSING__RARE__MISSING__MISSING__RARE__,__MISSING__,RARE__MISSING__MISSING__RARE__,0
18055,A1Cresult,__MISSING__MISSING__MISSING__RARE__RARE__,__MISSING__,MISSING__MISSING__RARE__RARE__,0
18088,A1Cresult,__MISSING__MISSING__MISSING__MISSING__MISSING__MISSING__2,__MISSING__,MISSING__MISSING__MISSING__MISSING__MISSING__2,1
18098,A1Cresult,__MISSING__MISSING__MISSING__MISSING__MISSING__MISSING__MISSING__MISSING__,__MISSING__,MISSING__MISSING__MISSING__MISSING__MISSING__MISSING__MISSING__,0
18129,A1Cresult,__MISSING__MISSING__MISSING__MISSING__MISSING__MISSING__RARE__,__MISSING__,MISSING__MISSING__MISSING__MISSING__MISSING__RARE__,0
18170,A1Cresult,__MISSING__MISSING__MISSING__3,__MISSING__,MISSING__MISSING__3,0
18184,A1Cresult,__MISSING__MISSING__MISSING__MISSING__MISSING__3,__MISSING__,MISSING__MISSING__MISSING__MISSING__3,0
18191,A1Cresult,__MISSING__MISSING__MISSING__MISSING__MISSING__MISSING__3,__MISSING__,MISSING__MISSING__MISSING__MISSING__MISSING__3,0
18218,A1Cresult,__MISSING__MISSING__MISSING__MISSING__MISSING__RARE__MISSING__,__MISSING__,MISSING__MISSING__MISSING__MISSING__RARE__MISSING__,0
18236,A1Cresult,__MISSING__MISSING__MISSING__MISSING__MISSING__MISSING__MISSING__MISSING__,__MISSING__,MISSING__MISSING__MISSING__MISSING__MISSING__MISSING__MISSING__,0
18277,A1Cresult,__MISSING__MISSING__,__MISSING__,MISSING__,0
18401,A1Cresult,__MISSING__MISSING__MISSING__MISSING__MISSING__MISSING__MISSING__RARE__,__MISSING__,MISSING__MISSING__MISSING__MISSING__MISSING__MISSING__RARE__,0
18408,A1Cresult,__MISSING__MISSING__MISSING__MISSING__MISSING__MISSING__MISSING__MISSING__,__MISSING__,MISSING__MISSING__MISSING__MISSING__MISSING__MISSING__MISSING__,0
18508,A1Cresult,__MISSING__MISSING__RARE__MISSING__MISSING__MISSING__MISSING__,__MISSING__,MISSING__RARE__MISSING__MISSING__MISSING__MISSING__,0
18531,A1Cresult,__MISSING__MISSING__MISSING__MISSING__RARE__RARE__RARE__MISSING__MISSING__,__MISSING__,MISSING__MISSING__MISSING__RARE__RARE__RARE__MISSING__MISSING__,0
18641,A1Cresult,__MISSING__MISSING__MISSING__MISSING__RARE__MISSING__MISSING__,__MISSING__,MISSING__MISSING__MISSING__RARE__MISSING__MISSING__,0
18667,A1Cresult,__MISSING__RARE__RARE__MISSING__MISSING__MISSING__MISSING__,__MISSING__,RARE__RARE__MISSING__MISSING__MISSING__MISSING__,0
18684,A1Cresult,__MISSING__MISSING__MISSING__RARE__MISSING__MISSING__MISSING__MISSING__,__MISSING__,MISSING__MISSING__RARE__MISSING__MISSING__MISSING__MISSING__,0
18753,A1Cresult,__MISSING__MISSING__MISSING__,__MISSING__,MISSING__MISSING__,0
18780,A1Cresult,__MISSING__MISSING__MISSING__RARE__MISSING__MISSING__RARE__MISSING__,__MISSING__,MISSING__MISSING__RARE__MISSING__MISSING__RARE__MISSING__,0
18788,A1Cresult,__MISSING__RARE__RARE__RARE__MISSING__RARE__MISSING__MISSING__,__MISSING__,RARE__RARE__RARE__MISSING__RARE__MISSING__MISSING__,0
18797,A1Cresult,__MISSING__MISSING__MISSING__RARE__MISSING__MISSING__C race,__MISSING__,MISSING__MISSING__RARE__MISSING__MISSING__C race,0
18866,A1Cresult,__MISSING__MISSING__MISSING__RARE__MISSING__RARE__,__MISSING__,MISSING__MISSING__RARE__MISSING__RARE__,0
18884,A1Cresult,__MISSING__MISSING__MISSING__,__MISSING__,MISSING__MISSING__,0
18900,A1Cresult,__MISSING__MISSING__MISSING__RARE__MISSING__RARE__MISSING__MISSING__,__MISSING__,MISSING__MISSING__RARE__MISSING__RARE__MISSING__MISSING__,1
18912,A1Cresult,__MISSING__RARE__MISSING__MISSING__MISSING__MISSING__RARE__MISSING__MISSING__,__MISSING__,RARE__MISSING__MISSING__MISSING__MISSING__RARE__MISSING__MISSING__,0
18940,A1Cresult,__MISSING__MISSING__MISSING__MISSING__MISSING__2,__MISSING__,MISSING__MISSING__MISSING__MISSING__2,0
18946,A1Cresult,__MISSING__MISSING__RARE__MISSING__MISSING__2,__MISSING__,MISSING__RARE__MISSING__MISSING__2,0
18952,A1Cresult,__MISSING__MISSING__MISSING__,__MISSING__,MISSING__MISSING__,0
19031,A1Cresult,__MISSING__RARE__MISSING__RARE__MISSING__,__MISSING__,RARE__MISSING__RARE__MISSING__,0
19139,A1Cresult,__MISSING__MISSING__MISSING__MISSING__,__MISSING__,MISSING__MISSING__MISSING__,0
19180,A1Cresult,__MISSING__MISSING__MISSING__MISSING__RARE__MISSING__RARE__MISSING__,__MISSING__,MISSING__MISSING__MISSING__RARE__MISSING__RARE__MISSING__,0
19235,A1Cresult,__MISSING__MISSING__MISSING__MISSING__MISSING__MISSING__RARE__,__MISSING__,MISSING__MISSING__MISSING__MISSING__MISSING__RARE__,0
19255,A1Cresult,__MISSING__MISSING__MISSING__MISSING__,__MISSING__,MISSING__MISSING__MISSING__,0
19496,A1Cresult,__MISSING__MISSING__MISSING__MISSING__RARE__MISSING__,__MISSING__,MISSING__MISSING__MISSING__RARE__MISSING__,0
19510,A1Cresult,__MISSING__MISSING__MISSING__RARE__,__MISSING__,MISSING__MISSING__RARE__,0
19553,A1Cresult,__MISSING__RARE__RARE__MISSING__MISSING__MISSING__RARE__MISSING__RARE__,__MISSING__,RARE__RARE__MISSING__MISSING__MISSING__RARE__MISSING__RARE__,0
19712,A1Cresult,__MISSING__MISSING__MISSING__MISSING__MISSING__MISSING__MISSING__,__MISSING__,MISSING__MISSING__MISSING__MISSING__MISSING__MISSING__,0
19735,A1Cresult,__MISSING__MISSING__MISSING__RARE__MISSING__MISSING__MISSING__RARE__,__MISSING__,MISSING__MISSING__RARE__MISSING__MISSING__MISSING__RARE__,0
19812,A1Cresult,__MISSING__MISSING__MISSING__MISSING__9,__MISSING__,MISSING__MISSING__MISSING__9,0
19815,A1Cresult,__MISSING__RARE__RARE__MISSING__MISSING__MISSING__MISSING__MISSING__,__MISSING__,RARE__RARE__MISSING__MISSING__MISSING__MISSING__MISSING__,0
19915,A1Cresult,__MISSING__MISSING__RARE__MISSING__MISSING__MISSING__,__MISSING__,MISSING__RARE__MISSING__MISSING__MISSING__,0
19962,A1Cresult,__MISSING__RARE__MISSING__MISSING__,__MISSING__,RARE__MISSING__MISSING__,0
56,max_glu_serum,__MISSING__MISSING__MISSING__RARE__MISSING__RARE__MISSING__MISSING__,__MISSING__,MISSING__MISSING__RARE__MISSING__RARE__MISSING__MISSING__,0
88,max_glu_serum,__MISSING__MISSING__MISSING__2,__MISSING__,MISSING__MISSING__2,0
105,max_glu_serum,__MISSING__MISSING__MISSING__MISSING__MISSING__,__MISSING__,MISSING__MISSING__MISSING__MISSING__,0
127,max_glu_serum,__MISSING__MISSING__MISSING__RARE__MISSING__MISSING__MISSING__MISSING__,__MISSING__,MISSING__MISSING__RARE__MISSING__MISSING__MISSING__MISSING__,0
141,max_glu_serum,__MISSING__MISSING__MISSING__MISSING__RARE__RARE__RARE__MISSING__,__MISSING__,MISSING__MISSING__MISSING__RARE__RARE__RARE__MISSING__,0
229,max_glu_serum,__MISSING__RARE__MISSING__MISSING__MISSING__,__MISSING__,RARE__MISSING__MISSING__MISSING__,0
236,max_glu_serum,__MISSING__RARE__MISSING__MISSING__MISSING__RARE__MISSING__,__MISSING__,RARE__MISSING__MISSING__MISSING__RARE__MISSING__,0
273,max_glu_serum,__MISSING__MISSING__RARE__MISSING__MISSING__MISSING__,__MISSING__,MISSING__RARE__MISSING__MISSING__MISSING__,0
354,max_glu_serum,__MISSING__MISSING__MISSING__RARE__MISSING__,__MISSING__,MISSING__MISSING__RARE__MISSING__,0
372,max_glu_serum,__MISSING__MISSING__MISSING__MISSING__MISSING__3,__MISSING__,MISSING__MISSING__MISSING__MISSING__3,0
489,max_glu_serum,__MISSING__MISSING__MISSING__RARE__MISSING__MISSING__RARE__MISSING__RARE__,__MISSING__,MISSING__MISSING__RARE__MISSING__MISSING__RARE__MISSING__RARE__,0
563,max_glu_serum,__MISSING__MISSING__,__MISSING__,MISSING__,0
575,max_glu_serum,__MISSING__MISSING__MISSING__RARE__MISSING__MISSING__MISSING__,__MISSING__,MISSING__MISSING__RARE__MISSING__MISSING__MISSING__,0
601,max_glu_serum,__MISSING__MISSING__MISSING__MISSING__RARE__MISSING__,__MISSING__,MISSING__MISSING__MISSING__RARE__MISSING__,1
767,max_glu_serum,__MISSING__MISSING__MISSING__MISSING__MISSING__MISSING__,__MISSING__,MISSING__MISSING__MISSING__MISSING__MISSING__,0
812,max_glu_serum,__MISSING__MISSING__MISSING__MISSING__MISSING__RARE__,__MISSING__,MISSING__MISSING__MISSING__MISSING__RARE__,0
814,max_glu_serum,__MISSING__MISSING__MISSING__MISSING__3,__MISSING__,MISSING__MISSING__MISSING__3,0
933,max_glu_serum,__MISSING__MISSING__MISSING__MISSING__MISSING__MISSING__MISSING__,__MISSING__,MISSING__MISSING__MISSING__MISSING__MISSING__MISSING__,0
978,max_glu_serum,__MISSING__MISSING__MISSING__RARE__RARE__MISSING__RARE__MISSING__,__MISSING__,MISSING__MISSING__RARE__RARE__MISSING__RARE__MISSING__,0
1089,max_glu_serum,__MISSING__RARE__MISSING__RARE__MISSING__MISSING__,__MISSING__,RARE__MISSING__RARE__MISSING__MISSING__,1
1174,max_glu_serum,__MISSING__MISSING__MISSING__MISSING__MISSING__RARE__MISSING__,__MISSING__,MISSING__MISSING__MISSING__MISSING__RARE__MISSING__,0
1182,max_glu_serum,__MISSING__MISSING__MISSING__RARE__MISSING__MISSING__MISSING__MISSING__,__MISSING__,MISSING__MISSING__RARE__MISSING__MISSING__MISSING__MISSING__,0
1196,max_glu_serum,__MISSING__MISSING__MISSING__MISSING__RARE__MISSING__MISSING__MISSING__,__MISSING__,MISSING__MISSING__MISSING__RARE__MISSING__MISSING__MISSING__,0
1218,max_glu_serum,__MISSING__MISSING__MISSING__RARE__MISSING__RARE__MISSING__,__MISSING__,MISSING__MISSING__RARE__MISSING__RARE__MISSING__,0
1224,max_glu_serum,__MISSING__MISSING__RARE__MISSING__RARE__MISSING__MISSING__,__MISSING__,MISSING__RARE__MISSING__RARE__MISSING__MISSING__,0
1243,max_glu_serum,__MISSING__MISSING__RARE__MISSING__MISSING__RARE__MISSING__,__MISSING__,MISSING__RARE__MISSING__MISSING__RARE__MISSING__,0
1257,max_glu_serum,__MISSING__MISSING__MISSING__RARE__MISSING__RARE__RARE__MISSING__,__MISSING__,MISSING__MISSING__RARE__MISSING__RARE__RARE__MISSING__,0
1307,max_glu_serum,__MISSING__MISSING__MISSING__MISSING__MISSING__MISSING__RARE__RARE__,__MISSING__,MISSING__MISSING__MISSING__MISSING__MISSING__RARE__RARE__,0
1437,max_glu_serum,__MISSING__MISSING__MISSING__MISSING__A1Cresult,__MISSING__,MISSING__MISSING__MISSING__A1Cresult,0
1477,max_glu_serum,__MISSING__RARE__MISSING__MISSING__,__MISSING__,RARE__MISSING__MISSING__,0
1500,max_glu_serum,__MISSING__MISSING__,__MISSING__,MISSING__,0
1543,max_glu_serum,__MISSING__MISSING__MISSING__MISSING__MISSING__RARE__,__MISSING__,MISSING__MISSING__MISSING__MISSING__RARE__,0
1554,max_glu_serum,__MISSING__MISSING__MISSING__MISSING__RARE__MISSING__,__MISSING__,MISSING__MISSING__MISSING__RARE__MISSING__,1
1606,max_glu_serum,__MISSING__MISSING__RARE__MISSING__MISSING__MISSING__,__MISSING__,MISSING__RARE__MISSING__MISSING__MISSING__,0
1649,max_glu_serum,__MISSING__RARE__MISSING__MISSING__MISSING__MISSING__,__MISSING__,RARE__MISSING__MISSING__MISSING__MISSING__,0
1736,max_glu_serum,__MISSING__MISSING__MISSING__MISSING__MISSING__RARE__,__MISSING__,MISSING__MISSING__MISSING__MISSING__RARE__,0
1868,max_glu_serum,__MISSING__MISSING__MISSING__3,__MISSING__,MISSING__MISSING__3,0
1953,max_glu_serum,__MISSING__MISSING__MISSING__RARE__MISSING__MISSING__MISSING__,__MISSING__,MISSING__MISSING__RARE__MISSING__MISSING__MISSING__,0
2036,max_glu_serum,__MISSING__MISSING__MISSING__,__MISSING__,MISSING__MISSING__,0
2094,max_glu_serum,__MISSING__RARE__MISSING__RARE__MISSING__,__MISSING__,RARE__MISSING__RARE__MISSING__,0
2140,max_glu_serum,__MISSING__RARE__MISSING__RARE__MISSING__MISSING__MISSING__RARE__,__MISSING__,RARE__MISSING__RARE__MISSING__MISSING__MISSING__RARE__,1
2183,max_glu_serum,__MISSING__MISSING__MISSING__RARE__MISSING__MISSING__MISSING__MISSING__,__MISSING__,MISSING__MISSING__RARE__MISSING__MISSING__MISSING__MISSING__,0
2192,max_glu_serum,__MISSING__MISSING__MISSING__MISSING__MISSING__RARE__MISSING__MISSING__,__MISSING__,MISSING__MISSING__MISSING__MISSING__RARE__MISSING__MISSING__,0
2244,max_glu_serum,__MISSING__MISSING__RARE__MISSING__MISSING__MISSING__,__MISSING__,MISSING__RARE__MISSING__MISSING__MISSING__,0
2312,max_glu_serum,__MISSING__MISSING__MISSING__MISSING__MISSING__MISSING__,__MISSING__,MISSING__MISSING__MISSING__MISSING__MISSING__,0
2313,max_glu_serum,__MISSING__MISSING__MISSING__MISSING__MISSING__RARE__MISSING__MISSING__,__MISSING__,MISSING__MISSING__MISSING__MISSING__RARE__MISSING__MISSING__,0
2340,max_glu_serum,__MISSING__MISSING__MISSING__MISSING__MISSING__RARE__,__MISSING__,MISSING__MISSING__MISSING__MISSING__RARE__,0
2391,max_glu_serum,__MISSING__MISSING__MISSING__2,__MISSING__,MISSING__MISSING__2,0
2492,max_glu_serum,__MISSING__MISSING__RARE__,__MISSING__,MISSING__RARE__,0
2633,max_glu_serum,__MISSING__MISSING__MISSING__MISSING__3,__MISSING__,MISSING__MISSING__MISSING__3,0
2676,max_glu_serum,__MISSING__MISSING__MISSING__MISSING__MISSING__,__MISSING__,MISSING__MISSING__MISSING__MISSING__,0
2736,max_glu_serum,__MISSING__MISSING__RARE__MISSING__MISSING__MISSING__RARE__,__MISSING__,MISSING__RARE__MISSING__MISSING__MISSING__RARE__,0
2802,max_glu_serum,__MISSING__MISSING__,__MISSING__,MISSING__,0
2835,max_glu_serum,__MISSING__MISSING__MISSING__MISSING__RARE__MISSING__MISSING__MISSING__,__MISSING__,MISSING__MISSING__MISSING__RARE__MISSING__MISSING__MISSING__,0
2851,max_glu_serum,__MISSING__MISSING__RARE__RARE__MISSING__MISSING__MISSING__MISSING__,__MISSING__,MISSING__RARE__RARE__MISSING__MISSING__MISSING__MISSING__,0
2905,max_glu_serum,__MISSING__RARE__MISSING__MISSING__,__MISSING__,RARE__MISSING__MISSING__,0
2919,max_glu_serum,__MISSING__MISSING__MISSING__MISSING__MISSING__MISSING__,__MISSING__,MISSING__MISSING__MISSING__MISSING__MISSING__,0
2974,max_glu_serum,__MISSING__MISSING__MISSING__MISSING__MISSING__MISSING__RARE__MISSING__MISSING__MISSING__MISSING__,__MISSING__,MISSING__MISSING__MISSING__MISSING__MISSING__RARE__MISSING__MISSING__MISSING__MISSING__,0
3009,max_glu_serum,__MISSING__MISSING__MISSING__RARE__,__MISSING__,MISSING__MISSING__RARE__,1
3051,max_glu_serum,__MISSING__MISSING__MISSING__MISSING__MISSING__RARE__,__MISSING__,MISSING__MISSING__MISSING__MISSING__RARE__,0
3067,max_glu_serum,__MISSING__MISSING__RARE__MISSING__MISSING__MISSING__MISSING__MISSING__,__MISSING__,MISSING__RARE__MISSING__MISSING__MISSING__MISSING__MISSING__,0
3137,max_glu_serum,__MISSING__MISSING__MISSING__MISSING__RARE__,__MISSING__,MISSING__MISSING__MISSING__RARE__,0
3147,max_glu_serum,__MISSING__RARE__MISSING__RARE__MISSING__,__MISSING__,RARE__MISSING__RARE__MISSING__,0
3199,max_glu_serum,__MISSING__MISSING__MISSING__3,__MISSING__,MISSING__MISSING__3,0
3200,max_glu_serum,__MISSING__MISSING__MISSING__MISSING__MISSING__RARE__MISSING__MISSING__MISSING__,__MISSING__,MISSING__MISSING__MISSING__MISSING__RARE__MISSING__MISSING__MISSING__,0
3222,max_glu_serum,__MISSING__MISSING__MISSING__MISSING__RARE__,__MISSING__,MISSING__MISSING__MISSING__RARE__,0
3238,max_glu_serum,__MISSING__RARE__MISSING__MISSING__MISSING__,__MISSING__,RARE__MISSING__MISSING__MISSING__,0
3273,max_glu_serum,__MISSING__MISSING__MISSING__MISSING__MISSING__MISSING__RARE__,__MISSING__,MISSING__MISSING__MISSING__MISSING__MISSING__RARE__,0
3353,max_glu_serum,__MISSING__MISSING__MISSING__MISSING__MISSING__MISSING__RARE__,__MISSING__,MISSING__MISSING__MISSING__MISSING__MISSING__RARE__,0
3424,max_glu_serum,__MISSING__RARE__RARE__MISSING__MISSING__MISSING__,__MISSING__,RARE__RARE__MISSING__MISSING__MISSING__,1
3458,max_glu_serum,__MISSING__MISSING__MISSING__MISSING__RARE__MISSING__MISSING__,__MISSING__,MISSING__MISSING__MISSING__RARE__MISSING__MISSING__,0
3508,max_glu_serum,__MISSING__MISSING__MISSING__MISSING__MISSING__RARE__,__MISSING__,MISSING__MISSING__MISSING__MISSING__RARE__,0
3546,max_glu_serum,__MISSING__MISSING__MISSING__,__MISSING__,MISSING__MISSING__,0
3647,max_glu_serum,__MISSING__MISSING__MISSING__MISSING__,__MISSING__,MISSING__MISSING__MISSING__,0
3784,max_glu_serum,__MISSING__MISSING__MISSING__MISSING__RARE__MISSING__MISSING__,__MISSING__,MISSING__MISSING__MISSING__RARE__MISSING__MISSING__,0
3872,max_glu_serum,__MISSING__MISSING__MISSING__,__MISSING__,MISSING__MISSING__,1
3925,max_glu_serum,__MISSING__MISSING__MISSING__MISSING__MISSING__MISSING__MISSING__,__MISSING__,MISSING__MISSING__MISSING__MISSING__MISSING__MISSING__,0
3953,max_glu_serum,__MISSING__MISSING__MISSING__MISSING__MISSING__2,__MISSING__,MISSING__MISSING__MISSING__MISSING__2,0
4078,max_glu_serum,__MISSING__MISSING__MISSING__MISSING__MISSING__MISSING__MISSING__MISSING__,__MISSING__,MISSING__MISSING__MISSING__MISSING__MISSING__MISSING__MISSING__,0
4158,max_glu_serum,__MISSING__MISSING__MISSING__MISSING__MISSING__MISSING__MISSING__,__MISSING__,MISSING__MISSING__MISSING__MISSING__MISSING__MISSING__,0
4249,max_glu_serum,__MISSING__MISSING__MISSING__MISSING__MISSING__1,__MISSING__,MISSING__MISSING__MISSING__MISSING__1,0
4261,max_glu_serum,__MISSING__MISSING__RARE__MISSING__MISSING__RARE__MISSING__MISSING__,__MISSING__,MISSING__RARE__MISSING__MISSING__RARE__MISSING__MISSING__,0
4264,max_glu_serum,__MISSING__MISSING__RARE__RARE__MISSING__MISSING__MISSING__MISSING__MISSING__,__MISSING__,MISSING__RARE__RARE__MISSING__MISSING__MISSING__MISSING__MISSING__,1
4283,max_glu_serum,__MISSING__MISSING__3,__MISSING__,MISSING__3,0
4336,max_glu_serum,__MISSING__MISSING__MISSING__RARE__MISSING__MISSING__MISSING__MISSING__,__MISSING__,MISSING__MISSING__RARE__MISSING__MISSING__MISSING__MISSING__,0
4449,max_glu_serum,__MISSING__MISSING__MISSING__MISSING__RARE__,__MISSING__,MISSING__MISSING__MISSING__RARE__,0
4474,max_glu_serum,__MISSING__MISSING__MISSING__RARE__MISSING__,__MISSING__,MISSING__MISSING__RARE__MISSING__,0
4491,max_glu_serum,__MISSING__MISSING__MISSING__MISSING__,__MISSING__,MISSING__MISSING__MISSING__,0
4560,max_glu_serum,__MISSING__MISSING__MISSING__RARE__RARE__,__MISSING__,MISSING__MISSING__RARE__RARE__,0
4638,max_glu_serum,__MISSING__MISSING__MISSING__MISSING__MISSING__number_emergency,__MISSING__,MISSING__MISSING__MISSING__MISSING__number_emergency,0
4739,max_glu_serum,__MISSING__MISSING__MISSING__,__MISSING__,MISSING__MISSING__,0
4761,max_glu_serum,__MISSING__MISSING__MISSING__MISSING__RARE__MISSING__,__MISSING__,MISSING__MISSING__MISSING__RARE__MISSING__,0
4783,max_glu_serum,__MISSING__MISSING__MISSING__MISSING__MISSING__MISSING__RARE__,__MISSING__,MISSING__MISSING__MISSING__MISSING__MISSING__RARE__,0
4790,max_glu_serum,__MISSING__MISSING__MISSING__RARE__MISSING__RARE__MISSING__,__MISSING__,MISSING__MISSING__RARE__MISSING__RARE__MISSING__,0
4824,max_glu_serum,__MISSING__MISSING__MISSING__RARE__MISSING__,__MISSING__,MISSING__MISSING__RARE__MISSING__,0
4837,max_glu_serum,__MISSING__MISSING__MISSING__RARE__MISSING__,__MISSING__,MISSING__MISSING__RARE__MISSING__,0
4878,max_glu_serum,__MISSING__RARE__MISSING__MISSING__MISSING__,__MISSING__,RARE__MISSING__MISSING__MISSING__,0
4980,max_glu_serum,__MISSING__MISSING__MISSING__RARE__MISSING__RARE__MISSING__MISSING__,__MISSING__,MISSING__MISSING__RARE__MISSING__RARE__MISSING__MISSING__,0
5045,max_glu_serum,__MISSING__MISSING__MISSING__MISSING__,__MISSING__,MISSING__MISSING__MISSING__,1
5220,max_glu_serum,__MISSING__MISSING__MISSING__MISSING__MISSING__RARE__RARE__,__MISSING__,MISSING__MISSING__MISSING__MISSING__RARE__RARE__,0
5369,max_glu_serum,__MISSING__RARE__MISSING__RARE__RARE__MISSING__MISSING__RARE__,__MISSING__,RARE__MISSING__RARE__RARE__MISSING__MISSING__RARE__,0
5399,max_glu_serum,__MISSING__MISSING__RARE__MISSING__MISSING__RARE__MISSING__,__MISSING__,MISSING__RARE__MISSING__MISSING__RARE__MISSING__,0
5511,max_glu_serum,__MISSING__RARE__MISSING__MISSING__,__MISSING__,RARE__MISSING__MISSING__,0
5515,max_glu_serum,__MISSING__RARE__MISSING__MISSING__MISSING__RARE__MISSING__MISSING__,__MISSING__,RARE__MISSING__MISSING__MISSING__RARE__MISSING__MISSING__,0
5572,max_glu_serum,__MISSING__MISSING__MISSING__MISSING__RARE__MISSING__RARE__MISSING__MISSING__,__MISSING__,MISSING__MISSING__MISSING__RARE__MISSING__RARE__MISSING__MISSING__,0
5850,max_glu_serum,__MISSING__MISSING__MISSING__MISSING__,__MISSING__,MISSING__MISSING__MISSING__,0
6005,max_glu_serum,__MISSING__MISSING__MISSING__RARE__MISSING__MISSING__RARE__MISSING__,__MISSING__,MISSING__MISSING__RARE__MISSING__MISSING__RARE__MISSING__,1
6162,max_glu_serum,__MISSING__MISSING__MISSING__3,__MISSING__,MISSING__MISSING__3,0
6237,max_glu_serum,__MISSING__MISSING__MISSING__MISSING__RARE__MISSING__,__MISSING__,MISSING__MISSING__MISSING__RARE__MISSING__,0
6350,max_glu_serum,__MISSING__MISSING__RARE__MISSING__MISSING__RARE__,__MISSING__,MISSING__RARE__MISSING__MISSING__RARE__,0
6377,max_glu_serum,__MISSING__MISSING__MISSING__MISSING__MISSING__MISSING__MISSING__,__MISSING__,MISSING__MISSING__MISSING__MISSING__MISSING__MISSING__,0
6398,max_glu_serum,__MISSING__MISSING__MISSING__MISSING__MISSING__RARE__MISSING__,__MISSING__,MISSING__MISSING__MISSING__MISSING__RARE__MISSING__,0
6401,max_glu_serum,__MISSING__MISSING__RARE__MISSING__,__MISSING__,MISSING__RARE__MISSING__,0
6573,max_glu_serum,__MISSING__MISSING__MISSING__MISSING__MISSING__RARE__,__MISSING__,MISSING__MISSING__MISSING__MISSING__RARE__,1
6610,max_glu_serum,__MISSING__MISSING__RARE__MISSING__MISSING__MISSING__MISSING__,__MISSING__,MISSING__RARE__MISSING__MISSING__MISSING__MISSING__,1
6692,max_glu_serum,__MISSING__MISSING__RARE__MISSING__RARE__RARE__MISSING__MISSING__,__MISSING__,MISSING__RARE__MISSING__RARE__RARE__MISSING__MISSING__,0
6733,max_glu_serum,__MISSING__MISSING__MISSING__MISSING__MISSING__2,__MISSING__,MISSING__MISSING__MISSING__MISSING__2,0
6751,max_glu_serum,__MISSING__MISSING__RARE__MISSING__MISSING__MISSING__RARE__MISSING__,__MISSING__,MISSING__RARE__MISSING__MISSING__MISSING__RARE__MISSING__,0
6830,max_glu_serum,__MISSING__MISSING__RARE__MISSING__RARE__,__MISSING__,MISSING__RARE__MISSING__RARE__,0
7050,max_glu_serum,__MISSING__MISSING__MISSING__MISSING__MISSING__RARE__MISSING__RARE__,__MISSING__,MISSING__MISSING__MISSING__MISSING__RARE__MISSING__RARE__,0
7088,max_glu_serum,__MISSING__MISSING__MISSING__MISSING__MISSING__MISSING__MISSING__MISSING__,__MISSING__,MISSING__MISSING__MISSING__MISSING__MISSING__MISSING__MISSING__,0
7209,max_glu_serum,__MISSING__MISSING__RARE__MISSING__RARE__MISSING__RARE__,__MISSING__,MISSING__RARE__MISSING__RARE__MISSING__RARE__,0
7246,max_glu_serum,__MISSING__MISSING__MISSING__MISSING__RARE__RARE__MISSING__MISSING__RARE__,__MISSING__,MISSING__MISSING__MISSING__RARE__RARE__MISSING__MISSING__RARE__,0
7298,max_glu_serum,__MISSING__MISSING__RARE__RARE__MISSING__MISSING__MISSING__RARE__,__MISSING__,MISSING__RARE__RARE__MISSING__MISSING__MISSING__RARE__,0
7428,max_glu_serum,__MISSING__MISSING__2,__MISSING__,MISSING__2,0
7441,max_glu_serum,__MISSING__RARE__MISSING__RARE__MISSING__MISSING__MISSING__RARE__,__MISSING__,RARE__MISSING__RARE__MISSING__MISSING__MISSING__RARE__,0
7551,max_glu_serum,__MISSING__MISSING__MISSING__MISSING__RARE__MISSING__MISSING__MISSING__,__MISSING__,MISSING__MISSING__MISSING__RARE__MISSING__MISSING__MISSING__,0
7582,max_glu_serum,__MISSING__MISSING__MISSING__MISSING__RARE__MISSING__MISSING__,__MISSING__,MISSING__MISSING__MISSING__RARE__MISSING__MISSING__,0
7584,max_glu_serum,__MISSING__MISSING__RARE__MISSING__RARE__RARE__MISSING__,__MISSING__,MISSING__RARE__MISSING__RARE__RARE__MISSING__,0
7754,max_glu_serum,__MISSING__MISSING__MISSING__MISSING__MISSING__2,__MISSING__,MISSING__MISSING__MISSING__MISSING__2,0
7761,max_glu_serum,__MISSING__MISSING__MISSING__RARE__MISSING__RARE__MISSING__,__MISSING__,MISSING__MISSING__RARE__MISSING__RARE__MISSING__,0
7829,max_glu_serum,__MISSING__MISSING__MISSING__MISSING__MISSING__3,__MISSING__,MISSING__MISSING__MISSING__MISSING__3,0
7858,max_glu_serum,__MISSING__MISSING__MISSING__RARE__MISSING__MISSING__RARE__,__MISSING__,MISSING__MISSING__RARE__MISSING__MISSING__RARE__,0
7906,max_glu_serum,__MISSING__RARE__RARE__MISSING__MISSING__RARE__MISSING__RARE__,__MISSING__,RARE__RARE__MISSING__MISSING__RARE__MISSING__RARE__,0
7938,max_glu_serum,__MISSING__MISSING__RARE__MISSING__MISSING__MISSING__MISSING__MISSING__,__MISSING__,MISSING__RARE__MISSING__MISSING__MISSING__MISSING__MISSING__,0
7947,max_glu_serum,__MISSING__MISSING__MISSING__RARE__MISSING__RARE__MISSING__RARE__,__MISSING__,MISSING__MISSING__RARE__MISSING__RARE__MISSING__RARE__,0
7964,max_glu_serum,__MISSING__RARE__MISSING__MISSING__MISSING__MISSING__RARE__MISSING__MISSING__,__MISSING__,RARE__MISSING__MISSING__MISSING__MISSING__RARE__MISSING__MISSING__,0
8036,max_glu_serum,__MISSING__MISSING__RARE__MISSING__MISSING__,__MISSING__,MISSING__RARE__MISSING__MISSING__,1
8040,max_glu_serum,__MISSING__MISSING__MISSING__MISSING__,__MISSING__,MISSING__MISSING__MISSING__,0
8309,max_glu_serum,__MISSING__MISSING__MISSING__MISSING__RARE__MISSING__MISSING__MISSING__MISSING__,__MISSING__,MISSING__MISSING__MISSING__RARE__MISSING__MISSING__MISSING__MISSING__,0
8566,max_glu_serum,__MISSING__MISSING__MISSING__MISSING__,__MISSING__,MISSING__MISSING__MISSING__,1
8685,max_glu_serum,__MISSING__RARE__MISSING__MISSING__MISSING__,__MISSING__,RARE__MISSING__MISSING__MISSING__,0
8753,max_glu_serum,__MISSING__MISSING__RARE__MISSING__MISSING__,__MISSING__,MISSING__RARE__MISSING__MISSING__,1
8828,max_glu_serum,__MISSING__MISSING__MISSING__,__MISSING__,MISSING__MISSING__,0
8932,max_glu_serum,__MISSING__MISSING__MISSING__2,__MISSING__,MISSING__MISSING__2,0
8943,max_glu_serum,__MISSING__RARE__MISSING__RARE__MISSING__,__MISSING__,RARE__MISSING__RARE__MISSING__,0
8965,max_glu_serum,__MISSING__MISSING__RARE__MISSING__MISSING__,__MISSING__,MISSING__RARE__MISSING__MISSING__,0
8983,max_glu_serum,__MISSING__RARE__MISSING__RARE__MISSING__,__MISSING__,RARE__MISSING__RARE__MISSING__,0
8989,max_glu_serum,__MISSING__MISSING__MISSING__MISSING__RARE__,__MISSING__,MISSING__MISSING__MISSING__RARE__,1
9045,max_glu_serum,__MISSING__MISSING__MISSING__MISSING__RARE__,__MISSING__,MISSING__MISSING__MISSING__RARE__,0
9074,max_glu_serum,__MISSING__MISSING__MISSING__RARE__MISSING__RARE__,__MISSING__,MISSING__MISSING__RARE__MISSING__RARE__,0
9164,max_glu_serum,__MISSING__MISSING__RARE__MISSING__MISSING__MISSING__MISSING__RARE__,__MISSING__,MISSING__RARE__MISSING__MISSING__MISSING__MISSING__RARE__,0
9180,max_glu_serum,__MISSING__MISSING__MISSING__MISSING__RARE__MISSING__RARE__,__MISSING__,MISSING__MISSING__MISSING__RARE__MISSING__RARE__,0
9186,max_glu_serum,__MISSING__RARE__MISSING__MISSING__RARE__MISSING__MISSING__,__MISSING__,RARE__MISSING__MISSING__RARE__MISSING__MISSING__,0
9234,max_glu_serum,__MISSING__RARE__MISSING__RARE__,__MISSING__,RARE__MISSING__RARE__,0
9243,max_glu_serum,__MISSING__MISSING__RARE__MISSING__MISSING__MISSING__MISSING__MISSING__,__MISSING__,MISSING__RARE__MISSING__MISSING__MISSING__MISSING__MISSING__,0
9282,max_glu_serum,__MISSING__MISSING__MISSING__MISSING__MISSING__MISSING__1,__MISSING__,MISSING__MISSING__MISSING__MISSING__MISSING__1,0
9476,max_glu_serum,__MISSING__MISSING__1,__MISSING__,MISSING__1,0
9622,max_glu_serum,__MISSING__MISSING__RARE__RARE__MISSING__RARE__MISSING__MISSING__,__MISSING__,MISSING__RARE__RARE__MISSING__RARE__MISSING__MISSING__,0
9650,max_glu_serum,__MISSING__MISSING__MISSING__MISSING__MISSING__RARE__,__MISSING__,MISSING__MISSING__MISSING__MISSING__RARE__,0
9652,max_glu_serum,__MISSING__MISSING__MISSING__MISSING__MISSING__,__MISSING__,MISSING__MISSING__MISSING__MISSING__,0
9761,max_glu_serum,__MISSING__MISSING__MISSING__MISSING__RARE__MISSING__RARE__,__MISSING__,MISSING__MISSING__MISSING__RARE__MISSING__RARE__,0
9769,max_glu_serum,__MISSING__MISSING__MISSING__MISSING__but,__MISSING__,MISSING__MISSING__MISSING__but,0
9811,max_glu_serum,__MISSING__MISSING__MISSING__MISSING__MISSING__RARE__MISSING__,__MISSING__,MISSING__MISSING__MISSING__MISSING__RARE__MISSING__,0
9820,max_glu_serum,__MISSING__MISSING__MISSING__MISSING__MISSING__,__MISSING__,MISSING__MISSING__MISSING__MISSING__,0
9875,max_glu_serum,__MISSING__MISSING__MISSING__MISSING__MISSING__,__MISSING__,MISSING__MISSING__MISSING__MISSING__,0
9929,max_glu_serum,__MISSING__MISSING__RARE__RARE__MISSING__RARE__MISSING__,__MISSING__,MISSING__RARE__RARE__MISSING__RARE__MISSING__,0
9936,max_glu_serum,__MISSING__MISSING__MISSING__MISSING__,__MISSING__,MISSING__MISSING__MISSING__,0
9953,max_glu_serum,__MISSING__MISSING__RARE__MISSING__MISSING__MISSING__,__MISSING__,MISSING__RARE__MISSING__MISSING__MISSING__,0
10044,max_glu_serum,__MISSING__MISSING__RARE__MISSING__RARE__MISSING__MISSING__MISSING__RARE__,__MISSING__,MISSING__RARE__MISSING__RARE__MISSING__MISSING__MISSING__RARE__,0
10070,max_glu_serum,__MISSING__MISSING__MISSING__,__MISSING__,MISSING__MISSING__,1
10240,max_glu_serum,__MISSING__MISSING__MISSING__RARE__RARE__MISSING__,__MISSING__,MISSING__MISSING__RARE__RARE__MISSING__,0
10357,max_glu_serum,__MISSING__MISSING__MISSING__MISSING__3,__MISSING__,MISSING__MISSING__MISSING__3,0
10366,max_glu_serum,__MISSING__MISSING__MISSING__MISSING__MISSING__result,__MISSING__,MISSING__MISSING__MISSING__MISSING__result,0
10404,max_glu_serum,__MISSING__RARE__RARE__MISSING__MISSING__MISSING__,__MISSING__,RARE__RARE__MISSING__MISSING__MISSING__,0
10507,max_glu_serum,__MISSING__MISSING__MISSING__RARE__MISSING__1,__MISSING__,MISSING__MISSING__RARE__MISSING__1,1
10540,max_glu_serum,__MISSING__MISSING__MISSING__MISSING__MISSING__MISSING__,__MISSING__,MISSING__MISSING__MISSING__MISSING__MISSING__,0
10580,max_glu_serum,__MISSING__MISSING__MISSING__MISSING__MISSING__RARE__MISSING__RARE__,__MISSING__,MISSING__MISSING__MISSING__MISSING__RARE__MISSING__RARE__,0
10603,max_glu_serum,__MISSING__MISSING__MISSING__MISSING__MISSING__,__MISSING__,MISSING__MISSING__MISSING__MISSING__,0
10686,max_glu_serum,__MISSING__MISSING__MISSING__MISSING__RARE__MISSING__,__MISSING__,MISSING__MISSING__MISSING__RARE__MISSING__,0
10807,max_glu_serum,__MISSING__RARE__MISSING__MISSING__MISSING__MISSING__,__MISSING__,RARE__MISSING__MISSING__MISSING__MISSING__,0
10857,max_glu_serum,__MISSING__MISSING__MISSING__MISSING__MISSING__RARE__MISSING__MISSING__RARE__,__MISSING__,MISSING__MISSING__MISSING__MISSING__RARE__MISSING__MISSING__RARE__,0
10867,max_glu_serum,__MISSING__MISSING__MISSING__RARE__RARE__MISSING__MISSING__MISSING__,__MISSING__,MISSING__MISSING__RARE__RARE__MISSING__MISSING__MISSING__,0
10869,max_glu_serum,__MISSING__MISSING__MISSING__MISSING__MISSING__MISSING__MISSING__,__MISSING__,MISSING__MISSING__MISSING__MISSING__MISSING__MISSING__,0
10963,max_glu_serum,__MISSING__MISSING__RARE__MISSING__MISSING__,__MISSING__,MISSING__RARE__MISSING__MISSING__,0
10968,max_glu_serum,__MISSING__MISSING__MISSING__MISSING__3,__MISSING__,MISSING__MISSING__MISSING__3,0
11111,max_glu_serum,__MISSING__MISSING__MISSING__RARE__MISSING__MISSING__MISSING__,__MISSING__,MISSING__MISSING__RARE__MISSING__MISSING__MISSING__,0
11116,max_glu_serum,__MISSING__MISSING__MISSING__MISSING__MISSING__3,__MISSING__,MISSING__MISSING__MISSING__MISSING__3,0
11117,max_glu_serum,__MISSING__MISSING__RARE__MISSING__MISSING__,__MISSING__,MISSING__RARE__MISSING__MISSING__,0
11159,max_glu_serum,__MISSING__MISSING__MISSING__RARE__RARE__MISSING__MISSING__,__MISSING__,MISSING__MISSING__RARE__RARE__MISSING__MISSING__,0
11284,max_glu_serum,__MISSING__MISSING__MISSING__MISSING__RARE__RARE__MISSING__,__MISSING__,MISSING__MISSING__MISSING__RARE__RARE__MISSING__,0
11285,max_glu_serum,__MISSING__RARE__MISSING__RARE__MISSING__,__MISSING__,RARE__MISSING__RARE__MISSING__,0
11317,max_glu_serum,__MISSING__RARE__RARE__MISSING__MISSING__,__MISSING__,RARE__RARE__MISSING__MISSING__,0
11348,max_glu_serum,__MISSING__MISSING__MISSING__MISSING__,__MISSING__,MISSING__MISSING__MISSING__,0
11389,max_glu_serum,__MISSING__MISSING__MISSING__MISSING__MISSING__1,__MISSING__,MISSING__MISSING__MISSING__MISSING__1,0
11604,max_glu_serum,__MISSING__MISSING__MISSING__MISSING__MISSING__RARE__MISSING__MISSING__,__MISSING__,MISSING__MISSING__MISSING__MISSING__RARE__MISSING__MISSING__,0
11609,max_glu_serum,__MISSING__MISSING__RARE__MISSING__MISSING__MISSING__3,__MISSING__,MISSING__RARE__MISSING__MISSING__MISSING__3,0
11620,max_glu_serum,__MISSING__MISSING__MISSING__RARE__RARE__MISSING__MISSING__RARE__,__MISSING__,MISSING__MISSING__RARE__RARE__MISSING__MISSING__RARE__,0
11720,max_glu_serum,__MISSING__MISSING__MISSING__MISSING__,__MISSING__,MISSING__MISSING__MISSING__,0
11792,max_glu_serum,__MISSING__3,__MISSING__,3,0
11816,max_glu_serum,__MISSING__MISSING__MISSING__MISSING__MISSING__MISSING__RARE__,__MISSING__,MISSING__MISSING__MISSING__MISSING__MISSING__RARE__,0
11869,max_glu_serum,__MISSING__MISSING__MISSING__MISSING__MISSING__MISSING__MISSING__,__MISSING__,MISSING__MISSING__MISSING__MISSING__MISSING__MISSING__,0
11896,max_glu_serum,__MISSING__MISSING__RARE__MISSING__MISSING__MISSING__MISSING__MISSING__,__MISSING__,MISSING__RARE__MISSING__MISSING__MISSING__MISSING__MISSING__,0
12199,max_glu_serum,__MISSING__RARE__MISSING__MISSING__,__MISSING__,RARE__MISSING__MISSING__,0
12294,max_glu_serum,__MISSING__RARE__RARE__MISSING__MISSING__RARE__MISSING__MISSING__,__MISSING__,RARE__RARE__MISSING__MISSING__RARE__MISSING__MISSING__,0
12316,max_glu_serum,__MISSING__MISSING__MISSING__MISSING__,__MISSING__,MISSING__MISSING__MISSING__,1
12318,max_glu_serum,__MISSING__MISSING__MISSING__MISSING__RARE__RARE__MISSING__MISSING__,__MISSING__,MISSING__MISSING__MISSING__RARE__RARE__MISSING__MISSING__,0
12485,max_glu_serum,__MISSING__MISSING__RARE__MISSING__RARE__,__MISSING__,MISSING__RARE__MISSING__RARE__,0
12529,max_glu_serum,__MISSING__MISSING__MISSING__MISSING__MISSING__RARE__MISSING__MISSING__,__MISSING__,MISSING__MISSING__MISSING__MISSING__RARE__MISSING__MISSING__,0
12545,max_glu_serum,__MISSING__MISSING__MISSING__MISSING__MISSING__MISSING__MISSING__,__MISSING__,MISSING__MISSING__MISSING__MISSING__MISSING__MISSING__,0
12549,max_glu_serum,__MISSING__MISSING__MISSING__MISSING__,__MISSING__,MISSING__MISSING__MISSING__,0
12550,max_glu_serum,__MISSING__MISSING__MISSING__MISSING__MISSING__3,__MISSING__,MISSING__MISSING__MISSING__MISSING__3,0
12565,max_glu_serum,__MISSING__MISSING__MISSING__MISSING__RARE__MISSING__MISSING__RARE__,__MISSING__,MISSING__MISSING__MISSING__RARE__MISSING__MISSING__RARE__,0
12681,max_glu_serum,__MISSING__MISSING__MISSING__MISSING__MISSING__3,__MISSING__,MISSING__MISSING__MISSING__MISSING__3,0
12686,max_glu_serum,__MISSING__MISSING__RARE__MISSING__MISSING__MISSING__RARE__MISSING__,__MISSING__,MISSING__RARE__MISSING__MISSING__MISSING__RARE__MISSING__,0
12702,max_glu_serum,__MISSING__MISSING__MISSING__RARE__MISSING__3,__MISSING__,MISSING__MISSING__RARE__MISSING__3,0
12713,max_glu_serum,__MISSING__MISSING__MISSING__MISSING__MISSING__1,__MISSING__,MISSING__MISSING__MISSING__MISSING__1,0
12754,max_glu_serum,__MISSING__RARE__MISSING__MISSING__RARE__MISSING__MISSING__,__MISSING__,RARE__MISSING__MISSING__RARE__MISSING__MISSING__,0
12764,max_glu_serum,__MISSING__MISSING__MISSING__,__MISSING__,MISSING__MISSING__,0
12940,max_glu_serum,__MISSING__MISSING__MISSING__MISSING__,__MISSING__,MISSING__MISSING__MISSING__,0
12947,max_glu_serum,__MISSING__MISSING__MISSING__MISSING__RARE__,__MISSING__,MISSING__MISSING__MISSING__RARE__,1
12964,max_glu_serum,__MISSING__MISSING__MISSING__MISSING__MISSING__MISSING__,__MISSING__,MISSING__MISSING__MISSING__MISSING__MISSING__,1
13120,max_glu_serum,__MISSING__MISSING__MISSING__MISSING__2,__MISSING__,MISSING__MISSING__MISSING__2,0
13126,max_glu_serum,__MISSING__MISSING__MISSING__RARE__,__MISSING__,MISSING__MISSING__RARE__,0
13149,max_glu_serum,__MISSING__MISSING__MISSING__MISSING__MISSING__MISSING__,__MISSING__,MISSING__MISSING__MISSING__MISSING__MISSING__,0
13201,max_glu_serum,__MISSING__MISSING__MISSING__3,__MISSING__,MISSING__MISSING__3,1
13310,max_glu_serum,__MISSING__MISSING__MISSING__MISSING__RARE__,__MISSING__,MISSING__MISSING__MISSING__RARE__,0
13376,max_glu_serum,__MISSING__MISSING__MISSING__C race,__MISSING__,MISSING__MISSING__C race,0
13385,max_glu_serum,__MISSING__MISSING__3,__MISSING__,MISSING__3,0
13456,max_glu_serum,__MISSING__MISSING__RARE__MISSING__,__MISSING__,MISSING__RARE__MISSING__,0
13643,max_glu_serum,__MISSING__MISSING__RARE__MISSING__MISSING__MISSING__,__MISSING__,MISSING__RARE__MISSING__MISSING__MISSING__,0
13722,max_glu_serum,__MISSING__RARE__MISSING__MISSING__RARE__RARE__MISSING__,__MISSING__,RARE__MISSING__MISSING__RARE__RARE__MISSING__,0
13740,max_glu_serum,__MISSING__RARE__MISSING__MISSING__RARE__MISSING__RARE__MISSING__,__MISSING__,RARE__MISSING__MISSING__RARE__MISSING__RARE__MISSING__,0
13798,max_glu_serum,__MISSING__MISSING__MISSING__MISSING__MISSING__MISSING__MISSING__,__MISSING__,MISSING__MISSING__MISSING__MISSING__MISSING__MISSING__,0
13876,max_glu_serum,__MISSING__MISSING__MISSING__MISSING__MISSING__MISSING__RARE__,__MISSING__,MISSING__MISSING__MISSING__MISSING__MISSING__RARE__,0
13880,max_glu_serum,__MISSING__MISSING__MISSING__MISSING__MISSING__1,__MISSING__,MISSING__MISSING__MISSING__MISSING__1,0
13884,max_glu_serum,__MISSING__MISSING__MISSING__MISSING__MISSING__RARE__,__MISSING__,MISSING__MISSING__MISSING__MISSING__RARE__,0
13899,max_glu_serum,__MISSING__MISSING__MISSING__MISSING__MISSING__RARE__RARE__,__MISSING__,MISSING__MISSING__MISSING__MISSING__RARE__RARE__,1
13900,max_glu_serum,__MISSING__MISSING__RARE__MISSING__MISSING__ING__MISSING__RARE__,__MISSING__,MISSING__RARE__MISSING__MISSING__ING__MISSING__RARE__,0
14073,max_glu_serum,__MISSING__MISSING__RARE__MISSING__MISSING__MISSING__RARE__,__MISSING__,MISSING__RARE__MISSING__MISSING__MISSING__RARE__,0
14162,max_glu_serum,__MISSING__RARE__RARE__MISSING__MISSING__RARE__MISSING__,__MISSING__,RARE__RARE__MISSING__MISSING__RARE__MISSING__,0
14284,max_glu_serum,__MISSING__RARE__MISSING__MISSING__,__MISSING__,RARE__MISSING__MISSING__,0
14333,max_glu_serum,__MISSING__MISSING__MISSING__MISSING__MISSING__2,__MISSING__,MISSING__MISSING__MISSING__MISSING__2,1
14388,max_glu_serum,__MISSING__MISSING__MISSING__RARE__MISSING__MISSING__MISSING__MISSING__,__MISSING__,MISSING__MISSING__RARE__MISSING__MISSING__MISSING__MISSING__,0
14414,max_glu_serum,__MISSING__MISSING__MISSING__MISSING__RARE__MISSING__MISSING__RARE__,__MISSING__,MISSING__MISSING__MISSING__RARE__MISSING__MISSING__RARE__,0
14428,max_glu_serum,__MISSING__MISSING__MISSING__,__MISSING__,MISSING__MISSING__,0
14545,max_glu_serum,__MISSING__MISSING__MISSING__RARE__MISSING__MISSING__MISSING__,__MISSING__,MISSING__MISSING__RARE__MISSING__MISSING__MISSING__,0
14561,max_glu_serum,__MISSING__MISSING__MISSING__MISSING__3,__MISSING__,MISSING__MISSING__MISSING__3,0
14648,max_glu_serum,__MISSING__MISSING__MISSING__MISSING__MISSING__MISSING__MISSING__,__MISSING__,MISSING__MISSING__MISSING__MISSING__MISSING__MISSING__,1
14653,max_glu_serum,__MISSING__MISSING__MISSING__MISSING__MISSING__MISSING__MISSING__MISSING__RARE__,__MISSING__,MISSING__MISSING__MISSING__MISSING__MISSING__MISSING__MISSING__RARE__,0
14682,max_glu_serum,__MISSING__MISSING__MISSING__2,__MISSING__,MISSING__MISSING__2,0
14714,max_glu_serum,__MISSING__RARE__MISSING__MISSING__MISSING__MISSING__1,__MISSING__,RARE__MISSING__MISSING__MISSING__MISSING__1,0
14834,max_glu_serum,__MISSING__MISSING__MISSING__MISSING__RARE__MISSING__RARE__MISSING__RARE__,__MISSING__,MISSING__MISSING__MISSING__RARE__MISSING__RARE__MISSING__RARE__,0
14930,max_glu_serum,__MISSING__MISSING__MISSING__MISSING__MISSING__3,__MISSING__,MISSING__MISSING__MISSING__MISSING__3,0
14940,max_glu_serum,__MISSING__MISSING__MISSING__MISSING__MISSING__MISSING__MISSING__,__MISSING__,MISSING__MISSING__MISSING__MISSING__MISSING__MISSING__,0
15084,max_glu_serum,__MISSING__MISSING__MISSING__MISSING__RARE__RARE__MISSING__,__MISSING__,MISSING__MISSING__MISSING__RARE__RARE__MISSING__,0
15097,max_glu_serum,__MISSING__3,__MISSING__,3,0
15230,max_glu_serum,__MISSING__MISSING__MISSING__MISSING__MISSING__,__MISSING__,MISSING__MISSING__MISSING__MISSING__,0
15368,max_glu_serum,__MISSING__RARE__MISSING__RARE__,__MISSING__,RARE__MISSING__RARE__,0
15412,max_glu_serum,__MISSING__MISSING__MISSING__RARE__MISSING__MISSING__MISSING__MISSING__,__MISSING__,MISSING__MISSING__RARE__MISSING__MISSING__MISSING__MISSING__,0
15434,max_glu_serum,__MISSING__MISSING__MISSING__RARE__MISSING__,__MISSING__,MISSING__MISSING__RARE__MISSING__,0
15502,max_glu_serum,__MISSING__RARE__RARE__MISSING__RARE__RARE__,__MISSING__,RARE__RARE__MISSING__RARE__RARE__,0
15559,max_glu_serum,__MISSING__MISSING__RARE__MISSING__MISSING__MISSING__RARE__,__MISSING__,MISSING__RARE__MISSING__MISSING__MISSING__RARE__,0
15591,max_glu_serum,__MISSING__MISSING__RARE__MISSING__MISSING__,__MISSING__,MISSING__RARE__MISSING__MISSING__,1
15601,max_glu_serum,__MISSING__MISSING__RARE__MISSING__RARE__MISSING__MISSING__MISSING__,__MISSING__,MISSING__RARE__MISSING__RARE__MISSING__MISSING__MISSING__,0
15710,max_glu_serum,__MISSING__MISSING__RARE__MISSING__MISSING__RARE__MISSING__,__MISSING__,MISSING__RARE__MISSING__MISSING__RARE__MISSING__,0
15724,max_glu_serum,__MISSING__RARE__MISSING__MISSING__,__MISSING__,RARE__MISSING__MISSING__,1
15749,max_glu_serum,__MISSING__MISSING__RARE__MISSING__,__MISSING__,MISSING__RARE__MISSING__,0
15756,max_glu_serum,__MISSING__MISSING__MISSING__MISSING__2,__MISSING__,MISSING__MISSING__MISSING__2,1
15883,max_glu_serum,__MISSING__MISSING__RARE__MISSING__MISSING__,__MISSING__,MISSING__RARE__MISSING__MISSING__,0
15896,max_glu_serum,__MISSING__MISSING__2,__MISSING__,MISSING__2,1
15898,max_glu_serum,__MISSING__RARE__MISSING__MISSING__,__MISSING__,RARE__MISSING__MISSING__,1
15919,max_glu_serum,__MISSING__MISSING__MISSING__RARE__MISSING__RARE__,__MISSING__,MISSING__MISSING__RARE__MISSING__RARE__,0
16055,max_glu_serum,__MISSING__RARE__MISSING__RARE__MISSING__RARE__2,__MISSING__,RARE__MISSING__RARE__MISSING__RARE__2,0
16064,max_glu_serum,__MISSING__MISSING__MISSING__3,__MISSING__,MISSING__MISSING__3,1
16135,max_glu_serum,__MISSING__MISSING__MISSING__RARE__MISSING__MISSING__MISSING__RARE__,__MISSING__,MISSING__MISSING__RARE__MISSING__MISSING__MISSING__RARE__,0
16169,max_glu_serum,__MISSING__RARE__MISSING__MISSING__MISSING__RARE__,__MISSING__,RARE__MISSING__MISSING__MISSING__RARE__,0
16204,max_glu_serum,__MISSING__MISSING__MISSING__MISSING__3,__MISSING__,MISSING__MISSING__MISSING__3,0
16209,max_glu_serum,__MISSING__MISSING__MISSING__MISSING__,__MISSING__,MISSING__MISSING__MISSING__,0
16221,max_glu_serum,__MISSING__MISSING__MISSING__MISSING__MISSING__2,__MISSING__,MISSING__MISSING__MISSING__MISSING__2,0
16229,max_glu_serum,__MISSING__MISSING__MISSING__MISSING__MISSING__MISSING__MISSING__MISSING__,__MISSING__,MISSING__MISSING__MISSING__MISSING__MISSING__MISSING__MISSING__,0
16232,max_glu_serum,__MISSING__MISSING__,__MISSING__,MISSING__,0
16248,max_glu_serum,__MISSING__MISSING__MISSING__MISSING__MISSING__2,__MISSING__,MISSING__MISSING__MISSING__MISSING__2,1
16273,max_glu_serum,__MISSING__MISSING__MISSING__RARE__MISSING__MISSING__MISSING__RARE__,__MISSING__,MISSING__MISSING__RARE__MISSING__MISSING__MISSING__RARE__,0
16297,max_glu_serum,__MISSING__MISSING__RARE__MISSING__MISSING__1,__MISSING__,MISSING__RARE__MISSING__MISSING__1,0
16302,max_glu_serum,__MISSING__MISSING__3,__MISSING__,MISSING__3,0
16332,max_glu_serum,__MISSING__MISSING__MISSING__MISSING__MISSING__,__MISSING__,MISSING__MISSING__MISSING__MISSING__,0
16399,max_glu_serum,__MISSING__MISSING__RARE__RARE__MISSING__RARE__,__MISSING__,MISSING__RARE__RARE__MISSING__RARE__,0
16522,max_glu_serum,__MISSING__MISSING__MISSING__MISSING__2,__MISSING__,MISSING__MISSING__MISSING__2,0
16524,max_glu_serum,__MISSING__MISSING__MISSING__MISSING__MISSING__MISSING__MISSING__RARE__,__MISSING__,MISSING__MISSING__MISSING__MISSING__MISSING__MISSING__RARE__,0
16527,max_glu_serum,__MISSING__MISSING__MISSING__MISSING__MISSING__MISSING__MISSING__,__MISSING__,MISSING__MISSING__MISSING__MISSING__MISSING__MISSING__,0
16556,max_glu_serum,__MISSING__MISSING__MISSING__MISSING__,__MISSING__,MISSING__MISSING__MISSING__,0
16692,max_glu_serum,__MISSING__MISSING__MISSING__MISSING__MISSING__,__MISSING__,MISSING__MISSING__MISSING__MISSING__,1
16695,max_glu_serum,__MISSING__MISSING__MISSING__MISSING__MISSING,__MISSING__,MISSING__MISSING__MISSING__MISSING,0
16751,max_glu_serum,__MISSING__MISSING__MISSING__RARE__MISSING__MISSING__,__MISSING__,MISSING__MISSING__RARE__MISSING__MISSING__,0
16753,max_glu_serum,__MISSING__MISSING__MISSING__MISSING__MISSING__MISSING__RARE__,__MISSING__,MISSING__MISSING__MISSING__MISSING__MISSING__RARE__,0
16785,max_glu_serum,__MISSING__MISSING__RARE__MISSING__MISSING__MISSING__,__MISSING__,MISSING__RARE__MISSING__MISSING__MISSING__,1
16944,max_glu_serum,__MISSING__MISSING__MISSING__,__MISSING__,MISSING__MISSING__,1
17122,max_glu_serum,__MISSING__MISSING__MISSING__MISSING__MISSING__MISSING__MISSING__MISSING__,__MISSING__,MISSING__MISSING__MISSING__MISSING__MISSING__MISSING__MISSING__,0
17144,max_glu_serum,__MISSING__MISSING__MISSING__RARE__MISSING__MISSING__,__MISSING__,MISSING__MISSING__RARE__MISSING__MISSING__,1
17166,max_glu_serum,__MISSING__MISSING__RARE__MISSING__,__MISSING__,MISSING__RARE__MISSING__,0
17187,max_glu_serum,__MISSING__RARE__MISSING__RARE__MISSING__RARE__MISSING__,__MISSING__,RARE__MISSING__RARE__MISSING__RARE__MISSING__,0
17360,max_glu_serum,__MISSING__RARE__MISSING__MISSING__RARE__MISSING__RARE__MISSING__,__MISSING__,RARE__MISSING__MISSING__RARE__MISSING__RARE__MISSING__,0
17379,max_glu_serum,__MISSING__MISSING__RARE__MISSING__MISSING__RARE__MISSING__MISSING__,__MISSING__,MISSING__RARE__MISSING__MISSING__RARE__MISSING__MISSING__,0
17470,max_glu_serum,__MISSING__MISSING__RARE__MISSING__MISSING__,__MISSING__,MISSING__RARE__MISSING__MISSING__,0
17546,max_glu_serum,__MISSING__MISSING__MISSING__MISSING__RARE__MISSING__,__MISSING__,MISSING__MISSING__MISSING__RARE__MISSING__,0
17630,max_glu_serum,__MISSING__RARE__MISSING__MISSING__MISSING__MISSING__RARE__,__MISSING__,RARE__MISSING__MISSING__MISSING__MISSING__RARE__,0
17639,max_glu_serum,__MISSING__MISSING__MISSING__MISSING__RARE__MISSING__MISSING__,__MISSING__,MISSING__MISSING__MISSING__RARE__MISSING__MISSING__,0
17819,max_glu_serum,__MISSING__MISSING__MISSING__RARE__MISSING__RARE__,__MISSING__,MISSING__MISSING__RARE__MISSING__RARE__,0
17857,max_glu_serum,__MISSING__MISSING__MISSING__MISSING__MISSING__MISSING__RARE__,__MISSING__,MISSING__MISSING__MISSING__MISSING__MISSING__RARE__,0
17935,max_glu_serum,__MISSING__MISSING__MISSING__MISSING__MISSING__RARE__,__MISSING__,MISSING__MISSING__MISSING__MISSING__RARE__,0
18124,max_glu_serum,__MISSING__RARE__MISSING__MISSING__,__MISSING__,RARE__MISSING__MISSING__,0
18135,max_glu_serum,__MISSING__MISSING__MISSING__RARE__,__MISSING__,MISSING__MISSING__RARE__,1
18160,max_glu_serum,__MISSING__MISSING__MISSING__RARE__MISSING__MISSING__MISSING__RARE__MISSING__,__MISSING__,MISSING__MISSING__RARE__MISSING__MISSING__MISSING__RARE__MISSING__,1
18179,max_glu_serum,__MISSING__MISSING__MISSING__RARE__RARE__MISSING__MISSING__RARE__MISSING__,__MISSING__,MISSING__MISSING__RARE__RARE__MISSING__MISSING__RARE__MISSING__,0
18233,max_glu_serum,__MISSING__MISSING__RARE__MISSING__MISSING__MISSING__MISSING__RARE__,__MISSING__,MISSING__RARE__MISSING__MISSING__MISSING__MISSING__RARE__,0
18256,max_glu_serum,__MISSING__MISSING__MISSING__,__MISSING__,MISSING__MISSING__,0
18274,max_glu_serum,__MISSING__MISSING__MISSING__3,__MISSING__,MISSING__MISSING__3,0
18364,max_glu_serum,__MISSING__MISSING__MISSING__MISSING__MISSING__,__MISSING__,MISSING__MISSING__MISSING__MISSING__,0
18380,max_glu_serum,__MISSING__MISSING__MISSING__MISSING__MISSING__RARE__MISSING__MISSING__,__MISSING__,MISSING__MISSING__MISSING__MISSING__RARE__MISSING__MISSING__,0
18447,max_glu_serum,__MISSING__MISSING__MISSING__MISSING__MISSING__MISSING__metformin,__MISSING__,MISSING__MISSING__MISSING__MISSING__MISSING__metformin,0
18556,max_glu_serum,__MISSING__MISSING__MISSING__RARE__MISSING__MISSING__RARE__,__MISSING__,MISSING__MISSING__RARE__MISSING__MISSING__RARE__,0
18610,max_glu_serum,__MISSING__RARE__MISSING__,__MISSING__,RARE__MISSING__,0
18625,max_glu_serum,__MISSING__MISSING__MISSING__MISSING__RARE__MISSING__MISSING__,__MISSING__,MISSING__MISSING__MISSING__RARE__MISSING__MISSING__,0
18685,max_glu_serum,__MISSING__MISSING__MISSING__MISSING__but acarbose,__MISSING__,MISSING__MISSING__MISSING__but acarbose,0
18744,max_glu_serum,__MISSING__MISSING__RARE__MISSING__MISSING__MISSING__MISSING__RARE__,__MISSING__,MISSING__RARE__MISSING__MISSING__MISSING__MISSING__RARE__,1
18796,max_glu_serum,__MISSING__MISSING__MISSING__MISSING__RARE__MISSING__MISSING__,__MISSING__,MISSING__MISSING__MISSING__RARE__MISSING__MISSING__,0
19020,max_glu_serum,__MISSING__MISSING__RARE__MISSING__MISSING__MISSING__RARE__,__MISSING__,MISSING__RARE__MISSING__MISSING__MISSING__RARE__,0
19080,max_glu_serum,__MISSING__MISSING__MISSING__MISSING__MISSING__MISSING__RARE__,__MISSING__,MISSING__MISSING__MISSING__MISSING__MISSING__RARE__,0
19205,max_glu_serum,__MISSING__MISSING__RARE__RARE__MISSING__MISSING__RARE__,__MISSING__,MISSING__RARE__RARE__MISSING__MISSING__RARE__,0
19335,max_glu_serum,__MISSING__MISSING__MISSING__2,__MISSING__,MISSING__MISSING__2,0
19354,max_glu_serum,__MISSING__MISSING__MISSING__,__MISSING__,MISSING__MISSING__,0
19369,max_glu_serum,__MISSING__MISSING__RARE__,__MISSING__,MISSING__RARE__,0
19541,max_glu_serum,__MISSING__MISSING__MISSING__MISSING__RARE__MISSING__RARE__,__MISSING__,MISSING__MISSING__MISSING__RARE__MISSING__RARE__,0
19542,max_glu_serum,__MISSING__MISSING__MISSING__RARE__MISSING__RARE__MISSING__MISSING__MISSING__,__MISSING__,MISSING__MISSING__RARE__MISSING__RARE__MISSING__MISSING__MISSING__,1
19569,max_glu_serum,__MISSING__MISSING__RARE__RARE__MISSING__,__MISSING__,MISSING__RARE__RARE__MISSING__,0
19637,max_glu_serum,__MISSING__MISSING__MISSING__MISSING__MISSING__RARE__MISSING__MISSING__,__MISSING__,MISSING__MISSING__MISSING__MISSING__RARE__MISSING__MISSING__,1
19749,max_glu_serum,__MISSING__MISSING__MISSING__MISSING__RARE__RARE__MISSING__,__MISSING__,MISSING__MISSING__MISSING__RARE__RARE__MISSING__,0
19873,max_glu_serum,__MISSING__MISSING__MISSING__MISSING__MISSING__,__MISSING__,MISSING__MISSING__MISSING__MISSING__,0
19922,max_glu_serum,__MISSING__MISSING__MISSING__MISSING__MISSING__MISSING__MISSING__MISSING__,__MISSING__,MISSING__MISSING__MISSING__MISSING__MISSING__MISSING__MISSING__,0
19943,max_glu_serum,__MISSING__MISSING__MISSING__MISSING__,__MISSING__,MISSING__MISSING__MISSING__,0
19991,max_glu_serum,__MISSING__MISSING__MISSING__MISSING__MISSING__MISSING__MISSING__RARE__,__MISSING__,MISSING__MISSING__MISSING__MISSING__MISSING__MISSING__RARE__,0
475,age,[70-80) discharge_disposition_id,[70-80), discharge_disposition_id,0
506,age,[80-90) diabetesMed,[80-90), diabetesMed,0
623,age,[60-70) diabetesMed,[60-70), diabetesMed,0
649,age,[50-60) diabetesMed,[50-60), diabetesMed,1
680,age,[80-90) diabetesMed,[80-90), diabetesMed,0
744,age,[70-80) number0,[70-80), number0,0
860,age,[60-70) diabetesMed,[60-70), diabetesMed,0
1064,age,[70-80) diabetesMed,[70-80), diabetesMed,1
1240,age,[60-70) discharge_disposition_id,[60-70), discharge_disposition_id,1
1328,age,[80-90) diabetesMed,[80-90), diabetesMed,0
1436,age,[50-60) race,[50-60), race,1
1445,age,[50-60) diabetesMed,[50-60), diabetesMed,0
1555,age,[80-90) diabetesMed,[80-90), diabetesMed,0
1561,age,[60-70) discharge_disposition_id,[60-70), discharge_disposition_id,0
1683,age,[80-90) diabetesMed,[80-90), diabetesMed,0
1704,age,[60-70) diabetesMed,[60-70), diabetesMed,0
1728,age,[50-60) A1Cresult,[50-60), A1Cresult,1
2042,age,[70-80) glipizide,[70-80), glipizide,0
2109,age,[80-90) discharge_disposition_id,[80-90), discharge_disposition_id,0
2150,age,[60-70) discharge_disposition_id,[60-70), discharge_disposition_id,0
2189,age,[50-60) admission_source_id,[50-60), admission_source_id,0
2377,age,[80-90) repaglinide,[80-90), repaglinide,0
2480,age,[70-80) num_procedures,[70-80), num_procedures,0
2512,age,[60-70) diabetesMed,[60-70), diabetesMed,0
2672,age,[70-80) diabetesMed,[70-80), diabetesMed,0
2825,age,[60-70) discharge_disposition_id,[60-70), discharge_disposition_id,0
3008,age,[50-60) num_procedures,[50-60), num_procedures,1
3072,age,[80-90) diabetesMed,[80-90), diabetesMed,0
3186,age,[50-60) number_emergency,[50-60), number_emergency,0
3187,age,[60-70) diabetesMed,[60-70), diabetesMed,0
3240,age,[60-70) diabetesMed,[60-70), diabetesMed,0
3242,age,[70-80) glipizide,[70-80), glipizide,1
3276,age,[40-50) insulin,[40-50), insulin,0
3278,age,[80-90) glipizide-metformin,[80-90), glipizide-metformin,0
3300,age,[70-80) diabetesMed,[70-80), diabetesMed,0
3321,age,[60-70) diabetesMed,[60-70), diabetesMed,0
3594,age,[80-90) discharge_disposition_id,[80-90), discharge_disposition_id,0
3705,age,[60-70) diabetesMed,[60-70), diabetesMed,0
3717,age,[60-70) discharge_disposition_id,[60-70), discharge_disposition_id,0
3805,age,[50-60) number_emergency,[50-60), number_emergency,0
3876,age,[70-80) diabetesMed,[70-80), diabetesMed,0
3903,age,[80-90) diabetesMed,[80-90), diabetesMed,0
3914,age,[50-60) pioglitazone,[50-60), pioglitazone,0
4096,age,[60-70) diabetesMed,[60-70), diabetesMed,0
4417,age,[70-80) diabetesMed,[70-80), diabetesMed,0
4570,age,[80-90) diabetesMed,[80-90), diabetesMed,0
4632,age,[50-60) diag_1,[50-60), diag_1,0
4653,age,[50-60) repaglinide,[50-60), repaglinide,0
4694,age,[80-90) glimepiride-pioglitazone,[80-90), glimepiride-pioglitazone,0
4742,age,[60-70) diabetesMed,[60-70), diabetesMed,0
4938,age,[40-50) repaglinide,[40-50), repaglinide,0
4969,age,[60-70) diabetesMed,[60-70), diabetesMed,0
4977,age,[50-60) diabetesMed,[50-60), diabetesMed,0
5026,age,[60-70) diabetesMed,[60-70), diabetesMed,0
5136,age,[70-80) diabetesMed,[70-80), diabetesMed,0
5282,age,[70-80) diabetesMed,[70-80), diabetesMed,0
5329,age,[50-60) A1Cresult,[50-60), A1Cresult,0
5332,age,[80-90) diabetesMed,[80-90), diabetesMed,1
5354,age,[50-60) A1Cresult,[50-60), A1Cresult,0
5600,age,[60-70) diabetesMed,[60-70), diabetesMed,0
5669,age,[60-70) discharge_disposition_id,[60-70), discharge_disposition_id,0
5792,age,[20-30) diabetesMed,[20-30), diabetesMed,0
5872,age,[60-70) discharge_disposition_id,[60-70), discharge_disposition_id,0
6072,age,[60-70) number_emergency,[60-70), number_emergency,0
6099,age,[70-80) discharge_disposition_id,[70-80), discharge_disposition_id,0
6121,age,[80-90) number_emergency,[80-90), number_emergency,0
6145,age,[70-80) diabetesMed,[70-80), diabetesMed,0
6177,age,[70-80) diabetesMed,[70-80), diabetesMed,0
6187,age,[60-70) pioglitazone,[60-70), pioglitazone,0
6231,age,[60-70) diabetesMed,[60-70), diabetesMed,0
6298,age,[90-100) repaglinide,[90-100), repaglinide,0
6313,age,[60-70) glyburide-metformin,[60-70), glyburide-metformin,0
6376,age,[50-60) discharge_disposition_id,[50-60), discharge_disposition_id,0
6407,age,[60-70) diabetesMed,[60-70), diabetesMed,0
6487,age,[80-90) discharge_disposition_id,[80-90), discharge_disposition_id,0
6566,age,[60-70) discharge_disposition_id,[60-70), discharge_disposition_id,0
6656,age,[80-90) diabetesMed,[80-90), diabetesMed,1
6883,age,[70-80) diabetesMed,[70-80), diabetesMed,1
6897,age,[70-80) diabetesMed,[70-80), diabetesMed,0
6957,age,[80-90) diabetesMed,[80-90), diabetesMed,0
6979,age,[50-60) race,[50-60), race,0
7086,age,[60-70) diabetesMed,[60-70), diabetesMed,0
7123,age,[70-80) num_procedures,[70-80), num_procedures,0
7373,age,[60-70) diabetesMed,[60-70), diabetesMed,0
7521,age,[50-60) diabetesMed,[50-60), diabetesMed,0
7526,age,[70-80) diabetesMed,[70-80), diabetesMed,1
7679,age,[60-70) diabetesMed,[60-70), diabetesMed,0
7685,age,[50-60) A1Cresult,[50-60), A1Cresult,0
7855,age,[70-80) diabetesMed,[70-80), diabetesMed,0
7892,age,[80-90) diabetesMed,[80-90), diabetesMed,0
7893,age,[60-70) diabetesMed,[60-70), diabetesMed,1
7943,age,[50-60) diabetesMed,[50-60), diabetesMed,0
7962,age,[40-50) diabetesMed,[40-50), diabetesMed,0
7969,age,[60-70) discharge_disposition_id,[60-70), discharge_disposition_id,0
8043,age,[60-70) diabetesMed,[60-70), diabetesMed,0
8156,age,[50-60) race,[50-60), race,1
8167,age,[70-80) diabetesMed,[70-80), diabetesMed,0
8199,age,[50-60) metformin-rosiglitazone,[50-60), metformin-rosiglitazone,0
8202,age,[50-60) diabetesMed,[50-60), diabetesMed,0
8211,age,[30-40) A1Cresult,[30-40), A1Cresult,0
8392,age,[70-80) diabetesMed,[70-80), diabetesMed,0
8471,age,[60-70) tolbutamide,[60-70), tolbutamide,0
8682,age,[70-80) A1Cresult,[70-80), A1Cresult,0
8807,age,[60-70) diabetesMed,[60-70), diabetesMed,1
8970,age,[60-70) diabetesMed,[60-70), diabetesMed,0
9055,age,[70-80) glipizide,[70-80), glipizide,0
9070,age,[70-80) diabetesMed,[70-80), diabetesMed,1
9207,age,[50-60) diag_3,[50-60), diag_3,0
9219,age,[70-80) discharge_disposition_id,[70-80), discharge_disposition_id,0
9222,age,[60-70) diabetesMed,[60-70), diabetesMed,0
9277,age,[80-90) diabetesMed,[80-90), diabetesMed,0
9635,age,[70-80) diabetesMed,[70-80), diabetesMed,0
9664,age,[70-80) diabetesMed,[70-80), diabetesMed,0
9990,age,[70-80) insulin,[70-80), insulin,0
10018,age,[80-90) diabetesMed,[80-90), diabetesMed,0
10133,age,[80-90) race,[80-90), race,0
10222,age,[80-90) discharge_disposition_id,[80-90), discharge_disposition_id,0
10262,age,[50-60) diabetesMed,[50-60), diabetesMed,0
10265,age,[80-90) diabetesMed,[80-90), diabetesMed,0
10281,age,[60-70) discharge_disposition_id,[60-70), discharge_disposition_id,0
10359,age,[70-80) diabetesMed,[70-80), diabetesMed,0
10440,age,[40-50) A1Cresult,[40-50), A1Cresult,0
10562,age,[70-80) diabetesMed,[70-80), diabetesMed,0
10674,age,[70-80) diabetesMed,[70-80), diabetesMed,0
10811,age,[60-70) discharge_disposition_id,[60-70), discharge_disposition_id,1
10836,age,[20-30) diabetesMed,[20-30), diabetesMed,0
10982,age,[50-60) discharge_disposition_id,[50-60), discharge_disposition_id,0
11047,age,[70-80) glipizide-metformin,[70-80), glipizide-metformin,0
11112,age,[70-80) discharge_disposition_id,[70-80), discharge_disposition_id,0
11254,age,[60-70) diabetesMed,[60-70), diabetesMed,0
11456,age,[70-80) diabetesMed,[70-80), diabetesMed,0
11508,age,[40-50) race,[40-50), race,0
11549,age,[40-50) discharge_disposition_id,[40-50), discharge_disposition_id,1
11576,age,[70-80) diabetesMed,[70-80), diabetesMed,0
11854,age,[70-80) discharge_disposition_id,[70-80), discharge_disposition_id,0
11995,age,[60-70) diabetesMed,[60-70), diabetesMed,0
12012,age,[60-70) discharge_disposition_id,[60-70), discharge_disposition_id,0
12037,age,[70-80) diabetesMed,[70-80), diabetesMed,1
12148,age,[80-90) diabetesMed,[80-90), diabetesMed,0
12163,age,[60-70) diabetesMed,[60-70), diabetesMed,0
12186,age,[70-80) diabetesMed,[70-80), diabetesMed,0
12202,age,[60-70) discharge_disposition_id,[60-70), discharge_disposition_id,0
12209,age,[70-80) insulin,[70-80), insulin,0
12546,age,[80-90) discharge_disposition_id,[80-90), discharge_disposition_id,0
12613,age,[50-60) age,[50-60), age,0
12782,age,[70-80) diabetesMed,[70-80), diabetesMed,0
12890,age,[50-60) time_in_hospital,[50-60), time_in_hospital,0
13007,age,[60-70) diabetesMed,[60-70), diabetesMed,0
13058,age,[80-90) diabetesMed,[80-90), diabetesMed,0
13312,age,[80-90) discharge_disposition_id,[80-90), discharge_disposition_id,1
13377,age,[70-80) diabetesMed,[70-80), diabetesMed,1
13489,age,[70-80) diabetesMed,[70-80), diabetesMed,1
13576,age,[60-70) diabetesMed,[60-70), diabetesMed,0
13653,age,[70-80) diabetesMed,[70-80), diabetesMed,0
13784,age,[90-100) diabetesMed,[90-100), diabetesMed,0
13797,age,[70-80) diabetesMed,[70-80), diabetesMed,0
13841,age,[60-70) diabetesMed,[60-70), diabetesMed,0
13852,age,[80-90) discharge_disposition_id,[80-90), discharge_disposition_id,0
13888,age,[60-70) diabetesMed,[60-70), diabetesMed,0
13912,age,[50-60) number_emergency,[50-60), number_emergency,0
13918,age,[30-40) glipizide-metformin,[30-40), glipizide-metformin,0
13956,age,[80-90) diabetesMed,[80-90), diabetesMed,0
13999,age,[70-80) repaglinide,[70-80), repaglinide,0
14067,age,[70-80) discharge_disposition_id,[70-80), discharge_disposition_id,1
14344,age,[70-80) insulin,[70-80), insulin,0
14439,age,[70-80) diabetesMed,[70-80), diabetesMed,1
14531,age,[60-70) diabetesMed,[60-70), diabetesMed,0
14617,age,[70-80) change,[70-80), change,0
14784,age,[60-70) diabetesMed,[60-70), diabetesMed,0
14903,age,[60-70) diabetesMed,[60-70), diabetesMed,0
14920,age,[80-90) diabetesMed,[80-90), diabetesMed,0
14943,age,[80-90) diabetesMed,[80-90), diabetesMed,0
14958,age,[60-70) discharge_disposition_id,[60-70), discharge_disposition_id,0
15011,age,[50-60) A1Cresult,[50-60), A1Cresult,0
15032,age,[70-80) diabetesMed,[70-80), diabetesMed,0
15041,age,[80-90) diabetesMed,[80-90), diabetesMed,0
15067,age,[60-70) diabetesMed,[60-70), diabetesMed,0
15077,age,[70-80) diabetesMed,[70-80), diabetesMed,0
15103,age,[80-90) discharge_disposition_id,[80-90), discharge_disposition_id,0
15321,age,[60-70) repaglinide,[60-70), repaglinide,0
15327,age,[70-80) diabetesMed,[70-80), diabetesMed,0
15349,age,[50-60) discharge_disposition_id,[50-60), discharge_disposition_id,0
15456,age,[40-50) num_procedures,[40-50), num_procedures,0
15489,age,[80-90) discharge_disposition_id,[80-90), discharge_disposition_id,0
15554,age,[70-80) diabetesMed,[70-80), diabetesMed,0
15564,age,[60-70) discharge_disposition_id,[60-70), discharge_disposition_id,1
15658,age,[40-50) nateglinide,[40-50), nateglinide,0
15776,age,[70-80) discharge_disposition_id,[70-80), discharge_disposition_id,0
15813,age,[60-70) diabetesMed,[60-70), diabetesMed,0
15868,age,[70-80) diabetesMed,[70-80), diabetesMed,0
16196,age,[60-70) diabetesMed,[60-70), diabetesMed,0
16286,age,[50-60) diabetesMed,[50-60), diabetesMed,0
16400,age,[50-60) diabetesMed,[50-60), diabetesMed,0
16601,age,[60-70) diabetesMed,[60-70), diabetesMed,0
16627,age,[50-60) repaglinide,[50-60), repaglinide,0
16744,age,[60-70) diabetesMed,[60-70), diabetesMed,0
16872,age,[70-80) diabetesMed,[70-80), diabetesMed,1
16992,age,[80-90) miglitol,[80-90), miglitol,0
16995,age,[70-80) discharge_disposition_id,[70-80), discharge_disposition_id,1
17028,age,[80-90) diabetesMed,[80-90), diabetesMed,0
17035,age,[60-70) discharge_disposition_id,[60-70), discharge_disposition_id,1
17152,age,[60-70) discharge_disposition_id,[60-70), discharge_disposition_id,0
17209,age,[60-70) diabetesMed,[60-70), diabetesMed,0
17531,age,[40-50) race,[40-50), race,0
17532,age,[40-50) number_emergency,[40-50), number_emergency,0
17623,age,[80-90) discharge_disposition_id,[80-90), discharge_disposition_id,0
17636,age,[70-80) repaglinide,[70-80), repaglinide,0
17725,age,[80-90) repaglinide,[80-90), repaglinide,0
17876,age,[70-80) discharge_disposition_id,[70-80), discharge_disposition_id,0
17893,age,[70-80) number_emergency,[70-80), number_emergency,0
17963,age,[60-70) diabetesMed,[60-70), diabetesMed,0
18159,age,[60-70) diabetesMed,[60-70), diabetesMed,0
18194,age,[80-90) diabetesMed,[80-90), diabetesMed,1
18230,age,[80-90) discharge_disposition_id,[80-90), discharge_disposition_id,0
18306,age,[70-80) diabetesMed,[70-80), diabetesMed,0
18547,age,[50-60) acarbose,[50-60), acarbose,1
18750,age,[50-60) diabetesMed,[50-60), diabetesMed,0
18800,age,[60-70) diabetesMed,[60-70), diabetesMed,1
18932,age,[70-80) repaglinide,[70-80), repaglinide,0
19036,age,[70-80) number_emergency,[70-80), number_emergency,0
19239,age,[50-60) insulin,[50-60), insulin,0
19253,age,[70-80) race,[70-80), race,0
19290,age,[80-90) diabetesMed,[80-90), diabetesMed,1
19343,age,[60-70) discharge_disposition_id,[60-70), discharge_disposition_id,0
19368,age,[70-80) number_emergency,[70-80), number_emergency,0
19414,age,[60-70) diabetesMed,[60-70), diabetesMed,0
19539,age,[60-70) diabetesMed,[60-70), diabetesMed,1
19583,age,[70-80) diabetesMed,[70-80), diabetesMed,1
19591,age,[80-90) discharge_disposition_id,[80-90), discharge_disposition_id,0
19625,age,[60-70) discharge_disposition_id,[60-70), discharge_disposition_id,1
19694,age,[60-70) diabetesMed,[60-70), diabetesMed,0
19787,age,[70-80) diabetesMed,[70-80), diabetesMed,0
19893,age,[0-10) A1Cresult,[0-10), A1Cresult,0
19941,age,[80-90) discharge_disposition_id,[80-90), discharge_disposition_id,0
391,race,__MISSING__MISSING__MISSING__RARE__RARE__MISSING__MISSING__,__MISSING__,MISSING__MISSING__RARE__RARE__MISSING__MISSING__,0
9715,race,__MISSING__MISSING__MISSING__MISSING__MISSING__1,__MISSING__,MISSING__MISSING__MISSING__MISSING__1,0
16107,race,__MISSING__MISSING__RARE__MISSING__MISSING__MISSING__RARE__,__MISSING__,MISSING__RARE__MISSING__MISSING__MISSING__RARE__,0
18229,race,__MISSING__RARE__MISSING__RARE__MISSING__RARE__MISSING__,__MISSING__,RARE__MISSING__RARE__MISSING__RARE__MISSING__,0
